[2026-04-24T16:59:14+00:00] autoresearch loop started
[2026-04-24T16:59:14+00:00] launched c25-alpha-r000: Relaunch text-alpha strong stress ratio 0.00 after run-id collision fix.
[2026-04-24T16:59:15+00:00] launched c25-alpha-r025: Relaunch text-alpha strong stress ratio 0.25 after run-id collision fix.
[2026-04-24T16:59:15+00:00] launched c25-alpha-moderate-r010: Check whether text-alpha only fails under strong stress or also moderate stress.
[2026-04-24T16:59:15+00:00] eval 20260424T141533Z-c0-canvas-960x544-s1500	still-full-resize	quality_fail	364.071ms	ocr=0.7397
[2026-04-24T16:59:15+00:00] eval 20260424T141858Z-c0-canvas-960x544-s5000	still-full-resize	quality_fail	396.555ms	ocr=0.7281
[2026-04-24T16:59:15+00:00] eval 20260424T142739Z-c2-lite-960x544-s3000	still-full-resize	quality_fail	530.142ms	ocr=0.8326
[2026-04-24T16:59:15+00:00] eval 20260424T145821Z-c2-lite-glyph-960x544-s4000	still-full-resize	quality_fail	567.599ms	ocr=0.8288
[2026-04-24T16:59:15+00:00] eval 20260424T151017Z-c2-lite-text-1280x736-s4500	still-full-resize	pass	935.276ms	ocr=0.8545
[2026-04-24T16:59:15+00:00] eval 20260424T152249Z-c2-lite-text-frame-scale-1280x736-s4500	frame-scale-strong	quality_fail	553.306ms	ocr=0.0000
[2026-04-24T16:59:15+00:00] eval 20260424T152418Z-c2-lite-text-frame-scale-1280x736-s4500	frame-scale-moderate	quality_fail	558.141ms	ocr=0.1053
[2026-04-24T16:59:15+00:00] eval 20260424T153539Z-c2-lite-text-static-layout-frame-scale-1280x736-s4500	frame-scale-moderate	pass	541.976ms	ocr=0.7091
[2026-04-24T16:59:15+00:00] eval 20260424T153736Z-c2-lite-text-static-layout-frame-scale-1280x736-s4500	frame-scale-strong	pass	559.048ms	ocr=0.3610
[2026-04-24T16:59:15+00:00] eval 20260424T155703Z-c2-lite-text-static-layout-element-frame-scale-1280x736-s4500	frame-scale-moderate	pass	686.369ms	ocr=0.7321
[2026-04-24T16:59:15+00:00] eval 20260424T155913Z-c2-lite-text-static-layout-element-frame-scale-1280x736-s4500	frame-scale-strong	pass	947.475ms	ocr=0.4124
[2026-04-24T16:59:15+00:00] eval 20260424T165342Z-c2-lite-text-responsive-squeeze-1280x736-s4500	responsive-squeeze	pass	575.923ms	ocr=0.7265
[2026-04-24T16:59:15+00:00] eval 20260424T165342Z-c2-lite-text-static-layout-element-frame-scale-1536x864-s5500	frame-scale-strong	quality_fail	678.824ms	ocr=0.0824
[2026-04-24T16:59:15+00:00] eval 20260424T165508Z-c2-lite-text-static-layout-element-frame-scale-1280x736-s4500	frame-scale-strong	quality_fail	654.193ms	ocr=0.0982
[2026-04-24T16:59:15+00:00] eval 20260424T165529Z-c2-lite-text-static-layout-element-frame-scale-1280x736-s4500	frame-scale-strong	quality_fail	655.405ms	ocr=0.0468
[2026-04-24T16:59:15+00:00] eval WROTE docs/experiments/track-c/eval-results.tsv
[2026-04-24T17:04:15+00:00] launched c25-rectangle-r010: Rectangle anchor ratio 0.10 control to separate alpha-mask failure from scale-ratio behavior.
[2026-04-24T17:04:15+00:00] launched c25-responsive-strong: Stronger responsive-squeeze boundary after the first responsive-squeeze pass.
[2026-04-24T17:04:16+00:00] eval 20260424T141533Z-c0-canvas-960x544-s1500	still-full-resize	quality_fail	364.071ms	ocr=0.7397
[2026-04-24T17:04:16+00:00] eval 20260424T141858Z-c0-canvas-960x544-s5000	still-full-resize	quality_fail	396.555ms	ocr=0.7281
[2026-04-24T17:04:16+00:00] eval 20260424T142739Z-c2-lite-960x544-s3000	still-full-resize	quality_fail	530.142ms	ocr=0.8326
[2026-04-24T17:04:16+00:00] eval 20260424T145821Z-c2-lite-glyph-960x544-s4000	still-full-resize	quality_fail	567.599ms	ocr=0.8288
[2026-04-24T17:04:16+00:00] eval 20260424T151017Z-c2-lite-text-1280x736-s4500	still-full-resize	pass	935.276ms	ocr=0.8545
[2026-04-24T17:04:16+00:00] eval 20260424T152249Z-c2-lite-text-frame-scale-1280x736-s4500	frame-scale-strong	quality_fail	553.306ms	ocr=0.0000
[2026-04-24T17:04:16+00:00] eval 20260424T152418Z-c2-lite-text-frame-scale-1280x736-s4500	frame-scale-moderate	quality_fail	558.141ms	ocr=0.1053
[2026-04-24T17:04:16+00:00] eval 20260424T153539Z-c2-lite-text-static-layout-frame-scale-1280x736-s4500	frame-scale-moderate	pass	541.976ms	ocr=0.7091
[2026-04-24T17:04:16+00:00] eval 20260424T153736Z-c2-lite-text-static-layout-frame-scale-1280x736-s4500	frame-scale-strong	pass	559.048ms	ocr=0.3610
[2026-04-24T17:04:16+00:00] eval 20260424T155703Z-c2-lite-text-static-layout-element-frame-scale-1280x736-s4500	frame-scale-moderate	pass	686.369ms	ocr=0.7321
[2026-04-24T17:04:16+00:00] eval 20260424T155913Z-c2-lite-text-static-layout-element-frame-scale-1280x736-s4500	frame-scale-strong	pass	947.475ms	ocr=0.4124
[2026-04-24T17:04:16+00:00] eval 20260424T165342Z-c2-lite-text-responsive-squeeze-1280x736-s4500	responsive-squeeze	pass	575.923ms	ocr=0.7265
[2026-04-24T17:04:16+00:00] eval 20260424T165342Z-c2-lite-text-static-layout-element-frame-scale-1536x864-s5500	frame-scale-strong	quality_fail	678.824ms	ocr=0.0824
[2026-04-24T17:04:16+00:00] eval 20260424T165508Z-c2-lite-text-static-layout-element-frame-scale-1280x736-s4500	frame-scale-strong	quality_fail	654.193ms	ocr=0.0982
[2026-04-24T17:04:16+00:00] eval 20260424T165529Z-c2-lite-text-static-layout-element-frame-scale-1280x736-s4500	frame-scale-strong	quality_fail	655.405ms	ocr=0.0468
[2026-04-24T17:04:16+00:00] eval 20260424T165916796904Z-c2-lite-text-static-layout-element-frame-scale-c25-alpha-r000-1280x736-s4500	frame-scale-strong	quality_fail	658.768ms	ocr=0.0759
[2026-04-24T17:04:16+00:00] eval 20260424T165916869371Z-c2-lite-text-static-layout-element-frame-scale-c25-alpha-r025-1280x736-s4500	frame-scale-strong	quality_fail	710.178ms	ocr=0.0597
[2026-04-24T17:04:16+00:00] eval 20260424T165916871669Z-c2-lite-text-static-layout-element-frame-scale-c25-alpha-moderate-r010-1280x736-s4500	frame-scale-moderate	quality_fail	655.525ms	ocr=0.1183
[2026-04-24T17:04:16+00:00] eval WROTE docs/experiments/track-c/eval-results.tsv
[2026-04-24T17:09:17+00:00] eval 20260424T141533Z-c0-canvas-960x544-s1500	still-full-resize	quality_fail	364.071ms	ocr=0.7397
[2026-04-24T17:09:17+00:00] eval 20260424T141858Z-c0-canvas-960x544-s5000	still-full-resize	quality_fail	396.555ms	ocr=0.7281
[2026-04-24T17:09:17+00:00] eval 20260424T142739Z-c2-lite-960x544-s3000	still-full-resize	quality_fail	530.142ms	ocr=0.8326
[2026-04-24T17:09:17+00:00] eval 20260424T145821Z-c2-lite-glyph-960x544-s4000	still-full-resize	quality_fail	567.599ms	ocr=0.8288
[2026-04-24T17:09:17+00:00] eval 20260424T151017Z-c2-lite-text-1280x736-s4500	still-full-resize	pass	935.276ms	ocr=0.8545
[2026-04-24T17:09:17+00:00] eval 20260424T152249Z-c2-lite-text-frame-scale-1280x736-s4500	frame-scale-strong	quality_fail	553.306ms	ocr=0.0000
[2026-04-24T17:09:17+00:00] eval 20260424T152418Z-c2-lite-text-frame-scale-1280x736-s4500	frame-scale-moderate	quality_fail	558.141ms	ocr=0.1053
[2026-04-24T17:09:17+00:00] eval 20260424T153539Z-c2-lite-text-static-layout-frame-scale-1280x736-s4500	frame-scale-moderate	pass	541.976ms	ocr=0.7091
[2026-04-24T17:09:17+00:00] eval 20260424T153736Z-c2-lite-text-static-layout-frame-scale-1280x736-s4500	frame-scale-strong	pass	559.048ms	ocr=0.3610
[2026-04-24T17:09:17+00:00] eval 20260424T155703Z-c2-lite-text-static-layout-element-frame-scale-1280x736-s4500	frame-scale-moderate	pass	686.369ms	ocr=0.7321
[2026-04-24T17:09:17+00:00] eval 20260424T155913Z-c2-lite-text-static-layout-element-frame-scale-1280x736-s4500	frame-scale-strong	pass	947.475ms	ocr=0.4124
[2026-04-24T17:09:17+00:00] eval 20260424T165342Z-c2-lite-text-responsive-squeeze-1280x736-s4500	responsive-squeeze	pass	575.923ms	ocr=0.7265
[2026-04-24T17:09:17+00:00] eval 20260424T165342Z-c2-lite-text-static-layout-element-frame-scale-1536x864-s5500	frame-scale-strong	quality_fail	678.824ms	ocr=0.0824
[2026-04-24T17:09:17+00:00] eval 20260424T165508Z-c2-lite-text-static-layout-element-frame-scale-1280x736-s4500	frame-scale-strong	quality_fail	654.193ms	ocr=0.0982
[2026-04-24T17:09:17+00:00] eval 20260424T165529Z-c2-lite-text-static-layout-element-frame-scale-1280x736-s4500	frame-scale-strong	quality_fail	655.405ms	ocr=0.0468
[2026-04-24T17:09:17+00:00] eval 20260424T165916796904Z-c2-lite-text-static-layout-element-frame-scale-c25-alpha-r000-1280x736-s4500	frame-scale-strong	quality_fail	658.768ms	ocr=0.0759
[2026-04-24T17:09:17+00:00] eval 20260424T165916869371Z-c2-lite-text-static-layout-element-frame-scale-c25-alpha-r025-1280x736-s4500	frame-scale-strong	quality_fail	710.178ms	ocr=0.0597
[2026-04-24T17:09:17+00:00] eval 20260424T165916871669Z-c2-lite-text-static-layout-element-frame-scale-c25-alpha-moderate-r010-1280x736-s4500	frame-scale-moderate	quality_fail	655.525ms	ocr=0.1183
[2026-04-24T17:09:17+00:00] eval 20260424T170416744300Z-c2-lite-text-responsive-squeeze-c25-responsive-strong-1280x736-s4500	responsive-squeeze	pass	547.337ms	ocr=0.4178
[2026-04-24T17:09:17+00:00] eval 20260424T170416775674Z-c2-lite-text-static-layout-element-frame-scale-c25-rectangle-r010-1280x736-s4500	frame-scale-strong	pass	669.494ms	ocr=0.4195
[2026-04-24T17:09:17+00:00] eval WROTE docs/experiments/track-c/eval-results.tsv
[2026-04-24T17:14:18+00:00] eval 20260424T141533Z-c0-canvas-960x544-s1500	still-full-resize	quality_fail	364.071ms	ocr=0.7397
[2026-04-24T17:14:18+00:00] eval 20260424T141858Z-c0-canvas-960x544-s5000	still-full-resize	quality_fail	396.555ms	ocr=0.7281
[2026-04-24T17:14:18+00:00] eval 20260424T142739Z-c2-lite-960x544-s3000	still-full-resize	quality_fail	530.142ms	ocr=0.8326
[2026-04-24T17:14:18+00:00] eval 20260424T145821Z-c2-lite-glyph-960x544-s4000	still-full-resize	quality_fail	567.599ms	ocr=0.8288
[2026-04-24T17:14:18+00:00] eval 20260424T151017Z-c2-lite-text-1280x736-s4500	still-full-resize	pass	935.276ms	ocr=0.8545
[2026-04-24T17:14:18+00:00] eval 20260424T152249Z-c2-lite-text-frame-scale-1280x736-s4500	frame-scale-strong	quality_fail	553.306ms	ocr=0.0000
[2026-04-24T17:14:18+00:00] eval 20260424T152418Z-c2-lite-text-frame-scale-1280x736-s4500	frame-scale-moderate	quality_fail	558.141ms	ocr=0.1053
[2026-04-24T17:14:18+00:00] eval 20260424T153539Z-c2-lite-text-static-layout-frame-scale-1280x736-s4500	frame-scale-moderate	pass	541.976ms	ocr=0.7091
[2026-04-24T17:14:18+00:00] eval 20260424T153736Z-c2-lite-text-static-layout-frame-scale-1280x736-s4500	frame-scale-strong	pass	559.048ms	ocr=0.3610
[2026-04-24T17:14:18+00:00] eval 20260424T155703Z-c2-lite-text-static-layout-element-frame-scale-1280x736-s4500	frame-scale-moderate	pass	686.369ms	ocr=0.7321
[2026-04-24T17:14:18+00:00] eval 20260424T155913Z-c2-lite-text-static-layout-element-frame-scale-1280x736-s4500	frame-scale-strong	pass	947.475ms	ocr=0.4124
[2026-04-24T17:14:18+00:00] eval 20260424T165342Z-c2-lite-text-responsive-squeeze-1280x736-s4500	responsive-squeeze	pass	575.923ms	ocr=0.7265
[2026-04-24T17:14:18+00:00] eval 20260424T165342Z-c2-lite-text-static-layout-element-frame-scale-1536x864-s5500	frame-scale-strong	quality_fail	678.824ms	ocr=0.0824
[2026-04-24T17:14:18+00:00] eval 20260424T165508Z-c2-lite-text-static-layout-element-frame-scale-1280x736-s4500	frame-scale-strong	quality_fail	654.193ms	ocr=0.0982
[2026-04-24T17:14:18+00:00] eval 20260424T165529Z-c2-lite-text-static-layout-element-frame-scale-1280x736-s4500	frame-scale-strong	quality_fail	655.405ms	ocr=0.0468
[2026-04-24T17:14:18+00:00] eval 20260424T165916796904Z-c2-lite-text-static-layout-element-frame-scale-c25-alpha-r000-1280x736-s4500	frame-scale-strong	quality_fail	658.768ms	ocr=0.0759
[2026-04-24T17:14:18+00:00] eval 20260424T165916869371Z-c2-lite-text-static-layout-element-frame-scale-c25-alpha-r025-1280x736-s4500	frame-scale-strong	quality_fail	710.178ms	ocr=0.0597
[2026-04-24T17:14:18+00:00] eval 20260424T165916871669Z-c2-lite-text-static-layout-element-frame-scale-c25-alpha-moderate-r010-1280x736-s4500	frame-scale-moderate	quality_fail	655.525ms	ocr=0.1183
[2026-04-24T17:14:18+00:00] eval 20260424T170416744300Z-c2-lite-text-responsive-squeeze-c25-responsive-strong-1280x736-s4500	responsive-squeeze	pass	547.337ms	ocr=0.4178
[2026-04-24T17:14:18+00:00] eval 20260424T170416775674Z-c2-lite-text-static-layout-element-frame-scale-c25-rectangle-r010-1280x736-s4500	frame-scale-strong	pass	669.494ms	ocr=0.4195
[2026-04-24T17:14:18+00:00] eval WROTE docs/experiments/track-c/eval-results.tsv
[2026-04-24T17:19:19+00:00] eval 20260424T141533Z-c0-canvas-960x544-s1500	still-full-resize	quality_fail	364.071ms	ocr=0.7397
[2026-04-24T17:19:19+00:00] eval 20260424T141858Z-c0-canvas-960x544-s5000	still-full-resize	quality_fail	396.555ms	ocr=0.7281
[2026-04-24T17:19:19+00:00] eval 20260424T142739Z-c2-lite-960x544-s3000	still-full-resize	quality_fail	530.142ms	ocr=0.8326
[2026-04-24T17:19:19+00:00] eval 20260424T145821Z-c2-lite-glyph-960x544-s4000	still-full-resize	quality_fail	567.599ms	ocr=0.8288
[2026-04-24T17:19:19+00:00] eval 20260424T151017Z-c2-lite-text-1280x736-s4500	still-full-resize	pass	935.276ms	ocr=0.8545
[2026-04-24T17:19:19+00:00] eval 20260424T152249Z-c2-lite-text-frame-scale-1280x736-s4500	frame-scale-strong	quality_fail	553.306ms	ocr=0.0000
[2026-04-24T17:19:19+00:00] eval 20260424T152418Z-c2-lite-text-frame-scale-1280x736-s4500	frame-scale-moderate	quality_fail	558.141ms	ocr=0.1053
[2026-04-24T17:19:19+00:00] eval 20260424T153539Z-c2-lite-text-static-layout-frame-scale-1280x736-s4500	frame-scale-moderate	pass	541.976ms	ocr=0.7091
[2026-04-24T17:19:19+00:00] eval 20260424T153736Z-c2-lite-text-static-layout-frame-scale-1280x736-s4500	frame-scale-strong	pass	559.048ms	ocr=0.3610
[2026-04-24T17:19:19+00:00] eval 20260424T155703Z-c2-lite-text-static-layout-element-frame-scale-1280x736-s4500	frame-scale-moderate	pass	686.369ms	ocr=0.7321
[2026-04-24T17:19:19+00:00] eval 20260424T155913Z-c2-lite-text-static-layout-element-frame-scale-1280x736-s4500	frame-scale-strong	pass	947.475ms	ocr=0.4124
[2026-04-24T17:19:19+00:00] eval 20260424T165342Z-c2-lite-text-responsive-squeeze-1280x736-s4500	responsive-squeeze	pass	575.923ms	ocr=0.7265
[2026-04-24T17:19:19+00:00] eval 20260424T165342Z-c2-lite-text-static-layout-element-frame-scale-1536x864-s5500	frame-scale-strong	quality_fail	678.824ms	ocr=0.0824
[2026-04-24T17:19:19+00:00] eval 20260424T165508Z-c2-lite-text-static-layout-element-frame-scale-1280x736-s4500	frame-scale-strong	quality_fail	654.193ms	ocr=0.0982
[2026-04-24T17:19:19+00:00] eval 20260424T165529Z-c2-lite-text-static-layout-element-frame-scale-1280x736-s4500	frame-scale-strong	quality_fail	655.405ms	ocr=0.0468
[2026-04-24T17:19:19+00:00] eval 20260424T165916796904Z-c2-lite-text-static-layout-element-frame-scale-c25-alpha-r000-1280x736-s4500	frame-scale-strong	quality_fail	658.768ms	ocr=0.0759
[2026-04-24T17:19:19+00:00] eval 20260424T165916869371Z-c2-lite-text-static-layout-element-frame-scale-c25-alpha-r025-1280x736-s4500	frame-scale-strong	quality_fail	710.178ms	ocr=0.0597
[2026-04-24T17:19:19+00:00] eval 20260424T165916871669Z-c2-lite-text-static-layout-element-frame-scale-c25-alpha-moderate-r010-1280x736-s4500	frame-scale-moderate	quality_fail	655.525ms	ocr=0.1183
[2026-04-24T17:19:19+00:00] eval 20260424T170416744300Z-c2-lite-text-responsive-squeeze-c25-responsive-strong-1280x736-s4500	responsive-squeeze	pass	547.337ms	ocr=0.4178
[2026-04-24T17:19:19+00:00] eval 20260424T170416775674Z-c2-lite-text-static-layout-element-frame-scale-c25-rectangle-r010-1280x736-s4500	frame-scale-strong	pass	669.494ms	ocr=0.4195
[2026-04-24T17:19:19+00:00] eval WROTE docs/experiments/track-c/eval-results.tsv
[2026-04-24T17:24:20+00:00] eval 20260424T141533Z-c0-canvas-960x544-s1500	still-full-resize	quality_fail	364.071ms	ocr=0.7397
[2026-04-24T17:24:20+00:00] eval 20260424T141858Z-c0-canvas-960x544-s5000	still-full-resize	quality_fail	396.555ms	ocr=0.7281
[2026-04-24T17:24:20+00:00] eval 20260424T142739Z-c2-lite-960x544-s3000	still-full-resize	quality_fail	530.142ms	ocr=0.8326
[2026-04-24T17:24:20+00:00] eval 20260424T145821Z-c2-lite-glyph-960x544-s4000	still-full-resize	quality_fail	567.599ms	ocr=0.8288
[2026-04-24T17:24:20+00:00] eval 20260424T151017Z-c2-lite-text-1280x736-s4500	still-full-resize	pass	935.276ms	ocr=0.8545
[2026-04-24T17:24:20+00:00] eval 20260424T152249Z-c2-lite-text-frame-scale-1280x736-s4500	frame-scale-strong	quality_fail	553.306ms	ocr=0.0000
[2026-04-24T17:24:20+00:00] eval 20260424T152418Z-c2-lite-text-frame-scale-1280x736-s4500	frame-scale-moderate	quality_fail	558.141ms	ocr=0.1053
[2026-04-24T17:24:20+00:00] eval 20260424T153539Z-c2-lite-text-static-layout-frame-scale-1280x736-s4500	frame-scale-moderate	pass	541.976ms	ocr=0.7091
[2026-04-24T17:24:20+00:00] eval 20260424T153736Z-c2-lite-text-static-layout-frame-scale-1280x736-s4500	frame-scale-strong	pass	559.048ms	ocr=0.3610
[2026-04-24T17:24:20+00:00] eval 20260424T155703Z-c2-lite-text-static-layout-element-frame-scale-1280x736-s4500	frame-scale-moderate	pass	686.369ms	ocr=0.7321
[2026-04-24T17:24:20+00:00] eval 20260424T155913Z-c2-lite-text-static-layout-element-frame-scale-1280x736-s4500	frame-scale-strong	pass	947.475ms	ocr=0.4124
[2026-04-24T17:24:20+00:00] eval 20260424T165342Z-c2-lite-text-responsive-squeeze-1280x736-s4500	responsive-squeeze	pass	575.923ms	ocr=0.7265
[2026-04-24T17:24:20+00:00] eval 20260424T165342Z-c2-lite-text-static-layout-element-frame-scale-1536x864-s5500	frame-scale-strong	quality_fail	678.824ms	ocr=0.0824
[2026-04-24T17:24:20+00:00] eval 20260424T165508Z-c2-lite-text-static-layout-element-frame-scale-1280x736-s4500	frame-scale-strong	quality_fail	654.193ms	ocr=0.0982
[2026-04-24T17:24:20+00:00] eval 20260424T165529Z-c2-lite-text-static-layout-element-frame-scale-1280x736-s4500	frame-scale-strong	quality_fail	655.405ms	ocr=0.0468
[2026-04-24T17:24:20+00:00] eval 20260424T165916796904Z-c2-lite-text-static-layout-element-frame-scale-c25-alpha-r000-1280x736-s4500	frame-scale-strong	quality_fail	658.768ms	ocr=0.0759
[2026-04-24T17:24:20+00:00] eval 20260424T165916869371Z-c2-lite-text-static-layout-element-frame-scale-c25-alpha-r025-1280x736-s4500	frame-scale-strong	quality_fail	710.178ms	ocr=0.0597
[2026-04-24T17:24:20+00:00] eval 20260424T165916871669Z-c2-lite-text-static-layout-element-frame-scale-c25-alpha-moderate-r010-1280x736-s4500	frame-scale-moderate	quality_fail	655.525ms	ocr=0.1183
[2026-04-24T17:24:20+00:00] eval 20260424T170416744300Z-c2-lite-text-responsive-squeeze-c25-responsive-strong-1280x736-s4500	responsive-squeeze	pass	547.337ms	ocr=0.4178
[2026-04-24T17:24:20+00:00] eval 20260424T170416775674Z-c2-lite-text-static-layout-element-frame-scale-c25-rectangle-r010-1280x736-s4500	frame-scale-strong	pass	669.494ms	ocr=0.4195
[2026-04-24T17:24:20+00:00] eval WROTE docs/experiments/track-c/eval-results.tsv
[2026-04-24T17:29:21+00:00] eval 20260424T141533Z-c0-canvas-960x544-s1500	still-full-resize	quality_fail	364.071ms	ocr=0.7397
[2026-04-24T17:29:21+00:00] eval 20260424T141858Z-c0-canvas-960x544-s5000	still-full-resize	quality_fail	396.555ms	ocr=0.7281
[2026-04-24T17:29:21+00:00] eval 20260424T142739Z-c2-lite-960x544-s3000	still-full-resize	quality_fail	530.142ms	ocr=0.8326
[2026-04-24T17:29:21+00:00] eval 20260424T145821Z-c2-lite-glyph-960x544-s4000	still-full-resize	quality_fail	567.599ms	ocr=0.8288
[2026-04-24T17:29:21+00:00] eval 20260424T151017Z-c2-lite-text-1280x736-s4500	still-full-resize	pass	935.276ms	ocr=0.8545
[2026-04-24T17:29:21+00:00] eval 20260424T152249Z-c2-lite-text-frame-scale-1280x736-s4500	frame-scale-strong	quality_fail	553.306ms	ocr=0.0000
[2026-04-24T17:29:21+00:00] eval 20260424T152418Z-c2-lite-text-frame-scale-1280x736-s4500	frame-scale-moderate	quality_fail	558.141ms	ocr=0.1053
[2026-04-24T17:29:21+00:00] eval 20260424T153539Z-c2-lite-text-static-layout-frame-scale-1280x736-s4500	frame-scale-moderate	pass	541.976ms	ocr=0.7091
[2026-04-24T17:29:21+00:00] eval 20260424T153736Z-c2-lite-text-static-layout-frame-scale-1280x736-s4500	frame-scale-strong	pass	559.048ms	ocr=0.3610
[2026-04-24T17:29:21+00:00] eval 20260424T155703Z-c2-lite-text-static-layout-element-frame-scale-1280x736-s4500	frame-scale-moderate	pass	686.369ms	ocr=0.7321
[2026-04-24T17:29:21+00:00] eval 20260424T155913Z-c2-lite-text-static-layout-element-frame-scale-1280x736-s4500	frame-scale-strong	pass	947.475ms	ocr=0.4124
[2026-04-24T17:29:21+00:00] eval 20260424T165342Z-c2-lite-text-responsive-squeeze-1280x736-s4500	responsive-squeeze	pass	575.923ms	ocr=0.7265
[2026-04-24T17:29:21+00:00] eval 20260424T165342Z-c2-lite-text-static-layout-element-frame-scale-1536x864-s5500	frame-scale-strong	quality_fail	678.824ms	ocr=0.0824
[2026-04-24T17:29:21+00:00] eval 20260424T165508Z-c2-lite-text-static-layout-element-frame-scale-1280x736-s4500	frame-scale-strong	quality_fail	654.193ms	ocr=0.0982
[2026-04-24T17:29:21+00:00] eval 20260424T165529Z-c2-lite-text-static-layout-element-frame-scale-1280x736-s4500	frame-scale-strong	quality_fail	655.405ms	ocr=0.0468
[2026-04-24T17:29:21+00:00] eval 20260424T165916796904Z-c2-lite-text-static-layout-element-frame-scale-c25-alpha-r000-1280x736-s4500	frame-scale-strong	quality_fail	658.768ms	ocr=0.0759
[2026-04-24T17:29:21+00:00] eval 20260424T165916869371Z-c2-lite-text-static-layout-element-frame-scale-c25-alpha-r025-1280x736-s4500	frame-scale-strong	quality_fail	710.178ms	ocr=0.0597
[2026-04-24T17:29:21+00:00] eval 20260424T165916871669Z-c2-lite-text-static-layout-element-frame-scale-c25-alpha-moderate-r010-1280x736-s4500	frame-scale-moderate	quality_fail	655.525ms	ocr=0.1183
[2026-04-24T17:29:21+00:00] eval 20260424T170416744300Z-c2-lite-text-responsive-squeeze-c25-responsive-strong-1280x736-s4500	responsive-squeeze	pass	547.337ms	ocr=0.4178
[2026-04-24T17:29:21+00:00] eval 20260424T170416775674Z-c2-lite-text-static-layout-element-frame-scale-c25-rectangle-r010-1280x736-s4500	frame-scale-strong	pass	669.494ms	ocr=0.4195
[2026-04-24T17:29:21+00:00] eval WROTE docs/experiments/track-c/eval-results.tsv
[2026-04-24T17:34:21+00:00] eval 20260424T141533Z-c0-canvas-960x544-s1500	still-full-resize	quality_fail	364.071ms	ocr=0.7397
[2026-04-24T17:34:21+00:00] eval 20260424T141858Z-c0-canvas-960x544-s5000	still-full-resize	quality_fail	396.555ms	ocr=0.7281
[2026-04-24T17:34:21+00:00] eval 20260424T142739Z-c2-lite-960x544-s3000	still-full-resize	quality_fail	530.142ms	ocr=0.8326
[2026-04-24T17:34:21+00:00] eval 20260424T145821Z-c2-lite-glyph-960x544-s4000	still-full-resize	quality_fail	567.599ms	ocr=0.8288
[2026-04-24T17:34:21+00:00] eval 20260424T151017Z-c2-lite-text-1280x736-s4500	still-full-resize	pass	935.276ms	ocr=0.8545
[2026-04-24T17:34:21+00:00] eval 20260424T152249Z-c2-lite-text-frame-scale-1280x736-s4500	frame-scale-strong	quality_fail	553.306ms	ocr=0.0000
[2026-04-24T17:34:21+00:00] eval 20260424T152418Z-c2-lite-text-frame-scale-1280x736-s4500	frame-scale-moderate	quality_fail	558.141ms	ocr=0.1053
[2026-04-24T17:34:21+00:00] eval 20260424T153539Z-c2-lite-text-static-layout-frame-scale-1280x736-s4500	frame-scale-moderate	pass	541.976ms	ocr=0.7091
[2026-04-24T17:34:21+00:00] eval 20260424T153736Z-c2-lite-text-static-layout-frame-scale-1280x736-s4500	frame-scale-strong	pass	559.048ms	ocr=0.3610
[2026-04-24T17:34:21+00:00] eval 20260424T155703Z-c2-lite-text-static-layout-element-frame-scale-1280x736-s4500	frame-scale-moderate	pass	686.369ms	ocr=0.7321
[2026-04-24T17:34:21+00:00] eval 20260424T155913Z-c2-lite-text-static-layout-element-frame-scale-1280x736-s4500	frame-scale-strong	pass	947.475ms	ocr=0.4124
[2026-04-24T17:34:21+00:00] eval 20260424T165342Z-c2-lite-text-responsive-squeeze-1280x736-s4500	responsive-squeeze	pass	575.923ms	ocr=0.7265
[2026-04-24T17:34:21+00:00] eval 20260424T165342Z-c2-lite-text-static-layout-element-frame-scale-1536x864-s5500	frame-scale-strong	quality_fail	678.824ms	ocr=0.0824
[2026-04-24T17:34:21+00:00] eval 20260424T165508Z-c2-lite-text-static-layout-element-frame-scale-1280x736-s4500	frame-scale-strong	quality_fail	654.193ms	ocr=0.0982
[2026-04-24T17:34:21+00:00] eval 20260424T165529Z-c2-lite-text-static-layout-element-frame-scale-1280x736-s4500	frame-scale-strong	quality_fail	655.405ms	ocr=0.0468
[2026-04-24T17:34:21+00:00] eval 20260424T165916796904Z-c2-lite-text-static-layout-element-frame-scale-c25-alpha-r000-1280x736-s4500	frame-scale-strong	quality_fail	658.768ms	ocr=0.0759
[2026-04-24T17:34:21+00:00] eval 20260424T165916869371Z-c2-lite-text-static-layout-element-frame-scale-c25-alpha-r025-1280x736-s4500	frame-scale-strong	quality_fail	710.178ms	ocr=0.0597
[2026-04-24T17:34:21+00:00] eval 20260424T165916871669Z-c2-lite-text-static-layout-element-frame-scale-c25-alpha-moderate-r010-1280x736-s4500	frame-scale-moderate	quality_fail	655.525ms	ocr=0.1183
[2026-04-24T17:34:21+00:00] eval 20260424T170416744300Z-c2-lite-text-responsive-squeeze-c25-responsive-strong-1280x736-s4500	responsive-squeeze	pass	547.337ms	ocr=0.4178
[2026-04-24T17:34:21+00:00] eval 20260424T170416775674Z-c2-lite-text-static-layout-element-frame-scale-c25-rectangle-r010-1280x736-s4500	frame-scale-strong	pass	669.494ms	ocr=0.4195
[2026-04-24T17:34:21+00:00] eval WROTE docs/experiments/track-c/eval-results.tsv
[2026-04-24T17:39:22+00:00] eval 20260424T141533Z-c0-canvas-960x544-s1500	still-full-resize	quality_fail	364.071ms	ocr=0.7397
[2026-04-24T17:39:22+00:00] eval 20260424T141858Z-c0-canvas-960x544-s5000	still-full-resize	quality_fail	396.555ms	ocr=0.7281
[2026-04-24T17:39:22+00:00] eval 20260424T142739Z-c2-lite-960x544-s3000	still-full-resize	quality_fail	530.142ms	ocr=0.8326
[2026-04-24T17:39:22+00:00] eval 20260424T145821Z-c2-lite-glyph-960x544-s4000	still-full-resize	quality_fail	567.599ms	ocr=0.8288
[2026-04-24T17:39:22+00:00] eval 20260424T151017Z-c2-lite-text-1280x736-s4500	still-full-resize	pass	935.276ms	ocr=0.8545
[2026-04-24T17:39:22+00:00] eval 20260424T152249Z-c2-lite-text-frame-scale-1280x736-s4500	frame-scale-strong	quality_fail	553.306ms	ocr=0.0000
[2026-04-24T17:39:22+00:00] eval 20260424T152418Z-c2-lite-text-frame-scale-1280x736-s4500	frame-scale-moderate	quality_fail	558.141ms	ocr=0.1053
[2026-04-24T17:39:22+00:00] eval 20260424T153539Z-c2-lite-text-static-layout-frame-scale-1280x736-s4500	frame-scale-moderate	pass	541.976ms	ocr=0.7091
[2026-04-24T17:39:22+00:00] eval 20260424T153736Z-c2-lite-text-static-layout-frame-scale-1280x736-s4500	frame-scale-strong	pass	559.048ms	ocr=0.3610
[2026-04-24T17:39:22+00:00] eval 20260424T155703Z-c2-lite-text-static-layout-element-frame-scale-1280x736-s4500	frame-scale-moderate	pass	686.369ms	ocr=0.7321
[2026-04-24T17:39:22+00:00] eval 20260424T155913Z-c2-lite-text-static-layout-element-frame-scale-1280x736-s4500	frame-scale-strong	pass	947.475ms	ocr=0.4124
[2026-04-24T17:39:22+00:00] eval 20260424T165342Z-c2-lite-text-responsive-squeeze-1280x736-s4500	responsive-squeeze	pass	575.923ms	ocr=0.7265
[2026-04-24T17:39:22+00:00] eval 20260424T165342Z-c2-lite-text-static-layout-element-frame-scale-1536x864-s5500	frame-scale-strong	quality_fail	678.824ms	ocr=0.0824
[2026-04-24T17:39:22+00:00] eval 20260424T165508Z-c2-lite-text-static-layout-element-frame-scale-1280x736-s4500	frame-scale-strong	quality_fail	654.193ms	ocr=0.0982
[2026-04-24T17:39:22+00:00] eval 20260424T165529Z-c2-lite-text-static-layout-element-frame-scale-1280x736-s4500	frame-scale-strong	quality_fail	655.405ms	ocr=0.0468
[2026-04-24T17:39:22+00:00] eval 20260424T165916796904Z-c2-lite-text-static-layout-element-frame-scale-c25-alpha-r000-1280x736-s4500	frame-scale-strong	quality_fail	658.768ms	ocr=0.0759
[2026-04-24T17:39:22+00:00] eval 20260424T165916869371Z-c2-lite-text-static-layout-element-frame-scale-c25-alpha-r025-1280x736-s4500	frame-scale-strong	quality_fail	710.178ms	ocr=0.0597
[2026-04-24T17:39:22+00:00] eval 20260424T165916871669Z-c2-lite-text-static-layout-element-frame-scale-c25-alpha-moderate-r010-1280x736-s4500	frame-scale-moderate	quality_fail	655.525ms	ocr=0.1183
[2026-04-24T17:39:22+00:00] eval 20260424T170416744300Z-c2-lite-text-responsive-squeeze-c25-responsive-strong-1280x736-s4500	responsive-squeeze	pass	547.337ms	ocr=0.4178
[2026-04-24T17:39:22+00:00] eval 20260424T170416775674Z-c2-lite-text-static-layout-element-frame-scale-c25-rectangle-r010-1280x736-s4500	frame-scale-strong	pass	669.494ms	ocr=0.4195
[2026-04-24T17:39:22+00:00] eval WROTE docs/experiments/track-c/eval-results.tsv
[2026-04-24T17:40:23+00:00] autoresearch loop started
[2026-04-24T17:40:23+00:00] launched c26-word-rect-r010: Word-level support rectangles: preserve text background while avoiding large line boxes that can catch illustration pixels.
[2026-04-24T17:40:23+00:00] launched c26-word-rect-moderate-r010: Moderate stress word-level support rectangle control.
[2026-04-24T17:40:23+00:00] launched c26-line-rect-r005: Line anchor scale-ratio refinement below the current best 0.10.
[2026-04-24T17:40:24+00:00] eval 20260424T141533Z-c0-canvas-960x544-s1500	still-full-resize	quality_fail	364.071ms	ocr=0.7397
[2026-04-24T17:40:24+00:00] eval 20260424T141858Z-c0-canvas-960x544-s5000	still-full-resize	quality_fail	396.555ms	ocr=0.7281
[2026-04-24T17:40:24+00:00] eval 20260424T142739Z-c2-lite-960x544-s3000	still-full-resize	quality_fail	530.142ms	ocr=0.8326
[2026-04-24T17:40:24+00:00] eval 20260424T145821Z-c2-lite-glyph-960x544-s4000	still-full-resize	quality_fail	567.599ms	ocr=0.8288
[2026-04-24T17:40:24+00:00] eval 20260424T151017Z-c2-lite-text-1280x736-s4500	still-full-resize	pass	935.276ms	ocr=0.8545
[2026-04-24T17:40:24+00:00] eval 20260424T152249Z-c2-lite-text-frame-scale-1280x736-s4500	frame-scale-strong	quality_fail	553.306ms	ocr=0.0000
[2026-04-24T17:40:24+00:00] eval 20260424T152418Z-c2-lite-text-frame-scale-1280x736-s4500	frame-scale-moderate	quality_fail	558.141ms	ocr=0.1053
[2026-04-24T17:40:24+00:00] eval 20260424T153539Z-c2-lite-text-static-layout-frame-scale-1280x736-s4500	frame-scale-moderate	pass	541.976ms	ocr=0.7091
[2026-04-24T17:40:24+00:00] eval 20260424T153736Z-c2-lite-text-static-layout-frame-scale-1280x736-s4500	frame-scale-strong	pass	559.048ms	ocr=0.3610
[2026-04-24T17:40:24+00:00] eval 20260424T155703Z-c2-lite-text-static-layout-element-frame-scale-1280x736-s4500	frame-scale-moderate	pass	686.369ms	ocr=0.7321
[2026-04-24T17:40:24+00:00] eval 20260424T155913Z-c2-lite-text-static-layout-element-frame-scale-1280x736-s4500	frame-scale-strong	pass	947.475ms	ocr=0.4124
[2026-04-24T17:40:24+00:00] eval 20260424T165342Z-c2-lite-text-responsive-squeeze-1280x736-s4500	responsive-squeeze	pass	575.923ms	ocr=0.7265
[2026-04-24T17:40:24+00:00] eval 20260424T165342Z-c2-lite-text-static-layout-element-frame-scale-1536x864-s5500	frame-scale-strong	quality_fail	678.824ms	ocr=0.0824
[2026-04-24T17:40:24+00:00] eval 20260424T165508Z-c2-lite-text-static-layout-element-frame-scale-1280x736-s4500	frame-scale-strong	quality_fail	654.193ms	ocr=0.0982
[2026-04-24T17:40:24+00:00] eval 20260424T165529Z-c2-lite-text-static-layout-element-frame-scale-1280x736-s4500	frame-scale-strong	quality_fail	655.405ms	ocr=0.0468
[2026-04-24T17:40:24+00:00] eval 20260424T165916796904Z-c2-lite-text-static-layout-element-frame-scale-c25-alpha-r000-1280x736-s4500	frame-scale-strong	quality_fail	658.768ms	ocr=0.0759
[2026-04-24T17:40:24+00:00] eval 20260424T165916869371Z-c2-lite-text-static-layout-element-frame-scale-c25-alpha-r025-1280x736-s4500	frame-scale-strong	quality_fail	710.178ms	ocr=0.0597
[2026-04-24T17:40:24+00:00] eval 20260424T165916871669Z-c2-lite-text-static-layout-element-frame-scale-c25-alpha-moderate-r010-1280x736-s4500	frame-scale-moderate	quality_fail	655.525ms	ocr=0.1183
[2026-04-24T17:40:24+00:00] eval 20260424T170416744300Z-c2-lite-text-responsive-squeeze-c25-responsive-strong-1280x736-s4500	responsive-squeeze	pass	547.337ms	ocr=0.4178
[2026-04-24T17:40:24+00:00] eval 20260424T170416775674Z-c2-lite-text-static-layout-element-frame-scale-c25-rectangle-r010-1280x736-s4500	frame-scale-strong	pass	669.494ms	ocr=0.4195
[2026-04-24T17:40:24+00:00] eval WROTE docs/experiments/track-c/eval-results.tsv
[2026-04-24T17:45:24+00:00] launched c26-responsive-xstrong: Very strong responsive-squeeze boundary after the strong run still passed.
[2026-04-24T17:45:25+00:00] eval 20260424T141533Z-c0-canvas-960x544-s1500	still-full-resize	quality_fail	364.071ms	ocr=0.7397
[2026-04-24T17:45:25+00:00] eval 20260424T141858Z-c0-canvas-960x544-s5000	still-full-resize	quality_fail	396.555ms	ocr=0.7281
[2026-04-24T17:45:25+00:00] eval 20260424T142739Z-c2-lite-960x544-s3000	still-full-resize	quality_fail	530.142ms	ocr=0.8326
[2026-04-24T17:45:25+00:00] eval 20260424T145821Z-c2-lite-glyph-960x544-s4000	still-full-resize	quality_fail	567.599ms	ocr=0.8288
[2026-04-24T17:45:25+00:00] eval 20260424T151017Z-c2-lite-text-1280x736-s4500	still-full-resize	pass	935.276ms	ocr=0.8545
[2026-04-24T17:45:25+00:00] eval 20260424T152249Z-c2-lite-text-frame-scale-1280x736-s4500	frame-scale-strong	quality_fail	553.306ms	ocr=0.0000
[2026-04-24T17:45:25+00:00] eval 20260424T152418Z-c2-lite-text-frame-scale-1280x736-s4500	frame-scale-moderate	quality_fail	558.141ms	ocr=0.1053
[2026-04-24T17:45:25+00:00] eval 20260424T153539Z-c2-lite-text-static-layout-frame-scale-1280x736-s4500	frame-scale-moderate	pass	541.976ms	ocr=0.7091
[2026-04-24T17:45:25+00:00] eval 20260424T153736Z-c2-lite-text-static-layout-frame-scale-1280x736-s4500	frame-scale-strong	pass	559.048ms	ocr=0.3610
[2026-04-24T17:45:25+00:00] eval 20260424T155703Z-c2-lite-text-static-layout-element-frame-scale-1280x736-s4500	frame-scale-moderate	pass	686.369ms	ocr=0.7321
[2026-04-24T17:45:25+00:00] eval 20260424T155913Z-c2-lite-text-static-layout-element-frame-scale-1280x736-s4500	frame-scale-strong	pass	947.475ms	ocr=0.4124
[2026-04-24T17:45:25+00:00] eval 20260424T165342Z-c2-lite-text-responsive-squeeze-1280x736-s4500	responsive-squeeze	pass	575.923ms	ocr=0.7265
[2026-04-24T17:45:25+00:00] eval 20260424T165342Z-c2-lite-text-static-layout-element-frame-scale-1536x864-s5500	frame-scale-strong	quality_fail	678.824ms	ocr=0.0824
[2026-04-24T17:45:25+00:00] eval 20260424T165508Z-c2-lite-text-static-layout-element-frame-scale-1280x736-s4500	frame-scale-strong	quality_fail	654.193ms	ocr=0.0982
[2026-04-24T17:45:25+00:00] eval 20260424T165529Z-c2-lite-text-static-layout-element-frame-scale-1280x736-s4500	frame-scale-strong	quality_fail	655.405ms	ocr=0.0468
[2026-04-24T17:45:25+00:00] eval 20260424T165916796904Z-c2-lite-text-static-layout-element-frame-scale-c25-alpha-r000-1280x736-s4500	frame-scale-strong	quality_fail	658.768ms	ocr=0.0759
[2026-04-24T17:45:25+00:00] eval 20260424T165916869371Z-c2-lite-text-static-layout-element-frame-scale-c25-alpha-r025-1280x736-s4500	frame-scale-strong	quality_fail	710.178ms	ocr=0.0597
[2026-04-24T17:45:25+00:00] eval 20260424T165916871669Z-c2-lite-text-static-layout-element-frame-scale-c25-alpha-moderate-r010-1280x736-s4500	frame-scale-moderate	quality_fail	655.525ms	ocr=0.1183
[2026-04-24T17:45:25+00:00] eval 20260424T170416744300Z-c2-lite-text-responsive-squeeze-c25-responsive-strong-1280x736-s4500	responsive-squeeze	pass	547.337ms	ocr=0.4178
[2026-04-24T17:45:25+00:00] eval 20260424T170416775674Z-c2-lite-text-static-layout-element-frame-scale-c25-rectangle-r010-1280x736-s4500	frame-scale-strong	pass	669.494ms	ocr=0.4195
[2026-04-24T17:45:25+00:00] eval 20260424T174025843756Z-c2-lite-text-static-layout-element-frame-scale-c26-word-rect-moderate-r010-1280x736-s4500	frame-scale-moderate	latency_fail	3290.873ms	ocr=0.5438
[2026-04-24T17:45:25+00:00] eval 20260424T174026078431Z-c2-lite-text-static-layout-element-frame-scale-c26-word-rect-r010-1280x736-s4500	frame-scale-strong	quality_fail	3698.959ms	ocr=0.1143
[2026-04-24T17:45:25+00:00] eval 20260424T174026360652Z-c2-lite-text-static-layout-element-frame-scale-c26-line-rect-r005-1280x736-s4500	frame-scale-strong	pass	655.300ms	ocr=0.5243
[2026-04-24T17:45:25+00:00] eval WROTE docs/experiments/track-c/eval-results.tsv
[2026-04-24T17:50:26+00:00] eval 20260424T141533Z-c0-canvas-960x544-s1500	still-full-resize	quality_fail	364.071ms	ocr=0.7397
[2026-04-24T17:50:26+00:00] eval 20260424T141858Z-c0-canvas-960x544-s5000	still-full-resize	quality_fail	396.555ms	ocr=0.7281
[2026-04-24T17:50:26+00:00] eval 20260424T142739Z-c2-lite-960x544-s3000	still-full-resize	quality_fail	530.142ms	ocr=0.8326
[2026-04-24T17:50:26+00:00] eval 20260424T145821Z-c2-lite-glyph-960x544-s4000	still-full-resize	quality_fail	567.599ms	ocr=0.8288
[2026-04-24T17:50:26+00:00] eval 20260424T151017Z-c2-lite-text-1280x736-s4500	still-full-resize	pass	935.276ms	ocr=0.8545
[2026-04-24T17:50:26+00:00] eval 20260424T152249Z-c2-lite-text-frame-scale-1280x736-s4500	frame-scale-strong	quality_fail	553.306ms	ocr=0.0000
[2026-04-24T17:50:26+00:00] eval 20260424T152418Z-c2-lite-text-frame-scale-1280x736-s4500	frame-scale-moderate	quality_fail	558.141ms	ocr=0.1053
[2026-04-24T17:50:26+00:00] eval 20260424T153539Z-c2-lite-text-static-layout-frame-scale-1280x736-s4500	frame-scale-moderate	pass	541.976ms	ocr=0.7091
[2026-04-24T17:50:26+00:00] eval 20260424T153736Z-c2-lite-text-static-layout-frame-scale-1280x736-s4500	frame-scale-strong	pass	559.048ms	ocr=0.3610
[2026-04-24T17:50:26+00:00] eval 20260424T155703Z-c2-lite-text-static-layout-element-frame-scale-1280x736-s4500	frame-scale-moderate	pass	686.369ms	ocr=0.7321
[2026-04-24T17:50:26+00:00] eval 20260424T155913Z-c2-lite-text-static-layout-element-frame-scale-1280x736-s4500	frame-scale-strong	pass	947.475ms	ocr=0.4124
[2026-04-24T17:50:26+00:00] eval 20260424T165342Z-c2-lite-text-responsive-squeeze-1280x736-s4500	responsive-squeeze	pass	575.923ms	ocr=0.7265
[2026-04-24T17:50:26+00:00] eval 20260424T165342Z-c2-lite-text-static-layout-element-frame-scale-1536x864-s5500	frame-scale-strong	quality_fail	678.824ms	ocr=0.0824
[2026-04-24T17:50:26+00:00] eval 20260424T165508Z-c2-lite-text-static-layout-element-frame-scale-1280x736-s4500	frame-scale-strong	quality_fail	654.193ms	ocr=0.0982
[2026-04-24T17:50:26+00:00] eval 20260424T165529Z-c2-lite-text-static-layout-element-frame-scale-1280x736-s4500	frame-scale-strong	quality_fail	655.405ms	ocr=0.0468
[2026-04-24T17:50:26+00:00] eval 20260424T165916796904Z-c2-lite-text-static-layout-element-frame-scale-c25-alpha-r000-1280x736-s4500	frame-scale-strong	quality_fail	658.768ms	ocr=0.0759
[2026-04-24T17:50:26+00:00] eval 20260424T165916869371Z-c2-lite-text-static-layout-element-frame-scale-c25-alpha-r025-1280x736-s4500	frame-scale-strong	quality_fail	710.178ms	ocr=0.0597
[2026-04-24T17:50:26+00:00] eval 20260424T165916871669Z-c2-lite-text-static-layout-element-frame-scale-c25-alpha-moderate-r010-1280x736-s4500	frame-scale-moderate	quality_fail	655.525ms	ocr=0.1183
[2026-04-24T17:50:26+00:00] eval 20260424T170416744300Z-c2-lite-text-responsive-squeeze-c25-responsive-strong-1280x736-s4500	responsive-squeeze	pass	547.337ms	ocr=0.4178
[2026-04-24T17:50:26+00:00] eval 20260424T170416775674Z-c2-lite-text-static-layout-element-frame-scale-c25-rectangle-r010-1280x736-s4500	frame-scale-strong	pass	669.494ms	ocr=0.4195
[2026-04-24T17:50:26+00:00] eval 20260424T174025843756Z-c2-lite-text-static-layout-element-frame-scale-c26-word-rect-moderate-r010-1280x736-s4500	frame-scale-moderate	latency_fail	3290.873ms	ocr=0.5438
[2026-04-24T17:50:26+00:00] eval 20260424T174026078431Z-c2-lite-text-static-layout-element-frame-scale-c26-word-rect-r010-1280x736-s4500	frame-scale-strong	quality_fail	3698.959ms	ocr=0.1143
[2026-04-24T17:50:26+00:00] eval 20260424T174026360652Z-c2-lite-text-static-layout-element-frame-scale-c26-line-rect-r005-1280x736-s4500	frame-scale-strong	pass	655.300ms	ocr=0.5243
[2026-04-24T17:50:26+00:00] eval 20260424T174558341805Z-c2-lite-text-responsive-squeeze-c26-responsive-xstrong-1280x736-s4500	responsive-squeeze	quality_fail	555.266ms	ocr=0.2000
[2026-04-24T17:50:26+00:00] eval WROTE docs/experiments/track-c/eval-results.tsv
[2026-04-24T17:55:28+00:00] eval 20260424T141533Z-c0-canvas-960x544-s1500	still-full-resize	quality_fail	364.071ms	ocr=0.7397
[2026-04-24T17:55:28+00:00] eval 20260424T141858Z-c0-canvas-960x544-s5000	still-full-resize	quality_fail	396.555ms	ocr=0.7281
[2026-04-24T17:55:28+00:00] eval 20260424T142739Z-c2-lite-960x544-s3000	still-full-resize	quality_fail	530.142ms	ocr=0.8326
[2026-04-24T17:55:28+00:00] eval 20260424T145821Z-c2-lite-glyph-960x544-s4000	still-full-resize	quality_fail	567.599ms	ocr=0.8288
[2026-04-24T17:55:28+00:00] eval 20260424T151017Z-c2-lite-text-1280x736-s4500	still-full-resize	pass	935.276ms	ocr=0.8545
[2026-04-24T17:55:28+00:00] eval 20260424T152249Z-c2-lite-text-frame-scale-1280x736-s4500	frame-scale-strong	quality_fail	553.306ms	ocr=0.0000
[2026-04-24T17:55:28+00:00] eval 20260424T152418Z-c2-lite-text-frame-scale-1280x736-s4500	frame-scale-moderate	quality_fail	558.141ms	ocr=0.1053
[2026-04-24T17:55:28+00:00] eval 20260424T153539Z-c2-lite-text-static-layout-frame-scale-1280x736-s4500	frame-scale-moderate	pass	541.976ms	ocr=0.7091
[2026-04-24T17:55:28+00:00] eval 20260424T153736Z-c2-lite-text-static-layout-frame-scale-1280x736-s4500	frame-scale-strong	pass	559.048ms	ocr=0.3610
[2026-04-24T17:55:28+00:00] eval 20260424T155703Z-c2-lite-text-static-layout-element-frame-scale-1280x736-s4500	frame-scale-moderate	pass	686.369ms	ocr=0.7321
[2026-04-24T17:55:28+00:00] eval 20260424T155913Z-c2-lite-text-static-layout-element-frame-scale-1280x736-s4500	frame-scale-strong	pass	947.475ms	ocr=0.4124
[2026-04-24T17:55:28+00:00] eval 20260424T165342Z-c2-lite-text-responsive-squeeze-1280x736-s4500	responsive-squeeze	pass	575.923ms	ocr=0.7265
[2026-04-24T17:55:28+00:00] eval 20260424T165342Z-c2-lite-text-static-layout-element-frame-scale-1536x864-s5500	frame-scale-strong	quality_fail	678.824ms	ocr=0.0824
[2026-04-24T17:55:28+00:00] eval 20260424T165508Z-c2-lite-text-static-layout-element-frame-scale-1280x736-s4500	frame-scale-strong	quality_fail	654.193ms	ocr=0.0982
[2026-04-24T17:55:28+00:00] eval 20260424T165529Z-c2-lite-text-static-layout-element-frame-scale-1280x736-s4500	frame-scale-strong	quality_fail	655.405ms	ocr=0.0468
[2026-04-24T17:55:28+00:00] eval 20260424T165916796904Z-c2-lite-text-static-layout-element-frame-scale-c25-alpha-r000-1280x736-s4500	frame-scale-strong	quality_fail	658.768ms	ocr=0.0759
[2026-04-24T17:55:28+00:00] eval 20260424T165916869371Z-c2-lite-text-static-layout-element-frame-scale-c25-alpha-r025-1280x736-s4500	frame-scale-strong	quality_fail	710.178ms	ocr=0.0597
[2026-04-24T17:55:28+00:00] eval 20260424T165916871669Z-c2-lite-text-static-layout-element-frame-scale-c25-alpha-moderate-r010-1280x736-s4500	frame-scale-moderate	quality_fail	655.525ms	ocr=0.1183
[2026-04-24T17:55:28+00:00] eval 20260424T170416744300Z-c2-lite-text-responsive-squeeze-c25-responsive-strong-1280x736-s4500	responsive-squeeze	pass	547.337ms	ocr=0.4178
[2026-04-24T17:55:28+00:00] eval 20260424T170416775674Z-c2-lite-text-static-layout-element-frame-scale-c25-rectangle-r010-1280x736-s4500	frame-scale-strong	pass	669.494ms	ocr=0.4195
[2026-04-24T17:55:28+00:00] eval 20260424T174025843756Z-c2-lite-text-static-layout-element-frame-scale-c26-word-rect-moderate-r010-1280x736-s4500	frame-scale-moderate	latency_fail	3290.873ms	ocr=0.5438
[2026-04-24T17:55:28+00:00] eval 20260424T174026078431Z-c2-lite-text-static-layout-element-frame-scale-c26-word-rect-r010-1280x736-s4500	frame-scale-strong	quality_fail	3698.959ms	ocr=0.1143
[2026-04-24T17:55:28+00:00] eval 20260424T174026360652Z-c2-lite-text-static-layout-element-frame-scale-c26-line-rect-r005-1280x736-s4500	frame-scale-strong	pass	655.300ms	ocr=0.5243
[2026-04-24T17:55:28+00:00] eval 20260424T174558341805Z-c2-lite-text-responsive-squeeze-c26-responsive-xstrong-1280x736-s4500	responsive-squeeze	quality_fail	555.266ms	ocr=0.2000
[2026-04-24T17:55:28+00:00] eval WROTE docs/experiments/track-c/eval-results.tsv
[2026-04-24T18:00:29+00:00] eval 20260424T141533Z-c0-canvas-960x544-s1500	still-full-resize	quality_fail	364.071ms	ocr=0.7397
[2026-04-24T18:00:29+00:00] eval 20260424T141858Z-c0-canvas-960x544-s5000	still-full-resize	quality_fail	396.555ms	ocr=0.7281
[2026-04-24T18:00:29+00:00] eval 20260424T142739Z-c2-lite-960x544-s3000	still-full-resize	quality_fail	530.142ms	ocr=0.8326
[2026-04-24T18:00:29+00:00] eval 20260424T145821Z-c2-lite-glyph-960x544-s4000	still-full-resize	quality_fail	567.599ms	ocr=0.8288
[2026-04-24T18:00:29+00:00] eval 20260424T151017Z-c2-lite-text-1280x736-s4500	still-full-resize	pass	935.276ms	ocr=0.8545
[2026-04-24T18:00:29+00:00] eval 20260424T152249Z-c2-lite-text-frame-scale-1280x736-s4500	frame-scale-strong	quality_fail	553.306ms	ocr=0.0000
[2026-04-24T18:00:29+00:00] eval 20260424T152418Z-c2-lite-text-frame-scale-1280x736-s4500	frame-scale-moderate	quality_fail	558.141ms	ocr=0.1053
[2026-04-24T18:00:29+00:00] eval 20260424T153539Z-c2-lite-text-static-layout-frame-scale-1280x736-s4500	frame-scale-moderate	pass	541.976ms	ocr=0.7091
[2026-04-24T18:00:29+00:00] eval 20260424T153736Z-c2-lite-text-static-layout-frame-scale-1280x736-s4500	frame-scale-strong	pass	559.048ms	ocr=0.3610
[2026-04-24T18:00:29+00:00] eval 20260424T155703Z-c2-lite-text-static-layout-element-frame-scale-1280x736-s4500	frame-scale-moderate	pass	686.369ms	ocr=0.7321
[2026-04-24T18:00:29+00:00] eval 20260424T155913Z-c2-lite-text-static-layout-element-frame-scale-1280x736-s4500	frame-scale-strong	pass	947.475ms	ocr=0.4124
[2026-04-24T18:00:29+00:00] eval 20260424T165342Z-c2-lite-text-responsive-squeeze-1280x736-s4500	responsive-squeeze	pass	575.923ms	ocr=0.7265
[2026-04-24T18:00:29+00:00] eval 20260424T165342Z-c2-lite-text-static-layout-element-frame-scale-1536x864-s5500	frame-scale-strong	quality_fail	678.824ms	ocr=0.0824
[2026-04-24T18:00:29+00:00] eval 20260424T165508Z-c2-lite-text-static-layout-element-frame-scale-1280x736-s4500	frame-scale-strong	quality_fail	654.193ms	ocr=0.0982
[2026-04-24T18:00:29+00:00] eval 20260424T165529Z-c2-lite-text-static-layout-element-frame-scale-1280x736-s4500	frame-scale-strong	quality_fail	655.405ms	ocr=0.0468
[2026-04-24T18:00:29+00:00] eval 20260424T165916796904Z-c2-lite-text-static-layout-element-frame-scale-c25-alpha-r000-1280x736-s4500	frame-scale-strong	quality_fail	658.768ms	ocr=0.0759
[2026-04-24T18:00:29+00:00] eval 20260424T165916869371Z-c2-lite-text-static-layout-element-frame-scale-c25-alpha-r025-1280x736-s4500	frame-scale-strong	quality_fail	710.178ms	ocr=0.0597
[2026-04-24T18:00:29+00:00] eval 20260424T165916871669Z-c2-lite-text-static-layout-element-frame-scale-c25-alpha-moderate-r010-1280x736-s4500	frame-scale-moderate	quality_fail	655.525ms	ocr=0.1183
[2026-04-24T18:00:29+00:00] eval 20260424T170416744300Z-c2-lite-text-responsive-squeeze-c25-responsive-strong-1280x736-s4500	responsive-squeeze	pass	547.337ms	ocr=0.4178
[2026-04-24T18:00:29+00:00] eval 20260424T170416775674Z-c2-lite-text-static-layout-element-frame-scale-c25-rectangle-r010-1280x736-s4500	frame-scale-strong	pass	669.494ms	ocr=0.4195
[2026-04-24T18:00:29+00:00] eval 20260424T174025843756Z-c2-lite-text-static-layout-element-frame-scale-c26-word-rect-moderate-r010-1280x736-s4500	frame-scale-moderate	latency_fail	3290.873ms	ocr=0.5438
[2026-04-24T18:00:29+00:00] eval 20260424T174026078431Z-c2-lite-text-static-layout-element-frame-scale-c26-word-rect-r010-1280x736-s4500	frame-scale-strong	quality_fail	3698.959ms	ocr=0.1143
[2026-04-24T18:00:29+00:00] eval 20260424T174026360652Z-c2-lite-text-static-layout-element-frame-scale-c26-line-rect-r005-1280x736-s4500	frame-scale-strong	pass	655.300ms	ocr=0.5243
[2026-04-24T18:00:29+00:00] eval 20260424T174558341805Z-c2-lite-text-responsive-squeeze-c26-responsive-xstrong-1280x736-s4500	responsive-squeeze	quality_fail	555.266ms	ocr=0.2000
[2026-04-24T18:00:29+00:00] eval WROTE docs/experiments/track-c/eval-results.tsv
[2026-04-24T18:05:30+00:00] eval 20260424T141533Z-c0-canvas-960x544-s1500	still-full-resize	quality_fail	364.071ms	ocr=0.7397
[2026-04-24T18:05:30+00:00] eval 20260424T141858Z-c0-canvas-960x544-s5000	still-full-resize	quality_fail	396.555ms	ocr=0.7281
[2026-04-24T18:05:30+00:00] eval 20260424T142739Z-c2-lite-960x544-s3000	still-full-resize	quality_fail	530.142ms	ocr=0.8326
[2026-04-24T18:05:30+00:00] eval 20260424T145821Z-c2-lite-glyph-960x544-s4000	still-full-resize	quality_fail	567.599ms	ocr=0.8288
[2026-04-24T18:05:30+00:00] eval 20260424T151017Z-c2-lite-text-1280x736-s4500	still-full-resize	pass	935.276ms	ocr=0.8545
[2026-04-24T18:05:30+00:00] eval 20260424T152249Z-c2-lite-text-frame-scale-1280x736-s4500	frame-scale-strong	quality_fail	553.306ms	ocr=0.0000
[2026-04-24T18:05:30+00:00] eval 20260424T152418Z-c2-lite-text-frame-scale-1280x736-s4500	frame-scale-moderate	quality_fail	558.141ms	ocr=0.1053
[2026-04-24T18:05:30+00:00] eval 20260424T153539Z-c2-lite-text-static-layout-frame-scale-1280x736-s4500	frame-scale-moderate	pass	541.976ms	ocr=0.7091
[2026-04-24T18:05:30+00:00] eval 20260424T153736Z-c2-lite-text-static-layout-frame-scale-1280x736-s4500	frame-scale-strong	pass	559.048ms	ocr=0.3610
[2026-04-24T18:05:30+00:00] eval 20260424T155703Z-c2-lite-text-static-layout-element-frame-scale-1280x736-s4500	frame-scale-moderate	pass	686.369ms	ocr=0.7321
[2026-04-24T18:05:30+00:00] eval 20260424T155913Z-c2-lite-text-static-layout-element-frame-scale-1280x736-s4500	frame-scale-strong	pass	947.475ms	ocr=0.4124
[2026-04-24T18:05:30+00:00] eval 20260424T165342Z-c2-lite-text-responsive-squeeze-1280x736-s4500	responsive-squeeze	pass	575.923ms	ocr=0.7265
[2026-04-24T18:05:30+00:00] eval 20260424T165342Z-c2-lite-text-static-layout-element-frame-scale-1536x864-s5500	frame-scale-strong	quality_fail	678.824ms	ocr=0.0824
[2026-04-24T18:05:30+00:00] eval 20260424T165508Z-c2-lite-text-static-layout-element-frame-scale-1280x736-s4500	frame-scale-strong	quality_fail	654.193ms	ocr=0.0982
[2026-04-24T18:05:30+00:00] eval 20260424T165529Z-c2-lite-text-static-layout-element-frame-scale-1280x736-s4500	frame-scale-strong	quality_fail	655.405ms	ocr=0.0468
[2026-04-24T18:05:30+00:00] eval 20260424T165916796904Z-c2-lite-text-static-layout-element-frame-scale-c25-alpha-r000-1280x736-s4500	frame-scale-strong	quality_fail	658.768ms	ocr=0.0759
[2026-04-24T18:05:30+00:00] eval 20260424T165916869371Z-c2-lite-text-static-layout-element-frame-scale-c25-alpha-r025-1280x736-s4500	frame-scale-strong	quality_fail	710.178ms	ocr=0.0597
[2026-04-24T18:05:30+00:00] eval 20260424T165916871669Z-c2-lite-text-static-layout-element-frame-scale-c25-alpha-moderate-r010-1280x736-s4500	frame-scale-moderate	quality_fail	655.525ms	ocr=0.1183
[2026-04-24T18:05:30+00:00] eval 20260424T170416744300Z-c2-lite-text-responsive-squeeze-c25-responsive-strong-1280x736-s4500	responsive-squeeze	pass	547.337ms	ocr=0.4178
[2026-04-24T18:05:30+00:00] eval 20260424T170416775674Z-c2-lite-text-static-layout-element-frame-scale-c25-rectangle-r010-1280x736-s4500	frame-scale-strong	pass	669.494ms	ocr=0.4195
[2026-04-24T18:05:30+00:00] eval 20260424T174025843756Z-c2-lite-text-static-layout-element-frame-scale-c26-word-rect-moderate-r010-1280x736-s4500	frame-scale-moderate	latency_fail	3290.873ms	ocr=0.5438
[2026-04-24T18:05:30+00:00] eval 20260424T174026078431Z-c2-lite-text-static-layout-element-frame-scale-c26-word-rect-r010-1280x736-s4500	frame-scale-strong	quality_fail	3698.959ms	ocr=0.1143
[2026-04-24T18:05:30+00:00] eval 20260424T174026360652Z-c2-lite-text-static-layout-element-frame-scale-c26-line-rect-r005-1280x736-s4500	frame-scale-strong	pass	655.300ms	ocr=0.5243
[2026-04-24T18:05:30+00:00] eval 20260424T174558341805Z-c2-lite-text-responsive-squeeze-c26-responsive-xstrong-1280x736-s4500	responsive-squeeze	quality_fail	555.266ms	ocr=0.2000
[2026-04-24T18:05:30+00:00] eval WROTE docs/experiments/track-c/eval-results.tsv
[2026-04-24T18:10:31+00:00] eval 20260424T141533Z-c0-canvas-960x544-s1500	still-full-resize	quality_fail	364.071ms	ocr=0.7397
[2026-04-24T18:10:31+00:00] eval 20260424T141858Z-c0-canvas-960x544-s5000	still-full-resize	quality_fail	396.555ms	ocr=0.7281
[2026-04-24T18:10:31+00:00] eval 20260424T142739Z-c2-lite-960x544-s3000	still-full-resize	quality_fail	530.142ms	ocr=0.8326
[2026-04-24T18:10:31+00:00] eval 20260424T145821Z-c2-lite-glyph-960x544-s4000	still-full-resize	quality_fail	567.599ms	ocr=0.8288
[2026-04-24T18:10:31+00:00] eval 20260424T151017Z-c2-lite-text-1280x736-s4500	still-full-resize	pass	935.276ms	ocr=0.8545
[2026-04-24T18:10:31+00:00] eval 20260424T152249Z-c2-lite-text-frame-scale-1280x736-s4500	frame-scale-strong	quality_fail	553.306ms	ocr=0.0000
[2026-04-24T18:10:31+00:00] eval 20260424T152418Z-c2-lite-text-frame-scale-1280x736-s4500	frame-scale-moderate	quality_fail	558.141ms	ocr=0.1053
[2026-04-24T18:10:31+00:00] eval 20260424T153539Z-c2-lite-text-static-layout-frame-scale-1280x736-s4500	frame-scale-moderate	pass	541.976ms	ocr=0.7091
[2026-04-24T18:10:31+00:00] eval 20260424T153736Z-c2-lite-text-static-layout-frame-scale-1280x736-s4500	frame-scale-strong	pass	559.048ms	ocr=0.3610
[2026-04-24T18:10:31+00:00] eval 20260424T155703Z-c2-lite-text-static-layout-element-frame-scale-1280x736-s4500	frame-scale-moderate	pass	686.369ms	ocr=0.7321
[2026-04-24T18:10:31+00:00] eval 20260424T155913Z-c2-lite-text-static-layout-element-frame-scale-1280x736-s4500	frame-scale-strong	pass	947.475ms	ocr=0.4124
[2026-04-24T18:10:31+00:00] eval 20260424T165342Z-c2-lite-text-responsive-squeeze-1280x736-s4500	responsive-squeeze	pass	575.923ms	ocr=0.7265
[2026-04-24T18:10:31+00:00] eval 20260424T165342Z-c2-lite-text-static-layout-element-frame-scale-1536x864-s5500	frame-scale-strong	quality_fail	678.824ms	ocr=0.0824
[2026-04-24T18:10:31+00:00] eval 20260424T165508Z-c2-lite-text-static-layout-element-frame-scale-1280x736-s4500	frame-scale-strong	quality_fail	654.193ms	ocr=0.0982
[2026-04-24T18:10:31+00:00] eval 20260424T165529Z-c2-lite-text-static-layout-element-frame-scale-1280x736-s4500	frame-scale-strong	quality_fail	655.405ms	ocr=0.0468
[2026-04-24T18:10:31+00:00] eval 20260424T165916796904Z-c2-lite-text-static-layout-element-frame-scale-c25-alpha-r000-1280x736-s4500	frame-scale-strong	quality_fail	658.768ms	ocr=0.0759
[2026-04-24T18:10:31+00:00] eval 20260424T165916869371Z-c2-lite-text-static-layout-element-frame-scale-c25-alpha-r025-1280x736-s4500	frame-scale-strong	quality_fail	710.178ms	ocr=0.0597
[2026-04-24T18:10:31+00:00] eval 20260424T165916871669Z-c2-lite-text-static-layout-element-frame-scale-c25-alpha-moderate-r010-1280x736-s4500	frame-scale-moderate	quality_fail	655.525ms	ocr=0.1183
[2026-04-24T18:10:31+00:00] eval 20260424T170416744300Z-c2-lite-text-responsive-squeeze-c25-responsive-strong-1280x736-s4500	responsive-squeeze	pass	547.337ms	ocr=0.4178
[2026-04-24T18:10:31+00:00] eval 20260424T170416775674Z-c2-lite-text-static-layout-element-frame-scale-c25-rectangle-r010-1280x736-s4500	frame-scale-strong	pass	669.494ms	ocr=0.4195
[2026-04-24T18:10:31+00:00] eval 20260424T174025843756Z-c2-lite-text-static-layout-element-frame-scale-c26-word-rect-moderate-r010-1280x736-s4500	frame-scale-moderate	latency_fail	3290.873ms	ocr=0.5438
[2026-04-24T18:10:31+00:00] eval 20260424T174026078431Z-c2-lite-text-static-layout-element-frame-scale-c26-word-rect-r010-1280x736-s4500	frame-scale-strong	quality_fail	3698.959ms	ocr=0.1143
[2026-04-24T18:10:31+00:00] eval 20260424T174026360652Z-c2-lite-text-static-layout-element-frame-scale-c26-line-rect-r005-1280x736-s4500	frame-scale-strong	pass	655.300ms	ocr=0.5243
[2026-04-24T18:10:31+00:00] eval 20260424T174558341805Z-c2-lite-text-responsive-squeeze-c26-responsive-xstrong-1280x736-s4500	responsive-squeeze	quality_fail	555.266ms	ocr=0.2000
[2026-04-24T18:10:31+00:00] eval WROTE docs/experiments/track-c/eval-results.tsv
[2026-04-24T18:15:32+00:00] eval 20260424T141533Z-c0-canvas-960x544-s1500	still-full-resize	quality_fail	364.071ms	ocr=0.7397
[2026-04-24T18:15:32+00:00] eval 20260424T141858Z-c0-canvas-960x544-s5000	still-full-resize	quality_fail	396.555ms	ocr=0.7281
[2026-04-24T18:15:32+00:00] eval 20260424T142739Z-c2-lite-960x544-s3000	still-full-resize	quality_fail	530.142ms	ocr=0.8326
[2026-04-24T18:15:32+00:00] eval 20260424T145821Z-c2-lite-glyph-960x544-s4000	still-full-resize	quality_fail	567.599ms	ocr=0.8288
[2026-04-24T18:15:32+00:00] eval 20260424T151017Z-c2-lite-text-1280x736-s4500	still-full-resize	pass	935.276ms	ocr=0.8545
[2026-04-24T18:15:32+00:00] eval 20260424T152249Z-c2-lite-text-frame-scale-1280x736-s4500	frame-scale-strong	quality_fail	553.306ms	ocr=0.0000
[2026-04-24T18:15:32+00:00] eval 20260424T152418Z-c2-lite-text-frame-scale-1280x736-s4500	frame-scale-moderate	quality_fail	558.141ms	ocr=0.1053
[2026-04-24T18:15:32+00:00] eval 20260424T153539Z-c2-lite-text-static-layout-frame-scale-1280x736-s4500	frame-scale-moderate	pass	541.976ms	ocr=0.7091
[2026-04-24T18:15:32+00:00] eval 20260424T153736Z-c2-lite-text-static-layout-frame-scale-1280x736-s4500	frame-scale-strong	pass	559.048ms	ocr=0.3610
[2026-04-24T18:15:32+00:00] eval 20260424T155703Z-c2-lite-text-static-layout-element-frame-scale-1280x736-s4500	frame-scale-moderate	pass	686.369ms	ocr=0.7321
[2026-04-24T18:15:32+00:00] eval 20260424T155913Z-c2-lite-text-static-layout-element-frame-scale-1280x736-s4500	frame-scale-strong	pass	947.475ms	ocr=0.4124
[2026-04-24T18:15:32+00:00] eval 20260424T165342Z-c2-lite-text-responsive-squeeze-1280x736-s4500	responsive-squeeze	pass	575.923ms	ocr=0.7265
[2026-04-24T18:15:32+00:00] eval 20260424T165342Z-c2-lite-text-static-layout-element-frame-scale-1536x864-s5500	frame-scale-strong	quality_fail	678.824ms	ocr=0.0824
[2026-04-24T18:15:32+00:00] eval 20260424T165508Z-c2-lite-text-static-layout-element-frame-scale-1280x736-s4500	frame-scale-strong	quality_fail	654.193ms	ocr=0.0982
[2026-04-24T18:15:32+00:00] eval 20260424T165529Z-c2-lite-text-static-layout-element-frame-scale-1280x736-s4500	frame-scale-strong	quality_fail	655.405ms	ocr=0.0468
[2026-04-24T18:15:32+00:00] eval 20260424T165916796904Z-c2-lite-text-static-layout-element-frame-scale-c25-alpha-r000-1280x736-s4500	frame-scale-strong	quality_fail	658.768ms	ocr=0.0759
[2026-04-24T18:15:32+00:00] eval 20260424T165916869371Z-c2-lite-text-static-layout-element-frame-scale-c25-alpha-r025-1280x736-s4500	frame-scale-strong	quality_fail	710.178ms	ocr=0.0597
[2026-04-24T18:15:32+00:00] eval 20260424T165916871669Z-c2-lite-text-static-layout-element-frame-scale-c25-alpha-moderate-r010-1280x736-s4500	frame-scale-moderate	quality_fail	655.525ms	ocr=0.1183
[2026-04-24T18:15:32+00:00] eval 20260424T170416744300Z-c2-lite-text-responsive-squeeze-c25-responsive-strong-1280x736-s4500	responsive-squeeze	pass	547.337ms	ocr=0.4178
[2026-04-24T18:15:32+00:00] eval 20260424T170416775674Z-c2-lite-text-static-layout-element-frame-scale-c25-rectangle-r010-1280x736-s4500	frame-scale-strong	pass	669.494ms	ocr=0.4195
[2026-04-24T18:15:32+00:00] eval 20260424T174025843756Z-c2-lite-text-static-layout-element-frame-scale-c26-word-rect-moderate-r010-1280x736-s4500	frame-scale-moderate	latency_fail	3290.873ms	ocr=0.5438
[2026-04-24T18:15:32+00:00] eval 20260424T174026078431Z-c2-lite-text-static-layout-element-frame-scale-c26-word-rect-r010-1280x736-s4500	frame-scale-strong	quality_fail	3698.959ms	ocr=0.1143
[2026-04-24T18:15:32+00:00] eval 20260424T174026360652Z-c2-lite-text-static-layout-element-frame-scale-c26-line-rect-r005-1280x736-s4500	frame-scale-strong	pass	655.300ms	ocr=0.5243
[2026-04-24T18:15:32+00:00] eval 20260424T174558341805Z-c2-lite-text-responsive-squeeze-c26-responsive-xstrong-1280x736-s4500	responsive-squeeze	quality_fail	555.266ms	ocr=0.2000
[2026-04-24T18:15:32+00:00] eval WROTE docs/experiments/track-c/eval-results.tsv
[2026-04-24T18:15:40+00:00] autoresearch loop started
[2026-04-24T18:15:40+00:00] launched c27-line-rect-r0025: Line anchor ratio sweep below current best 0.05.
[2026-04-24T18:15:40+00:00] launched c27-line-rect-r0075: Line anchor ratio sweep above current best 0.05 but below previous 0.10.
[2026-04-24T18:15:40+00:00] launched c27-line-rect-r005-pad2: Current best ratio with tighter support boxes to reduce unrelated illustration capture.
[2026-04-24T18:15:41+00:00] eval 20260424T141533Z-c0-canvas-960x544-s1500	still-full-resize	quality_fail	364.071ms	ocr=0.7397
[2026-04-24T18:15:41+00:00] eval 20260424T141858Z-c0-canvas-960x544-s5000	still-full-resize	quality_fail	396.555ms	ocr=0.7281
[2026-04-24T18:15:41+00:00] eval 20260424T142739Z-c2-lite-960x544-s3000	still-full-resize	quality_fail	530.142ms	ocr=0.8326
[2026-04-24T18:15:41+00:00] eval 20260424T145821Z-c2-lite-glyph-960x544-s4000	still-full-resize	quality_fail	567.599ms	ocr=0.8288
[2026-04-24T18:15:41+00:00] eval 20260424T151017Z-c2-lite-text-1280x736-s4500	still-full-resize	pass	935.276ms	ocr=0.8545
[2026-04-24T18:15:41+00:00] eval 20260424T152249Z-c2-lite-text-frame-scale-1280x736-s4500	frame-scale-strong	quality_fail	553.306ms	ocr=0.0000
[2026-04-24T18:15:41+00:00] eval 20260424T152418Z-c2-lite-text-frame-scale-1280x736-s4500	frame-scale-moderate	quality_fail	558.141ms	ocr=0.1053
[2026-04-24T18:15:41+00:00] eval 20260424T153539Z-c2-lite-text-static-layout-frame-scale-1280x736-s4500	frame-scale-moderate	pass	541.976ms	ocr=0.7091
[2026-04-24T18:15:41+00:00] eval 20260424T153736Z-c2-lite-text-static-layout-frame-scale-1280x736-s4500	frame-scale-strong	pass	559.048ms	ocr=0.3610
[2026-04-24T18:15:41+00:00] eval 20260424T155703Z-c2-lite-text-static-layout-element-frame-scale-1280x736-s4500	frame-scale-moderate	pass	686.369ms	ocr=0.7321
[2026-04-24T18:15:41+00:00] eval 20260424T155913Z-c2-lite-text-static-layout-element-frame-scale-1280x736-s4500	frame-scale-strong	pass	947.475ms	ocr=0.4124
[2026-04-24T18:15:41+00:00] eval 20260424T165342Z-c2-lite-text-responsive-squeeze-1280x736-s4500	responsive-squeeze	pass	575.923ms	ocr=0.7265
[2026-04-24T18:15:41+00:00] eval 20260424T165342Z-c2-lite-text-static-layout-element-frame-scale-1536x864-s5500	frame-scale-strong	quality_fail	678.824ms	ocr=0.0824
[2026-04-24T18:15:41+00:00] eval 20260424T165508Z-c2-lite-text-static-layout-element-frame-scale-1280x736-s4500	frame-scale-strong	quality_fail	654.193ms	ocr=0.0982
[2026-04-24T18:15:41+00:00] eval 20260424T165529Z-c2-lite-text-static-layout-element-frame-scale-1280x736-s4500	frame-scale-strong	quality_fail	655.405ms	ocr=0.0468
[2026-04-24T18:15:41+00:00] eval 20260424T165916796904Z-c2-lite-text-static-layout-element-frame-scale-c25-alpha-r000-1280x736-s4500	frame-scale-strong	quality_fail	658.768ms	ocr=0.0759
[2026-04-24T18:15:41+00:00] eval 20260424T165916869371Z-c2-lite-text-static-layout-element-frame-scale-c25-alpha-r025-1280x736-s4500	frame-scale-strong	quality_fail	710.178ms	ocr=0.0597
[2026-04-24T18:15:41+00:00] eval 20260424T165916871669Z-c2-lite-text-static-layout-element-frame-scale-c25-alpha-moderate-r010-1280x736-s4500	frame-scale-moderate	quality_fail	655.525ms	ocr=0.1183
[2026-04-24T18:15:41+00:00] eval 20260424T170416744300Z-c2-lite-text-responsive-squeeze-c25-responsive-strong-1280x736-s4500	responsive-squeeze	pass	547.337ms	ocr=0.4178
[2026-04-24T18:15:41+00:00] eval 20260424T170416775674Z-c2-lite-text-static-layout-element-frame-scale-c25-rectangle-r010-1280x736-s4500	frame-scale-strong	pass	669.494ms	ocr=0.4195
[2026-04-24T18:15:41+00:00] eval 20260424T174025843756Z-c2-lite-text-static-layout-element-frame-scale-c26-word-rect-moderate-r010-1280x736-s4500	frame-scale-moderate	latency_fail	3290.873ms	ocr=0.5438
[2026-04-24T18:15:41+00:00] eval 20260424T174026078431Z-c2-lite-text-static-layout-element-frame-scale-c26-word-rect-r010-1280x736-s4500	frame-scale-strong	quality_fail	3698.959ms	ocr=0.1143
[2026-04-24T18:15:41+00:00] eval 20260424T174026360652Z-c2-lite-text-static-layout-element-frame-scale-c26-line-rect-r005-1280x736-s4500	frame-scale-strong	pass	655.300ms	ocr=0.5243
[2026-04-24T18:15:41+00:00] eval 20260424T174558341805Z-c2-lite-text-responsive-squeeze-c26-responsive-xstrong-1280x736-s4500	responsive-squeeze	quality_fail	555.266ms	ocr=0.2000
[2026-04-24T18:15:41+00:00] eval WROTE docs/experiments/track-c/eval-results.tsv
[2026-04-24T18:20:41+00:00] launched c27-line-rect-r005-pad6: Current best ratio with wider support boxes to check whether extra local context improves OCR.
[2026-04-24T18:20:41+00:00] launched c27-responsive-018: Responsive-squeeze boundary between strong 0.16 pass and xstrong 0.22 fail.
[2026-04-24T18:20:43+00:00] eval 20260424T141533Z-c0-canvas-960x544-s1500	still-full-resize	quality_fail	364.071ms	ocr=0.7397
[2026-04-24T18:20:43+00:00] eval 20260424T141858Z-c0-canvas-960x544-s5000	still-full-resize	quality_fail	396.555ms	ocr=0.7281
[2026-04-24T18:20:43+00:00] eval 20260424T142739Z-c2-lite-960x544-s3000	still-full-resize	quality_fail	530.142ms	ocr=0.8326
[2026-04-24T18:20:43+00:00] eval 20260424T145821Z-c2-lite-glyph-960x544-s4000	still-full-resize	quality_fail	567.599ms	ocr=0.8288
[2026-04-24T18:20:43+00:00] eval 20260424T151017Z-c2-lite-text-1280x736-s4500	still-full-resize	pass	935.276ms	ocr=0.8545
[2026-04-24T18:20:43+00:00] eval 20260424T152249Z-c2-lite-text-frame-scale-1280x736-s4500	frame-scale-strong	quality_fail	553.306ms	ocr=0.0000
[2026-04-24T18:20:43+00:00] eval 20260424T152418Z-c2-lite-text-frame-scale-1280x736-s4500	frame-scale-moderate	quality_fail	558.141ms	ocr=0.1053
[2026-04-24T18:20:43+00:00] eval 20260424T153539Z-c2-lite-text-static-layout-frame-scale-1280x736-s4500	frame-scale-moderate	pass	541.976ms	ocr=0.7091
[2026-04-24T18:20:43+00:00] eval 20260424T153736Z-c2-lite-text-static-layout-frame-scale-1280x736-s4500	frame-scale-strong	pass	559.048ms	ocr=0.3610
[2026-04-24T18:20:43+00:00] eval 20260424T155703Z-c2-lite-text-static-layout-element-frame-scale-1280x736-s4500	frame-scale-moderate	pass	686.369ms	ocr=0.7321
[2026-04-24T18:20:43+00:00] eval 20260424T155913Z-c2-lite-text-static-layout-element-frame-scale-1280x736-s4500	frame-scale-strong	pass	947.475ms	ocr=0.4124
[2026-04-24T18:20:43+00:00] eval 20260424T165342Z-c2-lite-text-responsive-squeeze-1280x736-s4500	responsive-squeeze	pass	575.923ms	ocr=0.7265
[2026-04-24T18:20:43+00:00] eval 20260424T165342Z-c2-lite-text-static-layout-element-frame-scale-1536x864-s5500	frame-scale-strong	quality_fail	678.824ms	ocr=0.0824
[2026-04-24T18:20:43+00:00] eval 20260424T165508Z-c2-lite-text-static-layout-element-frame-scale-1280x736-s4500	frame-scale-strong	quality_fail	654.193ms	ocr=0.0982
[2026-04-24T18:20:43+00:00] eval 20260424T165529Z-c2-lite-text-static-layout-element-frame-scale-1280x736-s4500	frame-scale-strong	quality_fail	655.405ms	ocr=0.0468
[2026-04-24T18:20:43+00:00] eval 20260424T165916796904Z-c2-lite-text-static-layout-element-frame-scale-c25-alpha-r000-1280x736-s4500	frame-scale-strong	quality_fail	658.768ms	ocr=0.0759
[2026-04-24T18:20:43+00:00] eval 20260424T165916869371Z-c2-lite-text-static-layout-element-frame-scale-c25-alpha-r025-1280x736-s4500	frame-scale-strong	quality_fail	710.178ms	ocr=0.0597
[2026-04-24T18:20:43+00:00] eval 20260424T165916871669Z-c2-lite-text-static-layout-element-frame-scale-c25-alpha-moderate-r010-1280x736-s4500	frame-scale-moderate	quality_fail	655.525ms	ocr=0.1183
[2026-04-24T18:20:43+00:00] eval 20260424T170416744300Z-c2-lite-text-responsive-squeeze-c25-responsive-strong-1280x736-s4500	responsive-squeeze	pass	547.337ms	ocr=0.4178
[2026-04-24T18:20:43+00:00] eval 20260424T170416775674Z-c2-lite-text-static-layout-element-frame-scale-c25-rectangle-r010-1280x736-s4500	frame-scale-strong	pass	669.494ms	ocr=0.4195
[2026-04-24T18:20:43+00:00] eval 20260424T174025843756Z-c2-lite-text-static-layout-element-frame-scale-c26-word-rect-moderate-r010-1280x736-s4500	frame-scale-moderate	latency_fail	3290.873ms	ocr=0.5438
[2026-04-24T18:20:43+00:00] eval 20260424T174026078431Z-c2-lite-text-static-layout-element-frame-scale-c26-word-rect-r010-1280x736-s4500	frame-scale-strong	quality_fail	3698.959ms	ocr=0.1143
[2026-04-24T18:20:43+00:00] eval 20260424T174026360652Z-c2-lite-text-static-layout-element-frame-scale-c26-line-rect-r005-1280x736-s4500	frame-scale-strong	pass	655.300ms	ocr=0.5243
[2026-04-24T18:20:43+00:00] eval 20260424T174558341805Z-c2-lite-text-responsive-squeeze-c26-responsive-xstrong-1280x736-s4500	responsive-squeeze	quality_fail	555.266ms	ocr=0.2000
[2026-04-24T18:20:43+00:00] eval 20260424T181541437774Z-c2-lite-text-static-layout-element-frame-scale-c27-line-rect-r005-pad2-1280x736-s4500	frame-scale-strong	pass	603.633ms	ocr=0.3673
[2026-04-24T18:20:43+00:00] eval 20260424T181541511063Z-c2-lite-text-static-layout-element-frame-scale-c27-line-rect-r0075-1280x736-s4500	frame-scale-strong	pass	650.038ms	ocr=0.3981
[2026-04-24T18:20:43+00:00] eval 20260424T181541520698Z-c2-lite-text-static-layout-element-frame-scale-c27-line-rect-r0025-1280x736-s4500	frame-scale-strong	pass	841.603ms	ocr=0.7097
[2026-04-24T18:20:43+00:00] eval WROTE docs/experiments/track-c/eval-results.tsv
[2026-04-24T18:21:11+00:00] autoresearch loop started
[2026-04-24T18:21:11+00:00] launched c28-word-batched-r010: Human-positive word anchors with batched patch rendering to recover latency.
[2026-04-24T18:21:13+00:00] eval 20260424T141533Z-c0-canvas-960x544-s1500	still-full-resize	quality_fail	364.071ms	ocr=0.7397
[2026-04-24T18:21:13+00:00] eval 20260424T141858Z-c0-canvas-960x544-s5000	still-full-resize	quality_fail	396.555ms	ocr=0.7281
[2026-04-24T18:21:13+00:00] eval 20260424T142739Z-c2-lite-960x544-s3000	still-full-resize	quality_fail	530.142ms	ocr=0.8326
[2026-04-24T18:21:13+00:00] eval 20260424T145821Z-c2-lite-glyph-960x544-s4000	still-full-resize	quality_fail	567.599ms	ocr=0.8288
[2026-04-24T18:21:13+00:00] eval 20260424T151017Z-c2-lite-text-1280x736-s4500	still-full-resize	pass	935.276ms	ocr=0.8545
[2026-04-24T18:21:13+00:00] eval 20260424T152249Z-c2-lite-text-frame-scale-1280x736-s4500	frame-scale-strong	quality_fail	553.306ms	ocr=0.0000
[2026-04-24T18:21:13+00:00] eval 20260424T152418Z-c2-lite-text-frame-scale-1280x736-s4500	frame-scale-moderate	quality_fail	558.141ms	ocr=0.1053
[2026-04-24T18:21:13+00:00] eval 20260424T153539Z-c2-lite-text-static-layout-frame-scale-1280x736-s4500	frame-scale-moderate	pass	541.976ms	ocr=0.7091
[2026-04-24T18:21:13+00:00] eval 20260424T153736Z-c2-lite-text-static-layout-frame-scale-1280x736-s4500	frame-scale-strong	pass	559.048ms	ocr=0.3610
[2026-04-24T18:21:13+00:00] eval 20260424T155703Z-c2-lite-text-static-layout-element-frame-scale-1280x736-s4500	frame-scale-moderate	pass	686.369ms	ocr=0.7321
[2026-04-24T18:21:13+00:00] eval 20260424T155913Z-c2-lite-text-static-layout-element-frame-scale-1280x736-s4500	frame-scale-strong	pass	947.475ms	ocr=0.4124
[2026-04-24T18:21:13+00:00] eval 20260424T165342Z-c2-lite-text-responsive-squeeze-1280x736-s4500	responsive-squeeze	pass	575.923ms	ocr=0.7265
[2026-04-24T18:21:13+00:00] eval 20260424T165342Z-c2-lite-text-static-layout-element-frame-scale-1536x864-s5500	frame-scale-strong	quality_fail	678.824ms	ocr=0.0824
[2026-04-24T18:21:13+00:00] eval 20260424T165508Z-c2-lite-text-static-layout-element-frame-scale-1280x736-s4500	frame-scale-strong	quality_fail	654.193ms	ocr=0.0982
[2026-04-24T18:21:13+00:00] eval 20260424T165529Z-c2-lite-text-static-layout-element-frame-scale-1280x736-s4500	frame-scale-strong	quality_fail	655.405ms	ocr=0.0468
[2026-04-24T18:21:13+00:00] eval 20260424T165916796904Z-c2-lite-text-static-layout-element-frame-scale-c25-alpha-r000-1280x736-s4500	frame-scale-strong	quality_fail	658.768ms	ocr=0.0759
[2026-04-24T18:21:13+00:00] eval 20260424T165916869371Z-c2-lite-text-static-layout-element-frame-scale-c25-alpha-r025-1280x736-s4500	frame-scale-strong	quality_fail	710.178ms	ocr=0.0597
[2026-04-24T18:21:13+00:00] eval 20260424T165916871669Z-c2-lite-text-static-layout-element-frame-scale-c25-alpha-moderate-r010-1280x736-s4500	frame-scale-moderate	quality_fail	655.525ms	ocr=0.1183
[2026-04-24T18:21:13+00:00] eval 20260424T170416744300Z-c2-lite-text-responsive-squeeze-c25-responsive-strong-1280x736-s4500	responsive-squeeze	pass	547.337ms	ocr=0.4178
[2026-04-24T18:21:13+00:00] eval 20260424T170416775674Z-c2-lite-text-static-layout-element-frame-scale-c25-rectangle-r010-1280x736-s4500	frame-scale-strong	pass	669.494ms	ocr=0.4195
[2026-04-24T18:21:13+00:00] eval 20260424T174025843756Z-c2-lite-text-static-layout-element-frame-scale-c26-word-rect-moderate-r010-1280x736-s4500	frame-scale-moderate	latency_fail	3290.873ms	ocr=0.5438
[2026-04-24T18:21:13+00:00] eval 20260424T174026078431Z-c2-lite-text-static-layout-element-frame-scale-c26-word-rect-r010-1280x736-s4500	frame-scale-strong	quality_fail	3698.959ms	ocr=0.1143
[2026-04-24T18:21:13+00:00] eval 20260424T174026360652Z-c2-lite-text-static-layout-element-frame-scale-c26-line-rect-r005-1280x736-s4500	frame-scale-strong	pass	655.300ms	ocr=0.5243
[2026-04-24T18:21:13+00:00] eval 20260424T174558341805Z-c2-lite-text-responsive-squeeze-c26-responsive-xstrong-1280x736-s4500	responsive-squeeze	quality_fail	555.266ms	ocr=0.2000
[2026-04-24T18:21:13+00:00] eval 20260424T181541437774Z-c2-lite-text-static-layout-element-frame-scale-c27-line-rect-r005-pad2-1280x736-s4500	frame-scale-strong	pass	603.633ms	ocr=0.3673
[2026-04-24T18:21:13+00:00] eval 20260424T181541511063Z-c2-lite-text-static-layout-element-frame-scale-c27-line-rect-r0075-1280x736-s4500	frame-scale-strong	pass	650.038ms	ocr=0.3981
[2026-04-24T18:21:13+00:00] eval 20260424T181541520698Z-c2-lite-text-static-layout-element-frame-scale-c27-line-rect-r0025-1280x736-s4500	frame-scale-strong	pass	841.603ms	ocr=0.7097
[2026-04-24T18:21:13+00:00] eval WROTE docs/experiments/track-c/eval-results.tsv
[2026-04-24T18:26:13+00:00] launched c28-word-batched-moderate-r010: Human-positive word anchors batched under moderate stress.
[2026-04-24T18:26:13+00:00] launched c28-line-batched-r005: Batched line-anchor control should match C2.6 quality while confirming batching does not change pixels.
[2026-04-24T18:26:15+00:00] eval 20260424T141533Z-c0-canvas-960x544-s1500	still-full-resize	quality_fail	364.071ms	ocr=0.7397
[2026-04-24T18:26:15+00:00] eval 20260424T141858Z-c0-canvas-960x544-s5000	still-full-resize	quality_fail	396.555ms	ocr=0.7281
[2026-04-24T18:26:15+00:00] eval 20260424T142739Z-c2-lite-960x544-s3000	still-full-resize	quality_fail	530.142ms	ocr=0.8326
[2026-04-24T18:26:15+00:00] eval 20260424T145821Z-c2-lite-glyph-960x544-s4000	still-full-resize	quality_fail	567.599ms	ocr=0.8288
[2026-04-24T18:26:15+00:00] eval 20260424T151017Z-c2-lite-text-1280x736-s4500	still-full-resize	pass	935.276ms	ocr=0.8545
[2026-04-24T18:26:15+00:00] eval 20260424T152249Z-c2-lite-text-frame-scale-1280x736-s4500	frame-scale-strong	quality_fail	553.306ms	ocr=0.0000
[2026-04-24T18:26:15+00:00] eval 20260424T152418Z-c2-lite-text-frame-scale-1280x736-s4500	frame-scale-moderate	quality_fail	558.141ms	ocr=0.1053
[2026-04-24T18:26:15+00:00] eval 20260424T153539Z-c2-lite-text-static-layout-frame-scale-1280x736-s4500	frame-scale-moderate	pass	541.976ms	ocr=0.7091
[2026-04-24T18:26:15+00:00] eval 20260424T153736Z-c2-lite-text-static-layout-frame-scale-1280x736-s4500	frame-scale-strong	pass	559.048ms	ocr=0.3610
[2026-04-24T18:26:15+00:00] eval 20260424T155703Z-c2-lite-text-static-layout-element-frame-scale-1280x736-s4500	frame-scale-moderate	pass	686.369ms	ocr=0.7321
[2026-04-24T18:26:15+00:00] eval 20260424T155913Z-c2-lite-text-static-layout-element-frame-scale-1280x736-s4500	frame-scale-strong	pass	947.475ms	ocr=0.4124
[2026-04-24T18:26:15+00:00] eval 20260424T165342Z-c2-lite-text-responsive-squeeze-1280x736-s4500	responsive-squeeze	pass	575.923ms	ocr=0.7265
[2026-04-24T18:26:15+00:00] eval 20260424T165342Z-c2-lite-text-static-layout-element-frame-scale-1536x864-s5500	frame-scale-strong	quality_fail	678.824ms	ocr=0.0824
[2026-04-24T18:26:15+00:00] eval 20260424T165508Z-c2-lite-text-static-layout-element-frame-scale-1280x736-s4500	frame-scale-strong	quality_fail	654.193ms	ocr=0.0982
[2026-04-24T18:26:15+00:00] eval 20260424T165529Z-c2-lite-text-static-layout-element-frame-scale-1280x736-s4500	frame-scale-strong	quality_fail	655.405ms	ocr=0.0468
[2026-04-24T18:26:15+00:00] eval 20260424T165916796904Z-c2-lite-text-static-layout-element-frame-scale-c25-alpha-r000-1280x736-s4500	frame-scale-strong	quality_fail	658.768ms	ocr=0.0759
[2026-04-24T18:26:15+00:00] eval 20260424T165916869371Z-c2-lite-text-static-layout-element-frame-scale-c25-alpha-r025-1280x736-s4500	frame-scale-strong	quality_fail	710.178ms	ocr=0.0597
[2026-04-24T18:26:15+00:00] eval 20260424T165916871669Z-c2-lite-text-static-layout-element-frame-scale-c25-alpha-moderate-r010-1280x736-s4500	frame-scale-moderate	quality_fail	655.525ms	ocr=0.1183
[2026-04-24T18:26:15+00:00] eval 20260424T170416744300Z-c2-lite-text-responsive-squeeze-c25-responsive-strong-1280x736-s4500	responsive-squeeze	pass	547.337ms	ocr=0.4178
[2026-04-24T18:26:15+00:00] eval 20260424T170416775674Z-c2-lite-text-static-layout-element-frame-scale-c25-rectangle-r010-1280x736-s4500	frame-scale-strong	pass	669.494ms	ocr=0.4195
[2026-04-24T18:26:15+00:00] eval 20260424T174025843756Z-c2-lite-text-static-layout-element-frame-scale-c26-word-rect-moderate-r010-1280x736-s4500	frame-scale-moderate	latency_fail	3290.873ms	ocr=0.5438
[2026-04-24T18:26:15+00:00] eval 20260424T174026078431Z-c2-lite-text-static-layout-element-frame-scale-c26-word-rect-r010-1280x736-s4500	frame-scale-strong	quality_fail	3698.959ms	ocr=0.1143
[2026-04-24T18:26:15+00:00] eval 20260424T174026360652Z-c2-lite-text-static-layout-element-frame-scale-c26-line-rect-r005-1280x736-s4500	frame-scale-strong	pass	655.300ms	ocr=0.5243
[2026-04-24T18:26:15+00:00] eval 20260424T174558341805Z-c2-lite-text-responsive-squeeze-c26-responsive-xstrong-1280x736-s4500	responsive-squeeze	quality_fail	555.266ms	ocr=0.2000
[2026-04-24T18:26:15+00:00] eval 20260424T181541437774Z-c2-lite-text-static-layout-element-frame-scale-c27-line-rect-r005-pad2-1280x736-s4500	frame-scale-strong	pass	603.633ms	ocr=0.3673
[2026-04-24T18:26:15+00:00] eval 20260424T181541511063Z-c2-lite-text-static-layout-element-frame-scale-c27-line-rect-r0075-1280x736-s4500	frame-scale-strong	pass	650.038ms	ocr=0.3981
[2026-04-24T18:26:15+00:00] eval 20260424T181541520698Z-c2-lite-text-static-layout-element-frame-scale-c27-line-rect-r0025-1280x736-s4500	frame-scale-strong	pass	841.603ms	ocr=0.7097
[2026-04-24T18:26:15+00:00] eval 20260424T182043179568Z-c2-lite-text-static-layout-element-frame-scale-c27-line-rect-r005-pad6-1280x736-s4500	frame-scale-strong	quality_fail	673.498ms	ocr=0.2673
[2026-04-24T18:26:15+00:00] eval 20260424T182043479928Z-c2-lite-text-responsive-squeeze-c27-responsive-018-1280x736-s4500	responsive-squeeze	pass	577.817ms	ocr=0.3277
[2026-04-24T18:26:15+00:00] eval 20260424T182113089373Z-c2-lite-text-static-layout-element-frame-scale-c28-word-batched-r010-1280x736-s4500	frame-scale-strong	quality_fail	671.715ms	ocr=0.1135
[2026-04-24T18:26:15+00:00] eval WROTE docs/experiments/track-c/eval-results.tsv
[2026-04-24T18:31:17+00:00] eval 20260424T141533Z-c0-canvas-960x544-s1500	still-full-resize	quality_fail	364.071ms	ocr=0.7397
[2026-04-24T18:31:17+00:00] eval 20260424T141858Z-c0-canvas-960x544-s5000	still-full-resize	quality_fail	396.555ms	ocr=0.7281
[2026-04-24T18:31:17+00:00] eval 20260424T142739Z-c2-lite-960x544-s3000	still-full-resize	quality_fail	530.142ms	ocr=0.8326
[2026-04-24T18:31:17+00:00] eval 20260424T145821Z-c2-lite-glyph-960x544-s4000	still-full-resize	quality_fail	567.599ms	ocr=0.8288
[2026-04-24T18:31:17+00:00] eval 20260424T151017Z-c2-lite-text-1280x736-s4500	still-full-resize	pass	935.276ms	ocr=0.8545
[2026-04-24T18:31:17+00:00] eval 20260424T152249Z-c2-lite-text-frame-scale-1280x736-s4500	frame-scale-strong	quality_fail	553.306ms	ocr=0.0000
[2026-04-24T18:31:17+00:00] eval 20260424T152418Z-c2-lite-text-frame-scale-1280x736-s4500	frame-scale-moderate	quality_fail	558.141ms	ocr=0.1053
[2026-04-24T18:31:17+00:00] eval 20260424T153539Z-c2-lite-text-static-layout-frame-scale-1280x736-s4500	frame-scale-moderate	pass	541.976ms	ocr=0.7091
[2026-04-24T18:31:17+00:00] eval 20260424T153736Z-c2-lite-text-static-layout-frame-scale-1280x736-s4500	frame-scale-strong	pass	559.048ms	ocr=0.3610
[2026-04-24T18:31:17+00:00] eval 20260424T155703Z-c2-lite-text-static-layout-element-frame-scale-1280x736-s4500	frame-scale-moderate	pass	686.369ms	ocr=0.7321
[2026-04-24T18:31:17+00:00] eval 20260424T155913Z-c2-lite-text-static-layout-element-frame-scale-1280x736-s4500	frame-scale-strong	pass	947.475ms	ocr=0.4124
[2026-04-24T18:31:17+00:00] eval 20260424T165342Z-c2-lite-text-responsive-squeeze-1280x736-s4500	responsive-squeeze	pass	575.923ms	ocr=0.7265
[2026-04-24T18:31:17+00:00] eval 20260424T165342Z-c2-lite-text-static-layout-element-frame-scale-1536x864-s5500	frame-scale-strong	quality_fail	678.824ms	ocr=0.0824
[2026-04-24T18:31:17+00:00] eval 20260424T165508Z-c2-lite-text-static-layout-element-frame-scale-1280x736-s4500	frame-scale-strong	quality_fail	654.193ms	ocr=0.0982
[2026-04-24T18:31:17+00:00] eval 20260424T165529Z-c2-lite-text-static-layout-element-frame-scale-1280x736-s4500	frame-scale-strong	quality_fail	655.405ms	ocr=0.0468
[2026-04-24T18:31:17+00:00] eval 20260424T165916796904Z-c2-lite-text-static-layout-element-frame-scale-c25-alpha-r000-1280x736-s4500	frame-scale-strong	quality_fail	658.768ms	ocr=0.0759
[2026-04-24T18:31:17+00:00] eval 20260424T165916869371Z-c2-lite-text-static-layout-element-frame-scale-c25-alpha-r025-1280x736-s4500	frame-scale-strong	quality_fail	710.178ms	ocr=0.0597
[2026-04-24T18:31:17+00:00] eval 20260424T165916871669Z-c2-lite-text-static-layout-element-frame-scale-c25-alpha-moderate-r010-1280x736-s4500	frame-scale-moderate	quality_fail	655.525ms	ocr=0.1183
[2026-04-24T18:31:17+00:00] eval 20260424T170416744300Z-c2-lite-text-responsive-squeeze-c25-responsive-strong-1280x736-s4500	responsive-squeeze	pass	547.337ms	ocr=0.4178
[2026-04-24T18:31:17+00:00] eval 20260424T170416775674Z-c2-lite-text-static-layout-element-frame-scale-c25-rectangle-r010-1280x736-s4500	frame-scale-strong	pass	669.494ms	ocr=0.4195
[2026-04-24T18:31:17+00:00] eval 20260424T174025843756Z-c2-lite-text-static-layout-element-frame-scale-c26-word-rect-moderate-r010-1280x736-s4500	frame-scale-moderate	latency_fail	3290.873ms	ocr=0.5438
[2026-04-24T18:31:17+00:00] eval 20260424T174026078431Z-c2-lite-text-static-layout-element-frame-scale-c26-word-rect-r010-1280x736-s4500	frame-scale-strong	quality_fail	3698.959ms	ocr=0.1143
[2026-04-24T18:31:17+00:00] eval 20260424T174026360652Z-c2-lite-text-static-layout-element-frame-scale-c26-line-rect-r005-1280x736-s4500	frame-scale-strong	pass	655.300ms	ocr=0.5243
[2026-04-24T18:31:17+00:00] eval 20260424T174558341805Z-c2-lite-text-responsive-squeeze-c26-responsive-xstrong-1280x736-s4500	responsive-squeeze	quality_fail	555.266ms	ocr=0.2000
[2026-04-24T18:31:17+00:00] eval 20260424T181541437774Z-c2-lite-text-static-layout-element-frame-scale-c27-line-rect-r005-pad2-1280x736-s4500	frame-scale-strong	pass	603.633ms	ocr=0.3673
[2026-04-24T18:31:17+00:00] eval 20260424T181541511063Z-c2-lite-text-static-layout-element-frame-scale-c27-line-rect-r0075-1280x736-s4500	frame-scale-strong	pass	650.038ms	ocr=0.3981
[2026-04-24T18:31:17+00:00] eval 20260424T181541520698Z-c2-lite-text-static-layout-element-frame-scale-c27-line-rect-r0025-1280x736-s4500	frame-scale-strong	pass	841.603ms	ocr=0.7097
[2026-04-24T18:31:17+00:00] eval 20260424T182043179568Z-c2-lite-text-static-layout-element-frame-scale-c27-line-rect-r005-pad6-1280x736-s4500	frame-scale-strong	quality_fail	673.498ms	ocr=0.2673
[2026-04-24T18:31:17+00:00] eval 20260424T182043479928Z-c2-lite-text-responsive-squeeze-c27-responsive-018-1280x736-s4500	responsive-squeeze	pass	577.817ms	ocr=0.3277
[2026-04-24T18:31:17+00:00] eval 20260424T182113089373Z-c2-lite-text-static-layout-element-frame-scale-c28-word-batched-r010-1280x736-s4500	frame-scale-strong	quality_fail	671.715ms	ocr=0.1135
[2026-04-24T18:31:17+00:00] eval 20260424T182614717341Z-c2-lite-text-static-layout-element-frame-scale-c28-word-batched-moderate-r010-1280x736-s4500	frame-scale-moderate	pass	647.643ms	ocr=0.5505
[2026-04-24T18:31:17+00:00] eval 20260424T182614814241Z-c2-lite-text-static-layout-element-frame-scale-c28-line-batched-r005-1280x736-s4500	frame-scale-strong	pass	641.167ms	ocr=0.4928
[2026-04-24T18:31:17+00:00] eval WROTE docs/experiments/track-c/eval-results.tsv
[2026-04-24T18:36:06+00:00] autoresearch loop started
[2026-04-24T18:36:06+00:00] launched c29-gentle-flow-010: Pleasant-motion ladder: double the C2.1 flow while trying to preserve text.
[2026-04-24T18:36:06+00:00] launched c29-gentle-flow-020: Pleasant-motion ladder: stronger learned motion, still below resize/reflow stress.
[2026-04-24T18:36:06+00:00] launched c29-product-layout-r0025: Pleasant layout-motion baseline using the best strong-stress line ratio at low layout strength.
[2026-04-24T18:36:08+00:00] eval 20260424T141533Z-c0-canvas-960x544-s1500	still-full-resize	quality_fail	364.071ms	ocr=0.7397
[2026-04-24T18:36:08+00:00] eval 20260424T141858Z-c0-canvas-960x544-s5000	still-full-resize	quality_fail	396.555ms	ocr=0.7281
[2026-04-24T18:36:08+00:00] eval 20260424T142739Z-c2-lite-960x544-s3000	still-full-resize	quality_fail	530.142ms	ocr=0.8326
[2026-04-24T18:36:08+00:00] eval 20260424T145821Z-c2-lite-glyph-960x544-s4000	still-full-resize	quality_fail	567.599ms	ocr=0.8288
[2026-04-24T18:36:08+00:00] eval 20260424T151017Z-c2-lite-text-1280x736-s4500	still-full-resize	pass	935.276ms	ocr=0.8545
[2026-04-24T18:36:08+00:00] eval 20260424T152249Z-c2-lite-text-frame-scale-1280x736-s4500	frame-scale-strong	quality_fail	553.306ms	ocr=0.0000
[2026-04-24T18:36:08+00:00] eval 20260424T152418Z-c2-lite-text-frame-scale-1280x736-s4500	frame-scale-moderate	quality_fail	558.141ms	ocr=0.1053
[2026-04-24T18:36:08+00:00] eval 20260424T153539Z-c2-lite-text-static-layout-frame-scale-1280x736-s4500	frame-scale-moderate	pass	541.976ms	ocr=0.7091
[2026-04-24T18:36:08+00:00] eval 20260424T153736Z-c2-lite-text-static-layout-frame-scale-1280x736-s4500	frame-scale-strong	pass	559.048ms	ocr=0.3610
[2026-04-24T18:36:08+00:00] eval 20260424T155703Z-c2-lite-text-static-layout-element-frame-scale-1280x736-s4500	frame-scale-moderate	pass	686.369ms	ocr=0.7321
[2026-04-24T18:36:08+00:00] eval 20260424T155913Z-c2-lite-text-static-layout-element-frame-scale-1280x736-s4500	frame-scale-strong	pass	947.475ms	ocr=0.4124
[2026-04-24T18:36:08+00:00] eval 20260424T165342Z-c2-lite-text-responsive-squeeze-1280x736-s4500	responsive-squeeze	pass	575.923ms	ocr=0.7265
[2026-04-24T18:36:08+00:00] eval 20260424T165342Z-c2-lite-text-static-layout-element-frame-scale-1536x864-s5500	frame-scale-strong	quality_fail	678.824ms	ocr=0.0824
[2026-04-24T18:36:08+00:00] eval 20260424T165508Z-c2-lite-text-static-layout-element-frame-scale-1280x736-s4500	frame-scale-strong	quality_fail	654.193ms	ocr=0.0982
[2026-04-24T18:36:08+00:00] eval 20260424T165529Z-c2-lite-text-static-layout-element-frame-scale-1280x736-s4500	frame-scale-strong	quality_fail	655.405ms	ocr=0.0468
[2026-04-24T18:36:08+00:00] eval 20260424T165916796904Z-c2-lite-text-static-layout-element-frame-scale-c25-alpha-r000-1280x736-s4500	frame-scale-strong	quality_fail	658.768ms	ocr=0.0759
[2026-04-24T18:36:08+00:00] eval 20260424T165916869371Z-c2-lite-text-static-layout-element-frame-scale-c25-alpha-r025-1280x736-s4500	frame-scale-strong	quality_fail	710.178ms	ocr=0.0597
[2026-04-24T18:36:08+00:00] eval 20260424T165916871669Z-c2-lite-text-static-layout-element-frame-scale-c25-alpha-moderate-r010-1280x736-s4500	frame-scale-moderate	quality_fail	655.525ms	ocr=0.1183
[2026-04-24T18:36:08+00:00] eval 20260424T170416744300Z-c2-lite-text-responsive-squeeze-c25-responsive-strong-1280x736-s4500	responsive-squeeze	pass	547.337ms	ocr=0.4178
[2026-04-24T18:36:08+00:00] eval 20260424T170416775674Z-c2-lite-text-static-layout-element-frame-scale-c25-rectangle-r010-1280x736-s4500	frame-scale-strong	pass	669.494ms	ocr=0.4195
[2026-04-24T18:36:08+00:00] eval 20260424T174025843756Z-c2-lite-text-static-layout-element-frame-scale-c26-word-rect-moderate-r010-1280x736-s4500	frame-scale-moderate	latency_fail	3290.873ms	ocr=0.5438
[2026-04-24T18:36:08+00:00] eval 20260424T174026078431Z-c2-lite-text-static-layout-element-frame-scale-c26-word-rect-r010-1280x736-s4500	frame-scale-strong	quality_fail	3698.959ms	ocr=0.1143
[2026-04-24T18:36:08+00:00] eval 20260424T174026360652Z-c2-lite-text-static-layout-element-frame-scale-c26-line-rect-r005-1280x736-s4500	frame-scale-strong	pass	655.300ms	ocr=0.5243
[2026-04-24T18:36:08+00:00] eval 20260424T174558341805Z-c2-lite-text-responsive-squeeze-c26-responsive-xstrong-1280x736-s4500	responsive-squeeze	quality_fail	555.266ms	ocr=0.2000
[2026-04-24T18:36:08+00:00] eval 20260424T181541437774Z-c2-lite-text-static-layout-element-frame-scale-c27-line-rect-r005-pad2-1280x736-s4500	frame-scale-strong	pass	603.633ms	ocr=0.3673
[2026-04-24T18:36:08+00:00] eval 20260424T181541511063Z-c2-lite-text-static-layout-element-frame-scale-c27-line-rect-r0075-1280x736-s4500	frame-scale-strong	pass	650.038ms	ocr=0.3981
[2026-04-24T18:36:08+00:00] eval 20260424T181541520698Z-c2-lite-text-static-layout-element-frame-scale-c27-line-rect-r0025-1280x736-s4500	frame-scale-strong	pass	841.603ms	ocr=0.7097
[2026-04-24T18:36:08+00:00] eval 20260424T182043179568Z-c2-lite-text-static-layout-element-frame-scale-c27-line-rect-r005-pad6-1280x736-s4500	frame-scale-strong	quality_fail	673.498ms	ocr=0.2673
[2026-04-24T18:36:08+00:00] eval 20260424T182043479928Z-c2-lite-text-responsive-squeeze-c27-responsive-018-1280x736-s4500	responsive-squeeze	pass	577.817ms	ocr=0.3277
[2026-04-24T18:36:08+00:00] eval 20260424T182113089373Z-c2-lite-text-static-layout-element-frame-scale-c28-word-batched-r010-1280x736-s4500	frame-scale-strong	quality_fail	671.715ms	ocr=0.1135
[2026-04-24T18:36:08+00:00] eval 20260424T182614717341Z-c2-lite-text-static-layout-element-frame-scale-c28-word-batched-moderate-r010-1280x736-s4500	frame-scale-moderate	pass	647.643ms	ocr=0.5505
[2026-04-24T18:36:08+00:00] eval 20260424T182614814241Z-c2-lite-text-static-layout-element-frame-scale-c28-line-batched-r005-1280x736-s4500	frame-scale-strong	pass	641.167ms	ocr=0.4928
[2026-04-24T18:36:08+00:00] eval WROTE docs/experiments/track-c/eval-results.tsv
[2026-04-24T18:39:33+00:00] autoresearch loop started
[2026-04-24T18:39:33+00:00] launched c30-gentle-flow-0125: Pleasant-motion boundary between the C29 0.010 pass and 0.020 quality drop.
[2026-04-24T18:39:33+00:00] launched c30-gentle-flow-015: Pleasant-motion boundary probe near the likely readability cliff.
[2026-04-24T18:39:33+00:00] launched c30-product-layout-r0025-s008: Pleasant layout-motion with best line ratio and moderate layout strength.
[2026-04-24T18:39:35+00:00] eval 20260424T141533Z-c0-canvas-960x544-s1500	still-full-resize	quality_fail	364.071ms	ocr=0.7397
[2026-04-24T18:39:35+00:00] eval 20260424T141858Z-c0-canvas-960x544-s5000	still-full-resize	quality_fail	396.555ms	ocr=0.7281
[2026-04-24T18:39:35+00:00] eval 20260424T142739Z-c2-lite-960x544-s3000	still-full-resize	quality_fail	530.142ms	ocr=0.8326
[2026-04-24T18:39:35+00:00] eval 20260424T145821Z-c2-lite-glyph-960x544-s4000	still-full-resize	quality_fail	567.599ms	ocr=0.8288
[2026-04-24T18:39:35+00:00] eval 20260424T151017Z-c2-lite-text-1280x736-s4500	still-full-resize	pass	935.276ms	ocr=0.8545
[2026-04-24T18:39:35+00:00] eval 20260424T152249Z-c2-lite-text-frame-scale-1280x736-s4500	frame-scale-strong	quality_fail	553.306ms	ocr=0.0000
[2026-04-24T18:39:35+00:00] eval 20260424T152418Z-c2-lite-text-frame-scale-1280x736-s4500	frame-scale-moderate	quality_fail	558.141ms	ocr=0.1053
[2026-04-24T18:39:35+00:00] eval 20260424T153539Z-c2-lite-text-static-layout-frame-scale-1280x736-s4500	frame-scale-moderate	pass	541.976ms	ocr=0.7091
[2026-04-24T18:39:35+00:00] eval 20260424T153736Z-c2-lite-text-static-layout-frame-scale-1280x736-s4500	frame-scale-strong	pass	559.048ms	ocr=0.3610
[2026-04-24T18:39:35+00:00] eval 20260424T155703Z-c2-lite-text-static-layout-element-frame-scale-1280x736-s4500	frame-scale-moderate	pass	686.369ms	ocr=0.7321
[2026-04-24T18:39:35+00:00] eval 20260424T155913Z-c2-lite-text-static-layout-element-frame-scale-1280x736-s4500	frame-scale-strong	pass	947.475ms	ocr=0.4124
[2026-04-24T18:39:35+00:00] eval 20260424T165342Z-c2-lite-text-responsive-squeeze-1280x736-s4500	responsive-squeeze	pass	575.923ms	ocr=0.7265
[2026-04-24T18:39:35+00:00] eval 20260424T165342Z-c2-lite-text-static-layout-element-frame-scale-1536x864-s5500	frame-scale-strong	quality_fail	678.824ms	ocr=0.0824
[2026-04-24T18:39:35+00:00] eval 20260424T165508Z-c2-lite-text-static-layout-element-frame-scale-1280x736-s4500	frame-scale-strong	quality_fail	654.193ms	ocr=0.0982
[2026-04-24T18:39:35+00:00] eval 20260424T165529Z-c2-lite-text-static-layout-element-frame-scale-1280x736-s4500	frame-scale-strong	quality_fail	655.405ms	ocr=0.0468
[2026-04-24T18:39:35+00:00] eval 20260424T165916796904Z-c2-lite-text-static-layout-element-frame-scale-c25-alpha-r000-1280x736-s4500	frame-scale-strong	quality_fail	658.768ms	ocr=0.0759
[2026-04-24T18:39:35+00:00] eval 20260424T165916869371Z-c2-lite-text-static-layout-element-frame-scale-c25-alpha-r025-1280x736-s4500	frame-scale-strong	quality_fail	710.178ms	ocr=0.0597
[2026-04-24T18:39:35+00:00] eval 20260424T165916871669Z-c2-lite-text-static-layout-element-frame-scale-c25-alpha-moderate-r010-1280x736-s4500	frame-scale-moderate	quality_fail	655.525ms	ocr=0.1183
[2026-04-24T18:39:35+00:00] eval 20260424T170416744300Z-c2-lite-text-responsive-squeeze-c25-responsive-strong-1280x736-s4500	responsive-squeeze	pass	547.337ms	ocr=0.4178
[2026-04-24T18:39:35+00:00] eval 20260424T170416775674Z-c2-lite-text-static-layout-element-frame-scale-c25-rectangle-r010-1280x736-s4500	frame-scale-strong	pass	669.494ms	ocr=0.4195
[2026-04-24T18:39:35+00:00] eval 20260424T174025843756Z-c2-lite-text-static-layout-element-frame-scale-c26-word-rect-moderate-r010-1280x736-s4500	frame-scale-moderate	latency_fail	3290.873ms	ocr=0.5438
[2026-04-24T18:39:35+00:00] eval 20260424T174026078431Z-c2-lite-text-static-layout-element-frame-scale-c26-word-rect-r010-1280x736-s4500	frame-scale-strong	quality_fail	3698.959ms	ocr=0.1143
[2026-04-24T18:39:35+00:00] eval 20260424T174026360652Z-c2-lite-text-static-layout-element-frame-scale-c26-line-rect-r005-1280x736-s4500	frame-scale-strong	pass	655.300ms	ocr=0.5243
[2026-04-24T18:39:35+00:00] eval 20260424T174558341805Z-c2-lite-text-responsive-squeeze-c26-responsive-xstrong-1280x736-s4500	responsive-squeeze	quality_fail	555.266ms	ocr=0.2000
[2026-04-24T18:39:35+00:00] eval 20260424T181541437774Z-c2-lite-text-static-layout-element-frame-scale-c27-line-rect-r005-pad2-1280x736-s4500	frame-scale-strong	pass	603.633ms	ocr=0.3673
[2026-04-24T18:39:35+00:00] eval 20260424T181541511063Z-c2-lite-text-static-layout-element-frame-scale-c27-line-rect-r0075-1280x736-s4500	frame-scale-strong	pass	650.038ms	ocr=0.3981
[2026-04-24T18:39:35+00:00] eval 20260424T181541520698Z-c2-lite-text-static-layout-element-frame-scale-c27-line-rect-r0025-1280x736-s4500	frame-scale-strong	pass	841.603ms	ocr=0.7097
[2026-04-24T18:39:35+00:00] eval 20260424T182043179568Z-c2-lite-text-static-layout-element-frame-scale-c27-line-rect-r005-pad6-1280x736-s4500	frame-scale-strong	quality_fail	673.498ms	ocr=0.2673
[2026-04-24T18:39:35+00:00] eval 20260424T182043479928Z-c2-lite-text-responsive-squeeze-c27-responsive-018-1280x736-s4500	responsive-squeeze	pass	577.817ms	ocr=0.3277
[2026-04-24T18:39:35+00:00] eval 20260424T182113089373Z-c2-lite-text-static-layout-element-frame-scale-c28-word-batched-r010-1280x736-s4500	frame-scale-strong	quality_fail	671.715ms	ocr=0.1135
[2026-04-24T18:39:35+00:00] eval 20260424T182614717341Z-c2-lite-text-static-layout-element-frame-scale-c28-word-batched-moderate-r010-1280x736-s4500	frame-scale-moderate	pass	647.643ms	ocr=0.5505
[2026-04-24T18:39:35+00:00] eval 20260424T182614814241Z-c2-lite-text-static-layout-element-frame-scale-c28-line-batched-r005-1280x736-s4500	frame-scale-strong	pass	641.167ms	ocr=0.4928
[2026-04-24T18:39:35+00:00] eval 20260424T183608003876Z-c2-lite-text-c29-gentle-flow-010-1280x736-s4500	subtle-motion-loop	pass	548.963ms	ocr=0.8402
[2026-04-24T18:39:35+00:00] eval 20260424T183608005020Z-c2-lite-text-static-layout-element-frame-scale-c29-product-layout-r0025-1280x736-s4500	frame-scale-moderate	pass	627.449ms	ocr=0.7713
[2026-04-24T18:39:35+00:00] eval 20260424T183608071937Z-c2-lite-text-c29-gentle-flow-020-1280x736-s4500	subtle-motion-loop	quality_fail	509.898ms	ocr=0.7123
[2026-04-24T18:39:35+00:00] eval WROTE docs/experiments/track-c/eval-results.tsv
[2026-04-24T18:44:06+00:00] launched c30-line-batched-r0025-strong: Batched control for the current best strong-stress line ratio.
[2026-04-24T18:44:08+00:00] eval 20260424T141533Z-c0-canvas-960x544-s1500	still-full-resize	quality_fail	364.071ms	ocr=0.7397
[2026-04-24T18:44:08+00:00] eval 20260424T141858Z-c0-canvas-960x544-s5000	still-full-resize	quality_fail	396.555ms	ocr=0.7281
[2026-04-24T18:44:08+00:00] eval 20260424T142739Z-c2-lite-960x544-s3000	still-full-resize	quality_fail	530.142ms	ocr=0.8326
[2026-04-24T18:44:08+00:00] eval 20260424T145821Z-c2-lite-glyph-960x544-s4000	still-full-resize	quality_fail	567.599ms	ocr=0.8288
[2026-04-24T18:44:08+00:00] eval 20260424T151017Z-c2-lite-text-1280x736-s4500	still-full-resize	pass	935.276ms	ocr=0.8545
[2026-04-24T18:44:08+00:00] eval 20260424T152249Z-c2-lite-text-frame-scale-1280x736-s4500	frame-scale-strong	quality_fail	553.306ms	ocr=0.0000
[2026-04-24T18:44:08+00:00] eval 20260424T152418Z-c2-lite-text-frame-scale-1280x736-s4500	frame-scale-moderate	quality_fail	558.141ms	ocr=0.1053
[2026-04-24T18:44:08+00:00] eval 20260424T153539Z-c2-lite-text-static-layout-frame-scale-1280x736-s4500	frame-scale-moderate	pass	541.976ms	ocr=0.7091
[2026-04-24T18:44:08+00:00] eval 20260424T153736Z-c2-lite-text-static-layout-frame-scale-1280x736-s4500	frame-scale-strong	pass	559.048ms	ocr=0.3610
[2026-04-24T18:44:08+00:00] eval 20260424T155703Z-c2-lite-text-static-layout-element-frame-scale-1280x736-s4500	frame-scale-moderate	pass	686.369ms	ocr=0.7321
[2026-04-24T18:44:08+00:00] eval 20260424T155913Z-c2-lite-text-static-layout-element-frame-scale-1280x736-s4500	frame-scale-strong	pass	947.475ms	ocr=0.4124
[2026-04-24T18:44:08+00:00] eval 20260424T165342Z-c2-lite-text-responsive-squeeze-1280x736-s4500	responsive-squeeze	pass	575.923ms	ocr=0.7265
[2026-04-24T18:44:08+00:00] eval 20260424T165342Z-c2-lite-text-static-layout-element-frame-scale-1536x864-s5500	frame-scale-strong	quality_fail	678.824ms	ocr=0.0824
[2026-04-24T18:44:08+00:00] eval 20260424T165508Z-c2-lite-text-static-layout-element-frame-scale-1280x736-s4500	frame-scale-strong	quality_fail	654.193ms	ocr=0.0982
[2026-04-24T18:44:08+00:00] eval 20260424T165529Z-c2-lite-text-static-layout-element-frame-scale-1280x736-s4500	frame-scale-strong	quality_fail	655.405ms	ocr=0.0468
[2026-04-24T18:44:08+00:00] eval 20260424T165916796904Z-c2-lite-text-static-layout-element-frame-scale-c25-alpha-r000-1280x736-s4500	frame-scale-strong	quality_fail	658.768ms	ocr=0.0759
[2026-04-24T18:44:08+00:00] eval 20260424T165916869371Z-c2-lite-text-static-layout-element-frame-scale-c25-alpha-r025-1280x736-s4500	frame-scale-strong	quality_fail	710.178ms	ocr=0.0597
[2026-04-24T18:44:08+00:00] eval 20260424T165916871669Z-c2-lite-text-static-layout-element-frame-scale-c25-alpha-moderate-r010-1280x736-s4500	frame-scale-moderate	quality_fail	655.525ms	ocr=0.1183
[2026-04-24T18:44:08+00:00] eval 20260424T170416744300Z-c2-lite-text-responsive-squeeze-c25-responsive-strong-1280x736-s4500	responsive-squeeze	pass	547.337ms	ocr=0.4178
[2026-04-24T18:44:08+00:00] eval 20260424T170416775674Z-c2-lite-text-static-layout-element-frame-scale-c25-rectangle-r010-1280x736-s4500	frame-scale-strong	pass	669.494ms	ocr=0.4195
[2026-04-24T18:44:08+00:00] eval 20260424T174025843756Z-c2-lite-text-static-layout-element-frame-scale-c26-word-rect-moderate-r010-1280x736-s4500	frame-scale-moderate	latency_fail	3290.873ms	ocr=0.5438
[2026-04-24T18:44:08+00:00] eval 20260424T174026078431Z-c2-lite-text-static-layout-element-frame-scale-c26-word-rect-r010-1280x736-s4500	frame-scale-strong	quality_fail	3698.959ms	ocr=0.1143
[2026-04-24T18:44:08+00:00] eval 20260424T174026360652Z-c2-lite-text-static-layout-element-frame-scale-c26-line-rect-r005-1280x736-s4500	frame-scale-strong	pass	655.300ms	ocr=0.5243
[2026-04-24T18:44:08+00:00] eval 20260424T174558341805Z-c2-lite-text-responsive-squeeze-c26-responsive-xstrong-1280x736-s4500	responsive-squeeze	quality_fail	555.266ms	ocr=0.2000
[2026-04-24T18:44:08+00:00] eval 20260424T181541437774Z-c2-lite-text-static-layout-element-frame-scale-c27-line-rect-r005-pad2-1280x736-s4500	frame-scale-strong	pass	603.633ms	ocr=0.3673
[2026-04-24T18:44:08+00:00] eval 20260424T181541511063Z-c2-lite-text-static-layout-element-frame-scale-c27-line-rect-r0075-1280x736-s4500	frame-scale-strong	pass	650.038ms	ocr=0.3981
[2026-04-24T18:44:08+00:00] eval 20260424T181541520698Z-c2-lite-text-static-layout-element-frame-scale-c27-line-rect-r0025-1280x736-s4500	frame-scale-strong	pass	841.603ms	ocr=0.7097
[2026-04-24T18:44:08+00:00] eval 20260424T182043179568Z-c2-lite-text-static-layout-element-frame-scale-c27-line-rect-r005-pad6-1280x736-s4500	frame-scale-strong	quality_fail	673.498ms	ocr=0.2673
[2026-04-24T18:44:08+00:00] eval 20260424T182043479928Z-c2-lite-text-responsive-squeeze-c27-responsive-018-1280x736-s4500	responsive-squeeze	pass	577.817ms	ocr=0.3277
[2026-04-24T18:44:08+00:00] eval 20260424T182113089373Z-c2-lite-text-static-layout-element-frame-scale-c28-word-batched-r010-1280x736-s4500	frame-scale-strong	quality_fail	671.715ms	ocr=0.1135
[2026-04-24T18:44:08+00:00] eval 20260424T182614717341Z-c2-lite-text-static-layout-element-frame-scale-c28-word-batched-moderate-r010-1280x736-s4500	frame-scale-moderate	pass	647.643ms	ocr=0.5505
[2026-04-24T18:44:08+00:00] eval 20260424T182614814241Z-c2-lite-text-static-layout-element-frame-scale-c28-line-batched-r005-1280x736-s4500	frame-scale-strong	pass	641.167ms	ocr=0.4928
[2026-04-24T18:44:08+00:00] eval 20260424T183608003876Z-c2-lite-text-c29-gentle-flow-010-1280x736-s4500	subtle-motion-loop	pass	548.963ms	ocr=0.8402
[2026-04-24T18:44:08+00:00] eval 20260424T183608005020Z-c2-lite-text-static-layout-element-frame-scale-c29-product-layout-r0025-1280x736-s4500	frame-scale-moderate	pass	627.449ms	ocr=0.7713
[2026-04-24T18:44:08+00:00] eval 20260424T183608071937Z-c2-lite-text-c29-gentle-flow-020-1280x736-s4500	subtle-motion-loop	quality_fail	509.898ms	ocr=0.7123
[2026-04-24T18:44:08+00:00] eval 20260424T183934464437Z-c2-lite-text-c30-gentle-flow-015-1280x736-s4500	subtle-motion-loop	quality_fail	540.984ms	ocr=0.7615
[2026-04-24T18:44:08+00:00] eval 20260424T183934521841Z-c2-lite-text-static-layout-element-frame-scale-c30-product-layout-r0025-s008-1280x736-s4500	frame-scale-moderate	pass	631.642ms	ocr=0.7580
[2026-04-24T18:44:08+00:00] eval 20260424T183934556364Z-c2-lite-text-c30-gentle-flow-0125-1280x736-s4500	subtle-motion-loop	pass	525.153ms	ocr=0.8545
[2026-04-24T18:44:08+00:00] eval WROTE docs/experiments/track-c/eval-results.tsv
[2026-04-24T18:44:37+00:00] eval 20260424T141533Z-c0-canvas-960x544-s1500	still-full-resize	quality_fail	364.071ms	ocr=0.7397
[2026-04-24T18:44:37+00:00] eval 20260424T141858Z-c0-canvas-960x544-s5000	still-full-resize	quality_fail	396.555ms	ocr=0.7281
[2026-04-24T18:44:37+00:00] eval 20260424T142739Z-c2-lite-960x544-s3000	still-full-resize	quality_fail	530.142ms	ocr=0.8326
[2026-04-24T18:44:37+00:00] eval 20260424T145821Z-c2-lite-glyph-960x544-s4000	still-full-resize	quality_fail	567.599ms	ocr=0.8288
[2026-04-24T18:44:37+00:00] eval 20260424T151017Z-c2-lite-text-1280x736-s4500	still-full-resize	pass	935.276ms	ocr=0.8545
[2026-04-24T18:44:37+00:00] eval 20260424T152249Z-c2-lite-text-frame-scale-1280x736-s4500	frame-scale-strong	quality_fail	553.306ms	ocr=0.0000
[2026-04-24T18:44:37+00:00] eval 20260424T152418Z-c2-lite-text-frame-scale-1280x736-s4500	frame-scale-moderate	quality_fail	558.141ms	ocr=0.1053
[2026-04-24T18:44:37+00:00] eval 20260424T153539Z-c2-lite-text-static-layout-frame-scale-1280x736-s4500	frame-scale-moderate	pass	541.976ms	ocr=0.7091
[2026-04-24T18:44:37+00:00] eval 20260424T153736Z-c2-lite-text-static-layout-frame-scale-1280x736-s4500	frame-scale-strong	pass	559.048ms	ocr=0.3610
[2026-04-24T18:44:37+00:00] eval 20260424T155703Z-c2-lite-text-static-layout-element-frame-scale-1280x736-s4500	frame-scale-moderate	pass	686.369ms	ocr=0.7321
[2026-04-24T18:44:37+00:00] eval 20260424T155913Z-c2-lite-text-static-layout-element-frame-scale-1280x736-s4500	frame-scale-strong	pass	947.475ms	ocr=0.4124
[2026-04-24T18:44:37+00:00] eval 20260424T165342Z-c2-lite-text-responsive-squeeze-1280x736-s4500	responsive-squeeze	pass	575.923ms	ocr=0.7265
[2026-04-24T18:44:37+00:00] eval 20260424T165342Z-c2-lite-text-static-layout-element-frame-scale-1536x864-s5500	frame-scale-strong	quality_fail	678.824ms	ocr=0.0824
[2026-04-24T18:44:37+00:00] eval 20260424T165508Z-c2-lite-text-static-layout-element-frame-scale-1280x736-s4500	frame-scale-strong	quality_fail	654.193ms	ocr=0.0982
[2026-04-24T18:44:37+00:00] eval 20260424T165529Z-c2-lite-text-static-layout-element-frame-scale-1280x736-s4500	frame-scale-strong	quality_fail	655.405ms	ocr=0.0468
[2026-04-24T18:44:37+00:00] eval 20260424T165916796904Z-c2-lite-text-static-layout-element-frame-scale-c25-alpha-r000-1280x736-s4500	frame-scale-strong	quality_fail	658.768ms	ocr=0.0759
[2026-04-24T18:44:37+00:00] eval 20260424T165916869371Z-c2-lite-text-static-layout-element-frame-scale-c25-alpha-r025-1280x736-s4500	frame-scale-strong	quality_fail	710.178ms	ocr=0.0597
[2026-04-24T18:44:37+00:00] eval 20260424T165916871669Z-c2-lite-text-static-layout-element-frame-scale-c25-alpha-moderate-r010-1280x736-s4500	frame-scale-moderate	quality_fail	655.525ms	ocr=0.1183
[2026-04-24T18:44:37+00:00] eval 20260424T170416744300Z-c2-lite-text-responsive-squeeze-c25-responsive-strong-1280x736-s4500	responsive-squeeze	pass	547.337ms	ocr=0.4178
[2026-04-24T18:44:37+00:00] eval 20260424T170416775674Z-c2-lite-text-static-layout-element-frame-scale-c25-rectangle-r010-1280x736-s4500	frame-scale-strong	pass	669.494ms	ocr=0.4195
[2026-04-24T18:44:37+00:00] eval 20260424T174025843756Z-c2-lite-text-static-layout-element-frame-scale-c26-word-rect-moderate-r010-1280x736-s4500	frame-scale-moderate	latency_fail	3290.873ms	ocr=0.5438
[2026-04-24T18:44:37+00:00] eval 20260424T174026078431Z-c2-lite-text-static-layout-element-frame-scale-c26-word-rect-r010-1280x736-s4500	frame-scale-strong	quality_fail	3698.959ms	ocr=0.1143
[2026-04-24T18:44:37+00:00] eval 20260424T174026360652Z-c2-lite-text-static-layout-element-frame-scale-c26-line-rect-r005-1280x736-s4500	frame-scale-strong	pass	655.300ms	ocr=0.5243
[2026-04-24T18:44:37+00:00] eval 20260424T174558341805Z-c2-lite-text-responsive-squeeze-c26-responsive-xstrong-1280x736-s4500	responsive-squeeze	quality_fail	555.266ms	ocr=0.2000
[2026-04-24T18:44:37+00:00] eval 20260424T181541437774Z-c2-lite-text-static-layout-element-frame-scale-c27-line-rect-r005-pad2-1280x736-s4500	frame-scale-strong	pass	603.633ms	ocr=0.3673
[2026-04-24T18:44:37+00:00] eval 20260424T181541511063Z-c2-lite-text-static-layout-element-frame-scale-c27-line-rect-r0075-1280x736-s4500	frame-scale-strong	pass	650.038ms	ocr=0.3981
[2026-04-24T18:44:37+00:00] eval 20260424T181541520698Z-c2-lite-text-static-layout-element-frame-scale-c27-line-rect-r0025-1280x736-s4500	frame-scale-strong	pass	841.603ms	ocr=0.7097
[2026-04-24T18:44:37+00:00] eval 20260424T182043179568Z-c2-lite-text-static-layout-element-frame-scale-c27-line-rect-r005-pad6-1280x736-s4500	frame-scale-strong	quality_fail	673.498ms	ocr=0.2673
[2026-04-24T18:44:37+00:00] eval 20260424T182043479928Z-c2-lite-text-responsive-squeeze-c27-responsive-018-1280x736-s4500	responsive-squeeze	pass	577.817ms	ocr=0.3277
[2026-04-24T18:44:37+00:00] eval 20260424T182113089373Z-c2-lite-text-static-layout-element-frame-scale-c28-word-batched-r010-1280x736-s4500	frame-scale-strong	quality_fail	671.715ms	ocr=0.1135
[2026-04-24T18:44:37+00:00] eval 20260424T182614717341Z-c2-lite-text-static-layout-element-frame-scale-c28-word-batched-moderate-r010-1280x736-s4500	frame-scale-moderate	pass	647.643ms	ocr=0.5505
[2026-04-24T18:44:37+00:00] eval 20260424T182614814241Z-c2-lite-text-static-layout-element-frame-scale-c28-line-batched-r005-1280x736-s4500	frame-scale-strong	pass	641.167ms	ocr=0.4928
[2026-04-24T18:44:37+00:00] eval 20260424T183608003876Z-c2-lite-text-c29-gentle-flow-010-1280x736-s4500	subtle-motion-loop	pass	548.963ms	ocr=0.8402
[2026-04-24T18:44:37+00:00] eval 20260424T183608005020Z-c2-lite-text-static-layout-element-frame-scale-c29-product-layout-r0025-1280x736-s4500	frame-scale-moderate	pass	627.449ms	ocr=0.7713
[2026-04-24T18:44:37+00:00] eval 20260424T183608071937Z-c2-lite-text-c29-gentle-flow-020-1280x736-s4500	subtle-motion-loop	quality_fail	509.898ms	ocr=0.7123
[2026-04-24T18:44:37+00:00] eval 20260424T183934464437Z-c2-lite-text-c30-gentle-flow-015-1280x736-s4500	subtle-motion-loop	quality_fail	540.984ms	ocr=0.7615
[2026-04-24T18:44:37+00:00] eval 20260424T183934521841Z-c2-lite-text-static-layout-element-frame-scale-c30-product-layout-r0025-s008-1280x736-s4500	frame-scale-moderate	pass	631.642ms	ocr=0.7580
[2026-04-24T18:44:37+00:00] eval 20260424T183934556364Z-c2-lite-text-c30-gentle-flow-0125-1280x736-s4500	subtle-motion-loop	pass	525.153ms	ocr=0.8545
[2026-04-24T18:44:37+00:00] eval WROTE docs/experiments/track-c/eval-results.tsv
[2026-04-24T18:49:40+00:00] eval 20260424T141533Z-c0-canvas-960x544-s1500	still-full-resize	quality_fail	364.071ms	ocr=0.7397
[2026-04-24T18:49:40+00:00] eval 20260424T141858Z-c0-canvas-960x544-s5000	still-full-resize	quality_fail	396.555ms	ocr=0.7281
[2026-04-24T18:49:40+00:00] eval 20260424T142739Z-c2-lite-960x544-s3000	still-full-resize	quality_fail	530.142ms	ocr=0.8326
[2026-04-24T18:49:40+00:00] eval 20260424T145821Z-c2-lite-glyph-960x544-s4000	still-full-resize	quality_fail	567.599ms	ocr=0.8288
[2026-04-24T18:49:40+00:00] eval 20260424T151017Z-c2-lite-text-1280x736-s4500	still-full-resize	pass	935.276ms	ocr=0.8545
[2026-04-24T18:49:40+00:00] eval 20260424T152249Z-c2-lite-text-frame-scale-1280x736-s4500	frame-scale-strong	quality_fail	553.306ms	ocr=0.0000
[2026-04-24T18:49:40+00:00] eval 20260424T152418Z-c2-lite-text-frame-scale-1280x736-s4500	frame-scale-moderate	quality_fail	558.141ms	ocr=0.1053
[2026-04-24T18:49:40+00:00] eval 20260424T153539Z-c2-lite-text-static-layout-frame-scale-1280x736-s4500	frame-scale-moderate	pass	541.976ms	ocr=0.7091
[2026-04-24T18:49:40+00:00] eval 20260424T153736Z-c2-lite-text-static-layout-frame-scale-1280x736-s4500	frame-scale-strong	pass	559.048ms	ocr=0.3610
[2026-04-24T18:49:40+00:00] eval 20260424T155703Z-c2-lite-text-static-layout-element-frame-scale-1280x736-s4500	frame-scale-moderate	pass	686.369ms	ocr=0.7321
[2026-04-24T18:49:40+00:00] eval 20260424T155913Z-c2-lite-text-static-layout-element-frame-scale-1280x736-s4500	frame-scale-strong	pass	947.475ms	ocr=0.4124
[2026-04-24T18:49:40+00:00] eval 20260424T165342Z-c2-lite-text-responsive-squeeze-1280x736-s4500	responsive-squeeze	pass	575.923ms	ocr=0.7265
[2026-04-24T18:49:40+00:00] eval 20260424T165342Z-c2-lite-text-static-layout-element-frame-scale-1536x864-s5500	frame-scale-strong	quality_fail	678.824ms	ocr=0.0824
[2026-04-24T18:49:40+00:00] eval 20260424T165508Z-c2-lite-text-static-layout-element-frame-scale-1280x736-s4500	frame-scale-strong	quality_fail	654.193ms	ocr=0.0982
[2026-04-24T18:49:40+00:00] eval 20260424T165529Z-c2-lite-text-static-layout-element-frame-scale-1280x736-s4500	frame-scale-strong	quality_fail	655.405ms	ocr=0.0468
[2026-04-24T18:49:40+00:00] eval 20260424T165916796904Z-c2-lite-text-static-layout-element-frame-scale-c25-alpha-r000-1280x736-s4500	frame-scale-strong	quality_fail	658.768ms	ocr=0.0759
[2026-04-24T18:49:40+00:00] eval 20260424T165916869371Z-c2-lite-text-static-layout-element-frame-scale-c25-alpha-r025-1280x736-s4500	frame-scale-strong	quality_fail	710.178ms	ocr=0.0597
[2026-04-24T18:49:40+00:00] eval 20260424T165916871669Z-c2-lite-text-static-layout-element-frame-scale-c25-alpha-moderate-r010-1280x736-s4500	frame-scale-moderate	quality_fail	655.525ms	ocr=0.1183
[2026-04-24T18:49:40+00:00] eval 20260424T170416744300Z-c2-lite-text-responsive-squeeze-c25-responsive-strong-1280x736-s4500	responsive-squeeze	pass	547.337ms	ocr=0.4178
[2026-04-24T18:49:40+00:00] eval 20260424T170416775674Z-c2-lite-text-static-layout-element-frame-scale-c25-rectangle-r010-1280x736-s4500	frame-scale-strong	pass	669.494ms	ocr=0.4195
[2026-04-24T18:49:40+00:00] eval 20260424T174025843756Z-c2-lite-text-static-layout-element-frame-scale-c26-word-rect-moderate-r010-1280x736-s4500	frame-scale-moderate	latency_fail	3290.873ms	ocr=0.5438
[2026-04-24T18:49:40+00:00] eval 20260424T174026078431Z-c2-lite-text-static-layout-element-frame-scale-c26-word-rect-r010-1280x736-s4500	frame-scale-strong	quality_fail	3698.959ms	ocr=0.1143
[2026-04-24T18:49:40+00:00] eval 20260424T174026360652Z-c2-lite-text-static-layout-element-frame-scale-c26-line-rect-r005-1280x736-s4500	frame-scale-strong	pass	655.300ms	ocr=0.5243
[2026-04-24T18:49:40+00:00] eval 20260424T174558341805Z-c2-lite-text-responsive-squeeze-c26-responsive-xstrong-1280x736-s4500	responsive-squeeze	quality_fail	555.266ms	ocr=0.2000
[2026-04-24T18:49:40+00:00] eval 20260424T181541437774Z-c2-lite-text-static-layout-element-frame-scale-c27-line-rect-r005-pad2-1280x736-s4500	frame-scale-strong	pass	603.633ms	ocr=0.3673
[2026-04-24T18:49:40+00:00] eval 20260424T181541511063Z-c2-lite-text-static-layout-element-frame-scale-c27-line-rect-r0075-1280x736-s4500	frame-scale-strong	pass	650.038ms	ocr=0.3981
[2026-04-24T18:49:40+00:00] eval 20260424T181541520698Z-c2-lite-text-static-layout-element-frame-scale-c27-line-rect-r0025-1280x736-s4500	frame-scale-strong	pass	841.603ms	ocr=0.7097
[2026-04-24T18:49:40+00:00] eval 20260424T182043179568Z-c2-lite-text-static-layout-element-frame-scale-c27-line-rect-r005-pad6-1280x736-s4500	frame-scale-strong	quality_fail	673.498ms	ocr=0.2673
[2026-04-24T18:49:40+00:00] eval 20260424T182043479928Z-c2-lite-text-responsive-squeeze-c27-responsive-018-1280x736-s4500	responsive-squeeze	pass	577.817ms	ocr=0.3277
[2026-04-24T18:49:40+00:00] eval 20260424T182113089373Z-c2-lite-text-static-layout-element-frame-scale-c28-word-batched-r010-1280x736-s4500	frame-scale-strong	quality_fail	671.715ms	ocr=0.1135
[2026-04-24T18:49:40+00:00] eval 20260424T182614717341Z-c2-lite-text-static-layout-element-frame-scale-c28-word-batched-moderate-r010-1280x736-s4500	frame-scale-moderate	pass	647.643ms	ocr=0.5505
[2026-04-24T18:49:40+00:00] eval 20260424T182614814241Z-c2-lite-text-static-layout-element-frame-scale-c28-line-batched-r005-1280x736-s4500	frame-scale-strong	pass	641.167ms	ocr=0.4928
[2026-04-24T18:49:40+00:00] eval 20260424T183608003876Z-c2-lite-text-c29-gentle-flow-010-1280x736-s4500	subtle-motion-loop	pass	548.963ms	ocr=0.8402
[2026-04-24T18:49:40+00:00] eval 20260424T183608005020Z-c2-lite-text-static-layout-element-frame-scale-c29-product-layout-r0025-1280x736-s4500	frame-scale-moderate	pass	627.449ms	ocr=0.7713
[2026-04-24T18:49:40+00:00] eval 20260424T183608071937Z-c2-lite-text-c29-gentle-flow-020-1280x736-s4500	subtle-motion-loop	quality_fail	509.898ms	ocr=0.7123
[2026-04-24T18:49:40+00:00] eval 20260424T183934464437Z-c2-lite-text-c30-gentle-flow-015-1280x736-s4500	subtle-motion-loop	quality_fail	540.984ms	ocr=0.7615
[2026-04-24T18:49:40+00:00] eval 20260424T183934521841Z-c2-lite-text-static-layout-element-frame-scale-c30-product-layout-r0025-s008-1280x736-s4500	frame-scale-moderate	pass	631.642ms	ocr=0.7580
[2026-04-24T18:49:40+00:00] eval 20260424T183934556364Z-c2-lite-text-c30-gentle-flow-0125-1280x736-s4500	subtle-motion-loop	pass	525.153ms	ocr=0.8545
[2026-04-24T18:49:40+00:00] eval 20260424T184407805047Z-c2-lite-text-static-layout-element-frame-scale-c30-line-batched-r0025-strong-1280x736-s4500	frame-scale-strong	quality_fail	627.692ms	ocr=0.4976
[2026-04-24T18:49:40+00:00] eval WROTE docs/experiments/track-c/eval-results.tsv
[2026-04-24T18:54:44+00:00] eval 20260424T141533Z-c0-canvas-960x544-s1500	still-full-resize	quality_fail	364.071ms	ocr=0.7397
[2026-04-24T18:54:44+00:00] eval 20260424T141858Z-c0-canvas-960x544-s5000	still-full-resize	quality_fail	396.555ms	ocr=0.7281
[2026-04-24T18:54:44+00:00] eval 20260424T142739Z-c2-lite-960x544-s3000	still-full-resize	quality_fail	530.142ms	ocr=0.8326
[2026-04-24T18:54:44+00:00] eval 20260424T145821Z-c2-lite-glyph-960x544-s4000	still-full-resize	quality_fail	567.599ms	ocr=0.8288
[2026-04-24T18:54:44+00:00] eval 20260424T151017Z-c2-lite-text-1280x736-s4500	still-full-resize	pass	935.276ms	ocr=0.8545
[2026-04-24T18:54:44+00:00] eval 20260424T152249Z-c2-lite-text-frame-scale-1280x736-s4500	frame-scale-strong	quality_fail	553.306ms	ocr=0.0000
[2026-04-24T18:54:44+00:00] eval 20260424T152418Z-c2-lite-text-frame-scale-1280x736-s4500	frame-scale-moderate	quality_fail	558.141ms	ocr=0.1053
[2026-04-24T18:54:44+00:00] eval 20260424T153539Z-c2-lite-text-static-layout-frame-scale-1280x736-s4500	frame-scale-moderate	pass	541.976ms	ocr=0.7091
[2026-04-24T18:54:44+00:00] eval 20260424T153736Z-c2-lite-text-static-layout-frame-scale-1280x736-s4500	frame-scale-strong	pass	559.048ms	ocr=0.3610
[2026-04-24T18:54:44+00:00] eval 20260424T155703Z-c2-lite-text-static-layout-element-frame-scale-1280x736-s4500	frame-scale-moderate	pass	686.369ms	ocr=0.7321
[2026-04-24T18:54:44+00:00] eval 20260424T155913Z-c2-lite-text-static-layout-element-frame-scale-1280x736-s4500	frame-scale-strong	pass	947.475ms	ocr=0.4124
[2026-04-24T18:54:44+00:00] eval 20260424T165342Z-c2-lite-text-responsive-squeeze-1280x736-s4500	responsive-squeeze	pass	575.923ms	ocr=0.7265
[2026-04-24T18:54:44+00:00] eval 20260424T165342Z-c2-lite-text-static-layout-element-frame-scale-1536x864-s5500	frame-scale-strong	quality_fail	678.824ms	ocr=0.0824
[2026-04-24T18:54:44+00:00] eval 20260424T165508Z-c2-lite-text-static-layout-element-frame-scale-1280x736-s4500	frame-scale-strong	quality_fail	654.193ms	ocr=0.0982
[2026-04-24T18:54:44+00:00] eval 20260424T165529Z-c2-lite-text-static-layout-element-frame-scale-1280x736-s4500	frame-scale-strong	quality_fail	655.405ms	ocr=0.0468
[2026-04-24T18:54:44+00:00] eval 20260424T165916796904Z-c2-lite-text-static-layout-element-frame-scale-c25-alpha-r000-1280x736-s4500	frame-scale-strong	quality_fail	658.768ms	ocr=0.0759
[2026-04-24T18:54:44+00:00] eval 20260424T165916869371Z-c2-lite-text-static-layout-element-frame-scale-c25-alpha-r025-1280x736-s4500	frame-scale-strong	quality_fail	710.178ms	ocr=0.0597
[2026-04-24T18:54:44+00:00] eval 20260424T165916871669Z-c2-lite-text-static-layout-element-frame-scale-c25-alpha-moderate-r010-1280x736-s4500	frame-scale-moderate	quality_fail	655.525ms	ocr=0.1183
[2026-04-24T18:54:44+00:00] eval 20260424T170416744300Z-c2-lite-text-responsive-squeeze-c25-responsive-strong-1280x736-s4500	responsive-squeeze	pass	547.337ms	ocr=0.4178
[2026-04-24T18:54:44+00:00] eval 20260424T170416775674Z-c2-lite-text-static-layout-element-frame-scale-c25-rectangle-r010-1280x736-s4500	frame-scale-strong	pass	669.494ms	ocr=0.4195
[2026-04-24T18:54:44+00:00] eval 20260424T174025843756Z-c2-lite-text-static-layout-element-frame-scale-c26-word-rect-moderate-r010-1280x736-s4500	frame-scale-moderate	latency_fail	3290.873ms	ocr=0.5438
[2026-04-24T18:54:44+00:00] eval 20260424T174026078431Z-c2-lite-text-static-layout-element-frame-scale-c26-word-rect-r010-1280x736-s4500	frame-scale-strong	quality_fail	3698.959ms	ocr=0.1143
[2026-04-24T18:54:44+00:00] eval 20260424T174026360652Z-c2-lite-text-static-layout-element-frame-scale-c26-line-rect-r005-1280x736-s4500	frame-scale-strong	pass	655.300ms	ocr=0.5243
[2026-04-24T18:54:44+00:00] eval 20260424T174558341805Z-c2-lite-text-responsive-squeeze-c26-responsive-xstrong-1280x736-s4500	responsive-squeeze	quality_fail	555.266ms	ocr=0.2000
[2026-04-24T18:54:44+00:00] eval 20260424T181541437774Z-c2-lite-text-static-layout-element-frame-scale-c27-line-rect-r005-pad2-1280x736-s4500	frame-scale-strong	pass	603.633ms	ocr=0.3673
[2026-04-24T18:54:44+00:00] eval 20260424T181541511063Z-c2-lite-text-static-layout-element-frame-scale-c27-line-rect-r0075-1280x736-s4500	frame-scale-strong	pass	650.038ms	ocr=0.3981
[2026-04-24T18:54:44+00:00] eval 20260424T181541520698Z-c2-lite-text-static-layout-element-frame-scale-c27-line-rect-r0025-1280x736-s4500	frame-scale-strong	pass	841.603ms	ocr=0.7097
[2026-04-24T18:54:44+00:00] eval 20260424T182043179568Z-c2-lite-text-static-layout-element-frame-scale-c27-line-rect-r005-pad6-1280x736-s4500	frame-scale-strong	quality_fail	673.498ms	ocr=0.2673
[2026-04-24T18:54:44+00:00] eval 20260424T182043479928Z-c2-lite-text-responsive-squeeze-c27-responsive-018-1280x736-s4500	responsive-squeeze	pass	577.817ms	ocr=0.3277
[2026-04-24T18:54:44+00:00] eval 20260424T182113089373Z-c2-lite-text-static-layout-element-frame-scale-c28-word-batched-r010-1280x736-s4500	frame-scale-strong	quality_fail	671.715ms	ocr=0.1135
[2026-04-24T18:54:44+00:00] eval 20260424T182614717341Z-c2-lite-text-static-layout-element-frame-scale-c28-word-batched-moderate-r010-1280x736-s4500	frame-scale-moderate	pass	647.643ms	ocr=0.5505
[2026-04-24T18:54:44+00:00] eval 20260424T182614814241Z-c2-lite-text-static-layout-element-frame-scale-c28-line-batched-r005-1280x736-s4500	frame-scale-strong	pass	641.167ms	ocr=0.4928
[2026-04-24T18:54:44+00:00] eval 20260424T183608003876Z-c2-lite-text-c29-gentle-flow-010-1280x736-s4500	subtle-motion-loop	pass	548.963ms	ocr=0.8402
[2026-04-24T18:54:44+00:00] eval 20260424T183608005020Z-c2-lite-text-static-layout-element-frame-scale-c29-product-layout-r0025-1280x736-s4500	frame-scale-moderate	pass	627.449ms	ocr=0.7713
[2026-04-24T18:54:44+00:00] eval 20260424T183608071937Z-c2-lite-text-c29-gentle-flow-020-1280x736-s4500	subtle-motion-loop	quality_fail	509.898ms	ocr=0.7123
[2026-04-24T18:54:44+00:00] eval 20260424T183934464437Z-c2-lite-text-c30-gentle-flow-015-1280x736-s4500	subtle-motion-loop	quality_fail	540.984ms	ocr=0.7615
[2026-04-24T18:54:44+00:00] eval 20260424T183934521841Z-c2-lite-text-static-layout-element-frame-scale-c30-product-layout-r0025-s008-1280x736-s4500	frame-scale-moderate	pass	631.642ms	ocr=0.7580
[2026-04-24T18:54:44+00:00] eval 20260424T183934556364Z-c2-lite-text-c30-gentle-flow-0125-1280x736-s4500	subtle-motion-loop	pass	525.153ms	ocr=0.8545
[2026-04-24T18:54:44+00:00] eval 20260424T184407805047Z-c2-lite-text-static-layout-element-frame-scale-c30-line-batched-r0025-strong-1280x736-s4500	frame-scale-strong	quality_fail	627.692ms	ocr=0.4976
[2026-04-24T18:54:44+00:00] eval WROTE docs/experiments/track-c/eval-results.tsv
[2026-04-24T19:00:07+00:00] eval 20260424T141533Z-c0-canvas-960x544-s1500	still-full-resize	quality_fail	364.071ms	ocr=0.7397
[2026-04-24T19:00:07+00:00] eval 20260424T141858Z-c0-canvas-960x544-s5000	still-full-resize	quality_fail	396.555ms	ocr=0.7281
[2026-04-24T19:00:07+00:00] eval 20260424T142739Z-c2-lite-960x544-s3000	still-full-resize	quality_fail	530.142ms	ocr=0.8326
[2026-04-24T19:00:07+00:00] eval 20260424T145821Z-c2-lite-glyph-960x544-s4000	still-full-resize	quality_fail	567.599ms	ocr=0.8288
[2026-04-24T19:00:07+00:00] eval 20260424T151017Z-c2-lite-text-1280x736-s4500	still-full-resize	pass	935.276ms	ocr=0.8545
[2026-04-24T19:00:07+00:00] eval 20260424T152249Z-c2-lite-text-frame-scale-1280x736-s4500	frame-scale-strong	quality_fail	553.306ms	ocr=0.0000
[2026-04-24T19:00:07+00:00] eval 20260424T152418Z-c2-lite-text-frame-scale-1280x736-s4500	frame-scale-moderate	quality_fail	558.141ms	ocr=0.1053
[2026-04-24T19:00:07+00:00] eval 20260424T153539Z-c2-lite-text-static-layout-frame-scale-1280x736-s4500	frame-scale-moderate	pass	541.976ms	ocr=0.7091
[2026-04-24T19:00:07+00:00] eval 20260424T153736Z-c2-lite-text-static-layout-frame-scale-1280x736-s4500	frame-scale-strong	pass	559.048ms	ocr=0.3610
[2026-04-24T19:00:07+00:00] eval 20260424T155703Z-c2-lite-text-static-layout-element-frame-scale-1280x736-s4500	frame-scale-moderate	pass	686.369ms	ocr=0.7321
[2026-04-24T19:00:07+00:00] eval 20260424T155913Z-c2-lite-text-static-layout-element-frame-scale-1280x736-s4500	frame-scale-strong	pass	947.475ms	ocr=0.4124
[2026-04-24T19:00:07+00:00] eval 20260424T165342Z-c2-lite-text-responsive-squeeze-1280x736-s4500	responsive-squeeze	pass	575.923ms	ocr=0.7265
[2026-04-24T19:00:07+00:00] eval 20260424T165342Z-c2-lite-text-static-layout-element-frame-scale-1536x864-s5500	frame-scale-strong	quality_fail	678.824ms	ocr=0.0824
[2026-04-24T19:00:07+00:00] eval 20260424T165508Z-c2-lite-text-static-layout-element-frame-scale-1280x736-s4500	frame-scale-strong	quality_fail	654.193ms	ocr=0.0982
[2026-04-24T19:00:07+00:00] eval 20260424T165529Z-c2-lite-text-static-layout-element-frame-scale-1280x736-s4500	frame-scale-strong	quality_fail	655.405ms	ocr=0.0468
[2026-04-24T19:00:07+00:00] eval 20260424T165916796904Z-c2-lite-text-static-layout-element-frame-scale-c25-alpha-r000-1280x736-s4500	frame-scale-strong	quality_fail	658.768ms	ocr=0.0759
[2026-04-24T19:00:07+00:00] eval 20260424T165916869371Z-c2-lite-text-static-layout-element-frame-scale-c25-alpha-r025-1280x736-s4500	frame-scale-strong	quality_fail	710.178ms	ocr=0.0597
[2026-04-24T19:00:07+00:00] eval 20260424T165916871669Z-c2-lite-text-static-layout-element-frame-scale-c25-alpha-moderate-r010-1280x736-s4500	frame-scale-moderate	quality_fail	655.525ms	ocr=0.1183
[2026-04-24T19:00:07+00:00] eval 20260424T170416744300Z-c2-lite-text-responsive-squeeze-c25-responsive-strong-1280x736-s4500	responsive-squeeze	pass	547.337ms	ocr=0.4178
[2026-04-24T19:00:07+00:00] eval 20260424T170416775674Z-c2-lite-text-static-layout-element-frame-scale-c25-rectangle-r010-1280x736-s4500	frame-scale-strong	pass	669.494ms	ocr=0.4195
[2026-04-24T19:00:07+00:00] eval 20260424T174025843756Z-c2-lite-text-static-layout-element-frame-scale-c26-word-rect-moderate-r010-1280x736-s4500	frame-scale-moderate	latency_fail	3290.873ms	ocr=0.5438
[2026-04-24T19:00:07+00:00] eval 20260424T174026078431Z-c2-lite-text-static-layout-element-frame-scale-c26-word-rect-r010-1280x736-s4500	frame-scale-strong	quality_fail	3698.959ms	ocr=0.1143
[2026-04-24T19:00:07+00:00] eval 20260424T174026360652Z-c2-lite-text-static-layout-element-frame-scale-c26-line-rect-r005-1280x736-s4500	frame-scale-strong	pass	655.300ms	ocr=0.5243
[2026-04-24T19:00:07+00:00] eval 20260424T174558341805Z-c2-lite-text-responsive-squeeze-c26-responsive-xstrong-1280x736-s4500	responsive-squeeze	quality_fail	555.266ms	ocr=0.2000
[2026-04-24T19:00:07+00:00] eval 20260424T181541437774Z-c2-lite-text-static-layout-element-frame-scale-c27-line-rect-r005-pad2-1280x736-s4500	frame-scale-strong	pass	603.633ms	ocr=0.3673
[2026-04-24T19:00:07+00:00] eval 20260424T181541511063Z-c2-lite-text-static-layout-element-frame-scale-c27-line-rect-r0075-1280x736-s4500	frame-scale-strong	pass	650.038ms	ocr=0.3981
[2026-04-24T19:00:07+00:00] eval 20260424T181541520698Z-c2-lite-text-static-layout-element-frame-scale-c27-line-rect-r0025-1280x736-s4500	frame-scale-strong	pass	841.603ms	ocr=0.7097
[2026-04-24T19:00:07+00:00] eval 20260424T182043179568Z-c2-lite-text-static-layout-element-frame-scale-c27-line-rect-r005-pad6-1280x736-s4500	frame-scale-strong	quality_fail	673.498ms	ocr=0.2673
[2026-04-24T19:00:07+00:00] eval 20260424T182043479928Z-c2-lite-text-responsive-squeeze-c27-responsive-018-1280x736-s4500	responsive-squeeze	pass	577.817ms	ocr=0.3277
[2026-04-24T19:00:07+00:00] eval 20260424T182113089373Z-c2-lite-text-static-layout-element-frame-scale-c28-word-batched-r010-1280x736-s4500	frame-scale-strong	quality_fail	671.715ms	ocr=0.1135
[2026-04-24T19:00:07+00:00] eval 20260424T182614717341Z-c2-lite-text-static-layout-element-frame-scale-c28-word-batched-moderate-r010-1280x736-s4500	frame-scale-moderate	pass	647.643ms	ocr=0.5505
[2026-04-24T19:00:07+00:00] eval 20260424T182614814241Z-c2-lite-text-static-layout-element-frame-scale-c28-line-batched-r005-1280x736-s4500	frame-scale-strong	pass	641.167ms	ocr=0.4928
[2026-04-24T19:00:07+00:00] eval 20260424T183608003876Z-c2-lite-text-c29-gentle-flow-010-1280x736-s4500	subtle-motion-loop	pass	548.963ms	ocr=0.8402
[2026-04-24T19:00:07+00:00] eval 20260424T183608005020Z-c2-lite-text-static-layout-element-frame-scale-c29-product-layout-r0025-1280x736-s4500	frame-scale-moderate	pass	627.449ms	ocr=0.7713
[2026-04-24T19:00:07+00:00] eval 20260424T183608071937Z-c2-lite-text-c29-gentle-flow-020-1280x736-s4500	subtle-motion-loop	quality_fail	509.898ms	ocr=0.7123
[2026-04-24T19:00:07+00:00] eval 20260424T183934464437Z-c2-lite-text-c30-gentle-flow-015-1280x736-s4500	subtle-motion-loop	quality_fail	540.984ms	ocr=0.7615
[2026-04-24T19:00:07+00:00] eval 20260424T183934521841Z-c2-lite-text-static-layout-element-frame-scale-c30-product-layout-r0025-s008-1280x736-s4500	frame-scale-moderate	pass	631.642ms	ocr=0.7580
[2026-04-24T19:00:07+00:00] eval 20260424T183934556364Z-c2-lite-text-c30-gentle-flow-0125-1280x736-s4500	subtle-motion-loop	pass	525.153ms	ocr=0.8545
[2026-04-24T19:00:07+00:00] eval 20260424T184407805047Z-c2-lite-text-static-layout-element-frame-scale-c30-line-batched-r0025-strong-1280x736-s4500	frame-scale-strong	quality_fail	627.692ms	ocr=0.4976
[2026-04-24T19:00:07+00:00] eval WROTE docs/experiments/track-c/eval-results.tsv
[2026-04-24T19:05:56+00:00] autoresearch loop started
[2026-04-24T19:05:57+00:00] launched c31-general-flow-0125-edge1: General neural-canvas direction: no OCR boxes, baseline edge/glyph weighting at the C30 sweet-spot flow.
[2026-04-24T19:05:57+00:00] launched c31-general-flow-0125-edge4: General neural-canvas direction: no OCR boxes, stronger dense edge/glyph weighting at the C30 sweet-spot flow.
[2026-04-24T19:05:57+00:00] launched c31-general-flow-010-edge4: General neural-canvas direction: no OCR boxes, lower-flow recovery point with dense edge/glyph weighting.
[2026-04-24T19:05:57+00:00] launched c31-general-flow-0125-edge8: General neural-canvas direction: no OCR boxes, very strong dense edge/glyph weighting to test over-sharpening versus readability.
[2026-04-24T19:05:57+00:00] launched c31-text-flow-0135-box8: Text-aware learned-flow bridge: OCR boxes affect training loss only, no output masks or layout anchors.
[2026-04-24T19:06:49+00:00] eval 20260424T141533Z-c0-canvas-960x544-s1500	still-full-resize	quality_fail	364.071ms	ocr=0.7397
[2026-04-24T19:06:49+00:00] eval 20260424T141858Z-c0-canvas-960x544-s5000	still-full-resize	quality_fail	396.555ms	ocr=0.7281
[2026-04-24T19:06:49+00:00] eval 20260424T142739Z-c2-lite-960x544-s3000	still-full-resize	quality_fail	530.142ms	ocr=0.8326
[2026-04-24T19:06:49+00:00] eval 20260424T145821Z-c2-lite-glyph-960x544-s4000	still-full-resize	quality_fail	567.599ms	ocr=0.8288
[2026-04-24T19:06:49+00:00] eval 20260424T151017Z-c2-lite-text-1280x736-s4500	still-full-resize	pass	935.276ms	ocr=0.8545
[2026-04-24T19:06:49+00:00] eval 20260424T152249Z-c2-lite-text-frame-scale-1280x736-s4500	frame-scale-strong	quality_fail	553.306ms	ocr=0.0000
[2026-04-24T19:06:49+00:00] eval 20260424T152418Z-c2-lite-text-frame-scale-1280x736-s4500	frame-scale-moderate	quality_fail	558.141ms	ocr=0.1053
[2026-04-24T19:06:49+00:00] eval 20260424T153539Z-c2-lite-text-static-layout-frame-scale-1280x736-s4500	frame-scale-moderate	pass	541.976ms	ocr=0.7091
[2026-04-24T19:06:49+00:00] eval 20260424T153736Z-c2-lite-text-static-layout-frame-scale-1280x736-s4500	frame-scale-strong	pass	559.048ms	ocr=0.3610
[2026-04-24T19:06:49+00:00] eval 20260424T155703Z-c2-lite-text-static-layout-element-frame-scale-1280x736-s4500	frame-scale-moderate	pass	686.369ms	ocr=0.7321
[2026-04-24T19:06:49+00:00] eval 20260424T155913Z-c2-lite-text-static-layout-element-frame-scale-1280x736-s4500	frame-scale-strong	pass	947.475ms	ocr=0.4124
[2026-04-24T19:06:49+00:00] eval 20260424T165342Z-c2-lite-text-responsive-squeeze-1280x736-s4500	responsive-squeeze	pass	575.923ms	ocr=0.7265
[2026-04-24T19:06:49+00:00] eval 20260424T165342Z-c2-lite-text-static-layout-element-frame-scale-1536x864-s5500	frame-scale-strong	quality_fail	678.824ms	ocr=0.0824
[2026-04-24T19:06:49+00:00] eval 20260424T165508Z-c2-lite-text-static-layout-element-frame-scale-1280x736-s4500	frame-scale-strong	quality_fail	654.193ms	ocr=0.0982
[2026-04-24T19:06:49+00:00] eval 20260424T165529Z-c2-lite-text-static-layout-element-frame-scale-1280x736-s4500	frame-scale-strong	quality_fail	655.405ms	ocr=0.0468
[2026-04-24T19:06:49+00:00] eval 20260424T165916796904Z-c2-lite-text-static-layout-element-frame-scale-c25-alpha-r000-1280x736-s4500	frame-scale-strong	quality_fail	658.768ms	ocr=0.0759
[2026-04-24T19:06:49+00:00] eval 20260424T165916869371Z-c2-lite-text-static-layout-element-frame-scale-c25-alpha-r025-1280x736-s4500	frame-scale-strong	quality_fail	710.178ms	ocr=0.0597
[2026-04-24T19:06:49+00:00] eval 20260424T165916871669Z-c2-lite-text-static-layout-element-frame-scale-c25-alpha-moderate-r010-1280x736-s4500	frame-scale-moderate	quality_fail	655.525ms	ocr=0.1183
[2026-04-24T19:06:49+00:00] eval 20260424T170416744300Z-c2-lite-text-responsive-squeeze-c25-responsive-strong-1280x736-s4500	responsive-squeeze	pass	547.337ms	ocr=0.4178
[2026-04-24T19:06:49+00:00] eval 20260424T170416775674Z-c2-lite-text-static-layout-element-frame-scale-c25-rectangle-r010-1280x736-s4500	frame-scale-strong	pass	669.494ms	ocr=0.4195
[2026-04-24T19:06:49+00:00] eval 20260424T174025843756Z-c2-lite-text-static-layout-element-frame-scale-c26-word-rect-moderate-r010-1280x736-s4500	frame-scale-moderate	latency_fail	3290.873ms	ocr=0.5438
[2026-04-24T19:06:49+00:00] eval 20260424T174026078431Z-c2-lite-text-static-layout-element-frame-scale-c26-word-rect-r010-1280x736-s4500	frame-scale-strong	quality_fail	3698.959ms	ocr=0.1143
[2026-04-24T19:06:49+00:00] eval 20260424T174026360652Z-c2-lite-text-static-layout-element-frame-scale-c26-line-rect-r005-1280x736-s4500	frame-scale-strong	pass	655.300ms	ocr=0.5243
[2026-04-24T19:06:49+00:00] eval 20260424T174558341805Z-c2-lite-text-responsive-squeeze-c26-responsive-xstrong-1280x736-s4500	responsive-squeeze	quality_fail	555.266ms	ocr=0.2000
[2026-04-24T19:06:49+00:00] eval 20260424T181541437774Z-c2-lite-text-static-layout-element-frame-scale-c27-line-rect-r005-pad2-1280x736-s4500	frame-scale-strong	pass	603.633ms	ocr=0.3673
[2026-04-24T19:06:49+00:00] eval 20260424T181541511063Z-c2-lite-text-static-layout-element-frame-scale-c27-line-rect-r0075-1280x736-s4500	frame-scale-strong	pass	650.038ms	ocr=0.3981
[2026-04-24T19:06:49+00:00] eval 20260424T181541520698Z-c2-lite-text-static-layout-element-frame-scale-c27-line-rect-r0025-1280x736-s4500	frame-scale-strong	pass	841.603ms	ocr=0.7097
[2026-04-24T19:06:49+00:00] eval 20260424T182043179568Z-c2-lite-text-static-layout-element-frame-scale-c27-line-rect-r005-pad6-1280x736-s4500	frame-scale-strong	quality_fail	673.498ms	ocr=0.2673
[2026-04-24T19:06:49+00:00] eval 20260424T182043479928Z-c2-lite-text-responsive-squeeze-c27-responsive-018-1280x736-s4500	responsive-squeeze	pass	577.817ms	ocr=0.3277
[2026-04-24T19:06:49+00:00] eval 20260424T182113089373Z-c2-lite-text-static-layout-element-frame-scale-c28-word-batched-r010-1280x736-s4500	frame-scale-strong	quality_fail	671.715ms	ocr=0.1135
[2026-04-24T19:06:49+00:00] eval 20260424T182614717341Z-c2-lite-text-static-layout-element-frame-scale-c28-word-batched-moderate-r010-1280x736-s4500	frame-scale-moderate	pass	647.643ms	ocr=0.5505
[2026-04-24T19:06:49+00:00] eval 20260424T182614814241Z-c2-lite-text-static-layout-element-frame-scale-c28-line-batched-r005-1280x736-s4500	frame-scale-strong	pass	641.167ms	ocr=0.4928
[2026-04-24T19:06:49+00:00] eval 20260424T183608003876Z-c2-lite-text-c29-gentle-flow-010-1280x736-s4500	subtle-motion-loop	pass	548.963ms	ocr=0.8402
[2026-04-24T19:06:49+00:00] eval 20260424T183608005020Z-c2-lite-text-static-layout-element-frame-scale-c29-product-layout-r0025-1280x736-s4500	frame-scale-moderate	pass	627.449ms	ocr=0.7713
[2026-04-24T19:06:49+00:00] eval 20260424T183608071937Z-c2-lite-text-c29-gentle-flow-020-1280x736-s4500	subtle-motion-loop	quality_fail	509.898ms	ocr=0.7123
[2026-04-24T19:06:49+00:00] eval 20260424T183934464437Z-c2-lite-text-c30-gentle-flow-015-1280x736-s4500	subtle-motion-loop	quality_fail	540.984ms	ocr=0.7615
[2026-04-24T19:06:49+00:00] eval 20260424T183934521841Z-c2-lite-text-static-layout-element-frame-scale-c30-product-layout-r0025-s008-1280x736-s4500	frame-scale-moderate	pass	631.642ms	ocr=0.7580
[2026-04-24T19:06:49+00:00] eval 20260424T183934556364Z-c2-lite-text-c30-gentle-flow-0125-1280x736-s4500	subtle-motion-loop	pass	525.153ms	ocr=0.8545
[2026-04-24T19:06:49+00:00] eval 20260424T184407805047Z-c2-lite-text-static-layout-element-frame-scale-c30-line-batched-r0025-strong-1280x736-s4500	frame-scale-strong	quality_fail	627.692ms	ocr=0.4976
[2026-04-24T19:06:49+00:00] eval WROTE docs/experiments/track-c/eval-results.tsv
[2026-04-24T19:08:35+00:00] autoresearch loop started
[2026-04-24T19:08:35+00:00] launched c31-text-flow-014-box8: Text-aware learned-flow bridge: push just past the C30 boundary without render-time masks.
[2026-04-24T19:08:35+00:00] launched c31-text-flow-0125-box12: Text-aware learned-flow bridge: stronger OCR-box sampling/loss at the C30 sweet spot, still no output masks.
[2026-04-24T19:08:35+00:00] launched c31-alpha-layout-r0025-s004: Shape-aware bridge: glyph alpha selection under gentle layout motion, testing a non-rectangle rescue path.
[2026-04-24T19:08:55+00:00] eval 20260424T141533Z-c0-canvas-960x544-s1500	still-full-resize	quality_fail	364.071ms	ocr=0.7397
[2026-04-24T19:08:55+00:00] eval 20260424T141858Z-c0-canvas-960x544-s5000	still-full-resize	quality_fail	396.555ms	ocr=0.7281
[2026-04-24T19:08:55+00:00] eval 20260424T142739Z-c2-lite-960x544-s3000	still-full-resize	quality_fail	530.142ms	ocr=0.8326
[2026-04-24T19:08:55+00:00] eval 20260424T145821Z-c2-lite-glyph-960x544-s4000	still-full-resize	quality_fail	567.599ms	ocr=0.8288
[2026-04-24T19:08:55+00:00] eval 20260424T151017Z-c2-lite-text-1280x736-s4500	still-full-resize	pass	935.276ms	ocr=0.8545
[2026-04-24T19:08:55+00:00] eval 20260424T152249Z-c2-lite-text-frame-scale-1280x736-s4500	frame-scale-strong	quality_fail	553.306ms	ocr=0.0000
[2026-04-24T19:08:55+00:00] eval 20260424T152418Z-c2-lite-text-frame-scale-1280x736-s4500	frame-scale-moderate	quality_fail	558.141ms	ocr=0.1053
[2026-04-24T19:08:55+00:00] eval 20260424T153539Z-c2-lite-text-static-layout-frame-scale-1280x736-s4500	frame-scale-moderate	pass	541.976ms	ocr=0.7091
[2026-04-24T19:08:55+00:00] eval 20260424T153736Z-c2-lite-text-static-layout-frame-scale-1280x736-s4500	frame-scale-strong	pass	559.048ms	ocr=0.3610
[2026-04-24T19:08:55+00:00] eval 20260424T155703Z-c2-lite-text-static-layout-element-frame-scale-1280x736-s4500	frame-scale-moderate	pass	686.369ms	ocr=0.7321
[2026-04-24T19:08:55+00:00] eval 20260424T155913Z-c2-lite-text-static-layout-element-frame-scale-1280x736-s4500	frame-scale-strong	pass	947.475ms	ocr=0.4124
[2026-04-24T19:08:55+00:00] eval 20260424T165342Z-c2-lite-text-responsive-squeeze-1280x736-s4500	responsive-squeeze	pass	575.923ms	ocr=0.7265
[2026-04-24T19:08:55+00:00] eval 20260424T165342Z-c2-lite-text-static-layout-element-frame-scale-1536x864-s5500	frame-scale-strong	quality_fail	678.824ms	ocr=0.0824
[2026-04-24T19:08:55+00:00] eval 20260424T165508Z-c2-lite-text-static-layout-element-frame-scale-1280x736-s4500	frame-scale-strong	quality_fail	654.193ms	ocr=0.0982
[2026-04-24T19:08:55+00:00] eval 20260424T165529Z-c2-lite-text-static-layout-element-frame-scale-1280x736-s4500	frame-scale-strong	quality_fail	655.405ms	ocr=0.0468
[2026-04-24T19:08:55+00:00] eval 20260424T165916796904Z-c2-lite-text-static-layout-element-frame-scale-c25-alpha-r000-1280x736-s4500	frame-scale-strong	quality_fail	658.768ms	ocr=0.0759
[2026-04-24T19:08:55+00:00] eval 20260424T165916869371Z-c2-lite-text-static-layout-element-frame-scale-c25-alpha-r025-1280x736-s4500	frame-scale-strong	quality_fail	710.178ms	ocr=0.0597
[2026-04-24T19:08:55+00:00] eval 20260424T165916871669Z-c2-lite-text-static-layout-element-frame-scale-c25-alpha-moderate-r010-1280x736-s4500	frame-scale-moderate	quality_fail	655.525ms	ocr=0.1183
[2026-04-24T19:08:55+00:00] eval 20260424T170416744300Z-c2-lite-text-responsive-squeeze-c25-responsive-strong-1280x736-s4500	responsive-squeeze	pass	547.337ms	ocr=0.4178
[2026-04-24T19:08:55+00:00] eval 20260424T170416775674Z-c2-lite-text-static-layout-element-frame-scale-c25-rectangle-r010-1280x736-s4500	frame-scale-strong	pass	669.494ms	ocr=0.4195
[2026-04-24T19:08:55+00:00] eval 20260424T174025843756Z-c2-lite-text-static-layout-element-frame-scale-c26-word-rect-moderate-r010-1280x736-s4500	frame-scale-moderate	latency_fail	3290.873ms	ocr=0.5438
[2026-04-24T19:08:55+00:00] eval 20260424T174026078431Z-c2-lite-text-static-layout-element-frame-scale-c26-word-rect-r010-1280x736-s4500	frame-scale-strong	quality_fail	3698.959ms	ocr=0.1143
[2026-04-24T19:08:55+00:00] eval 20260424T174026360652Z-c2-lite-text-static-layout-element-frame-scale-c26-line-rect-r005-1280x736-s4500	frame-scale-strong	pass	655.300ms	ocr=0.5243
[2026-04-24T19:08:55+00:00] eval 20260424T174558341805Z-c2-lite-text-responsive-squeeze-c26-responsive-xstrong-1280x736-s4500	responsive-squeeze	quality_fail	555.266ms	ocr=0.2000
[2026-04-24T19:08:55+00:00] eval 20260424T181541437774Z-c2-lite-text-static-layout-element-frame-scale-c27-line-rect-r005-pad2-1280x736-s4500	frame-scale-strong	pass	603.633ms	ocr=0.3673
[2026-04-24T19:08:55+00:00] eval 20260424T181541511063Z-c2-lite-text-static-layout-element-frame-scale-c27-line-rect-r0075-1280x736-s4500	frame-scale-strong	pass	650.038ms	ocr=0.3981
[2026-04-24T19:08:55+00:00] eval 20260424T181541520698Z-c2-lite-text-static-layout-element-frame-scale-c27-line-rect-r0025-1280x736-s4500	frame-scale-strong	pass	841.603ms	ocr=0.7097
[2026-04-24T19:08:55+00:00] eval 20260424T182043179568Z-c2-lite-text-static-layout-element-frame-scale-c27-line-rect-r005-pad6-1280x736-s4500	frame-scale-strong	quality_fail	673.498ms	ocr=0.2673
[2026-04-24T19:08:55+00:00] eval 20260424T182043479928Z-c2-lite-text-responsive-squeeze-c27-responsive-018-1280x736-s4500	responsive-squeeze	pass	577.817ms	ocr=0.3277
[2026-04-24T19:08:55+00:00] eval 20260424T182113089373Z-c2-lite-text-static-layout-element-frame-scale-c28-word-batched-r010-1280x736-s4500	frame-scale-strong	quality_fail	671.715ms	ocr=0.1135
[2026-04-24T19:08:55+00:00] eval 20260424T182614717341Z-c2-lite-text-static-layout-element-frame-scale-c28-word-batched-moderate-r010-1280x736-s4500	frame-scale-moderate	pass	647.643ms	ocr=0.5505
[2026-04-24T19:08:55+00:00] eval 20260424T182614814241Z-c2-lite-text-static-layout-element-frame-scale-c28-line-batched-r005-1280x736-s4500	frame-scale-strong	pass	641.167ms	ocr=0.4928
[2026-04-24T19:08:55+00:00] eval 20260424T183608003876Z-c2-lite-text-c29-gentle-flow-010-1280x736-s4500	subtle-motion-loop	pass	548.963ms	ocr=0.8402
[2026-04-24T19:08:55+00:00] eval 20260424T183608005020Z-c2-lite-text-static-layout-element-frame-scale-c29-product-layout-r0025-1280x736-s4500	frame-scale-moderate	pass	627.449ms	ocr=0.7713
[2026-04-24T19:08:55+00:00] eval 20260424T183608071937Z-c2-lite-text-c29-gentle-flow-020-1280x736-s4500	subtle-motion-loop	quality_fail	509.898ms	ocr=0.7123
[2026-04-24T19:08:55+00:00] eval 20260424T183934464437Z-c2-lite-text-c30-gentle-flow-015-1280x736-s4500	subtle-motion-loop	quality_fail	540.984ms	ocr=0.7615
[2026-04-24T19:08:55+00:00] eval 20260424T183934521841Z-c2-lite-text-static-layout-element-frame-scale-c30-product-layout-r0025-s008-1280x736-s4500	frame-scale-moderate	pass	631.642ms	ocr=0.7580
[2026-04-24T19:08:55+00:00] eval 20260424T183934556364Z-c2-lite-text-c30-gentle-flow-0125-1280x736-s4500	subtle-motion-loop	pass	525.153ms	ocr=0.8545
[2026-04-24T19:08:55+00:00] eval 20260424T184407805047Z-c2-lite-text-static-layout-element-frame-scale-c30-line-batched-r0025-strong-1280x736-s4500	frame-scale-strong	quality_fail	627.692ms	ocr=0.4976
[2026-04-24T19:08:55+00:00] eval 20260424T190559154813Z-c2-lite-glyph-c31-general-flow-0125-edge4-1280x736-s4500	subtle-motion-loop	quality_fail	544.087ms	ocr=0.4679
[2026-04-24T19:08:55+00:00] eval 20260424T190605585385Z-c2-lite-glyph-c31-general-flow-0125-edge8-1280x736-s4500	subtle-motion-loop	quality_fail	584.051ms	ocr=0.7037
[2026-04-24T19:08:55+00:00] eval 20260424T190605918153Z-c2-lite-glyph-c31-general-flow-010-edge4-1280x736-s4500	subtle-motion-loop	pass	894.055ms	ocr=0.8288
[2026-04-24T19:08:55+00:00] eval 20260424T190606166641Z-c2-lite-glyph-c31-general-flow-0125-edge1-1280x736-s4500	subtle-motion-loop	pass	521.440ms	ocr=0.8219
[2026-04-24T19:08:55+00:00] eval 20260424T190612581831Z-c2-lite-text-c31-text-flow-0135-box8-1280x736-s4500	subtle-motion-loop	pass	546.841ms	ocr=0.8440
[2026-04-24T19:08:55+00:00] eval WROTE docs/experiments/track-c/eval-results.tsv
[2026-04-24T19:12:48+00:00] autoresearch loop started
[2026-04-24T19:12:48+00:00] launched c32-general-flow-0125-edge05: General neural-canvas refinement: lighter dense edge weighting around the C31 no-OCR winner.
[2026-04-24T19:12:48+00:00] launched c32-general-flow-0135-edge1: General neural-canvas refinement: push the best no-OCR edge setting to the bridge winner's motion level.
[2026-04-24T19:12:48+00:00] launched c32-text-flow-0145-box8: Text-aware learned-flow bridge: push beyond the C31 0.0135 bridge while avoiding render-time masks.
[2026-04-24T19:12:48+00:00] launched c32-text-flow-0135-box12: Text-aware learned-flow bridge: stronger OCR-box training signal at the current bridge winner flow.
[2026-04-24T19:12:51+00:00] eval 20260424T141533Z-c0-canvas-960x544-s1500	still-full-resize	quality_fail	364.071ms	ocr=0.7397
[2026-04-24T19:12:51+00:00] eval 20260424T141858Z-c0-canvas-960x544-s5000	still-full-resize	quality_fail	396.555ms	ocr=0.7281
[2026-04-24T19:12:51+00:00] eval 20260424T142739Z-c2-lite-960x544-s3000	still-full-resize	quality_fail	530.142ms	ocr=0.8326
[2026-04-24T19:12:51+00:00] eval 20260424T145821Z-c2-lite-glyph-960x544-s4000	still-full-resize	quality_fail	567.599ms	ocr=0.8288
[2026-04-24T19:12:51+00:00] eval 20260424T151017Z-c2-lite-text-1280x736-s4500	still-full-resize	pass	935.276ms	ocr=0.8545
[2026-04-24T19:12:51+00:00] eval 20260424T152249Z-c2-lite-text-frame-scale-1280x736-s4500	frame-scale-strong	quality_fail	553.306ms	ocr=0.0000
[2026-04-24T19:12:51+00:00] eval 20260424T152418Z-c2-lite-text-frame-scale-1280x736-s4500	frame-scale-moderate	quality_fail	558.141ms	ocr=0.1053
[2026-04-24T19:12:51+00:00] eval 20260424T153539Z-c2-lite-text-static-layout-frame-scale-1280x736-s4500	frame-scale-moderate	pass	541.976ms	ocr=0.7091
[2026-04-24T19:12:51+00:00] eval 20260424T153736Z-c2-lite-text-static-layout-frame-scale-1280x736-s4500	frame-scale-strong	pass	559.048ms	ocr=0.3610
[2026-04-24T19:12:51+00:00] eval 20260424T155703Z-c2-lite-text-static-layout-element-frame-scale-1280x736-s4500	frame-scale-moderate	pass	686.369ms	ocr=0.7321
[2026-04-24T19:12:51+00:00] eval 20260424T155913Z-c2-lite-text-static-layout-element-frame-scale-1280x736-s4500	frame-scale-strong	pass	947.475ms	ocr=0.4124
[2026-04-24T19:12:51+00:00] eval 20260424T165342Z-c2-lite-text-responsive-squeeze-1280x736-s4500	responsive-squeeze	pass	575.923ms	ocr=0.7265
[2026-04-24T19:12:51+00:00] eval 20260424T165342Z-c2-lite-text-static-layout-element-frame-scale-1536x864-s5500	frame-scale-strong	quality_fail	678.824ms	ocr=0.0824
[2026-04-24T19:12:51+00:00] eval 20260424T165508Z-c2-lite-text-static-layout-element-frame-scale-1280x736-s4500	frame-scale-strong	quality_fail	654.193ms	ocr=0.0982
[2026-04-24T19:12:51+00:00] eval 20260424T165529Z-c2-lite-text-static-layout-element-frame-scale-1280x736-s4500	frame-scale-strong	quality_fail	655.405ms	ocr=0.0468
[2026-04-24T19:12:51+00:00] eval 20260424T165916796904Z-c2-lite-text-static-layout-element-frame-scale-c25-alpha-r000-1280x736-s4500	frame-scale-strong	quality_fail	658.768ms	ocr=0.0759
[2026-04-24T19:12:51+00:00] eval 20260424T165916869371Z-c2-lite-text-static-layout-element-frame-scale-c25-alpha-r025-1280x736-s4500	frame-scale-strong	quality_fail	710.178ms	ocr=0.0597
[2026-04-24T19:12:51+00:00] eval 20260424T165916871669Z-c2-lite-text-static-layout-element-frame-scale-c25-alpha-moderate-r010-1280x736-s4500	frame-scale-moderate	quality_fail	655.525ms	ocr=0.1183
[2026-04-24T19:12:51+00:00] eval 20260424T170416744300Z-c2-lite-text-responsive-squeeze-c25-responsive-strong-1280x736-s4500	responsive-squeeze	pass	547.337ms	ocr=0.4178
[2026-04-24T19:12:51+00:00] eval 20260424T170416775674Z-c2-lite-text-static-layout-element-frame-scale-c25-rectangle-r010-1280x736-s4500	frame-scale-strong	pass	669.494ms	ocr=0.4195
[2026-04-24T19:12:51+00:00] eval 20260424T174025843756Z-c2-lite-text-static-layout-element-frame-scale-c26-word-rect-moderate-r010-1280x736-s4500	frame-scale-moderate	latency_fail	3290.873ms	ocr=0.5438
[2026-04-24T19:12:51+00:00] eval 20260424T174026078431Z-c2-lite-text-static-layout-element-frame-scale-c26-word-rect-r010-1280x736-s4500	frame-scale-strong	quality_fail	3698.959ms	ocr=0.1143
[2026-04-24T19:12:51+00:00] eval 20260424T174026360652Z-c2-lite-text-static-layout-element-frame-scale-c26-line-rect-r005-1280x736-s4500	frame-scale-strong	pass	655.300ms	ocr=0.5243
[2026-04-24T19:12:51+00:00] eval 20260424T174558341805Z-c2-lite-text-responsive-squeeze-c26-responsive-xstrong-1280x736-s4500	responsive-squeeze	quality_fail	555.266ms	ocr=0.2000
[2026-04-24T19:12:51+00:00] eval 20260424T181541437774Z-c2-lite-text-static-layout-element-frame-scale-c27-line-rect-r005-pad2-1280x736-s4500	frame-scale-strong	pass	603.633ms	ocr=0.3673
[2026-04-24T19:12:51+00:00] eval 20260424T181541511063Z-c2-lite-text-static-layout-element-frame-scale-c27-line-rect-r0075-1280x736-s4500	frame-scale-strong	pass	650.038ms	ocr=0.3981
[2026-04-24T19:12:51+00:00] eval 20260424T181541520698Z-c2-lite-text-static-layout-element-frame-scale-c27-line-rect-r0025-1280x736-s4500	frame-scale-strong	pass	841.603ms	ocr=0.7097
[2026-04-24T19:12:51+00:00] eval 20260424T182043179568Z-c2-lite-text-static-layout-element-frame-scale-c27-line-rect-r005-pad6-1280x736-s4500	frame-scale-strong	quality_fail	673.498ms	ocr=0.2673
[2026-04-24T19:12:51+00:00] eval 20260424T182043479928Z-c2-lite-text-responsive-squeeze-c27-responsive-018-1280x736-s4500	responsive-squeeze	pass	577.817ms	ocr=0.3277
[2026-04-24T19:12:51+00:00] eval 20260424T182113089373Z-c2-lite-text-static-layout-element-frame-scale-c28-word-batched-r010-1280x736-s4500	frame-scale-strong	quality_fail	671.715ms	ocr=0.1135
[2026-04-24T19:12:51+00:00] eval 20260424T182614717341Z-c2-lite-text-static-layout-element-frame-scale-c28-word-batched-moderate-r010-1280x736-s4500	frame-scale-moderate	pass	647.643ms	ocr=0.5505
[2026-04-24T19:12:51+00:00] eval 20260424T182614814241Z-c2-lite-text-static-layout-element-frame-scale-c28-line-batched-r005-1280x736-s4500	frame-scale-strong	pass	641.167ms	ocr=0.4928
[2026-04-24T19:12:51+00:00] eval 20260424T183608003876Z-c2-lite-text-c29-gentle-flow-010-1280x736-s4500	subtle-motion-loop	pass	548.963ms	ocr=0.8402
[2026-04-24T19:12:51+00:00] eval 20260424T183608005020Z-c2-lite-text-static-layout-element-frame-scale-c29-product-layout-r0025-1280x736-s4500	frame-scale-moderate	pass	627.449ms	ocr=0.7713
[2026-04-24T19:12:51+00:00] eval 20260424T183608071937Z-c2-lite-text-c29-gentle-flow-020-1280x736-s4500	subtle-motion-loop	quality_fail	509.898ms	ocr=0.7123
[2026-04-24T19:12:51+00:00] eval 20260424T183934464437Z-c2-lite-text-c30-gentle-flow-015-1280x736-s4500	subtle-motion-loop	quality_fail	540.984ms	ocr=0.7615
[2026-04-24T19:12:51+00:00] eval 20260424T183934521841Z-c2-lite-text-static-layout-element-frame-scale-c30-product-layout-r0025-s008-1280x736-s4500	frame-scale-moderate	pass	631.642ms	ocr=0.7580
[2026-04-24T19:12:51+00:00] eval 20260424T183934556364Z-c2-lite-text-c30-gentle-flow-0125-1280x736-s4500	subtle-motion-loop	pass	525.153ms	ocr=0.8545
[2026-04-24T19:12:51+00:00] eval 20260424T184407805047Z-c2-lite-text-static-layout-element-frame-scale-c30-line-batched-r0025-strong-1280x736-s4500	frame-scale-strong	quality_fail	627.692ms	ocr=0.4976
[2026-04-24T19:12:51+00:00] eval 20260424T190559154813Z-c2-lite-glyph-c31-general-flow-0125-edge4-1280x736-s4500	subtle-motion-loop	quality_fail	544.087ms	ocr=0.4679
[2026-04-24T19:12:51+00:00] eval 20260424T190605585385Z-c2-lite-glyph-c31-general-flow-0125-edge8-1280x736-s4500	subtle-motion-loop	quality_fail	584.051ms	ocr=0.7037
[2026-04-24T19:12:51+00:00] eval 20260424T190605918153Z-c2-lite-glyph-c31-general-flow-010-edge4-1280x736-s4500	subtle-motion-loop	pass	894.055ms	ocr=0.8288
[2026-04-24T19:12:51+00:00] eval 20260424T190606166641Z-c2-lite-glyph-c31-general-flow-0125-edge1-1280x736-s4500	subtle-motion-loop	pass	521.440ms	ocr=0.8219
[2026-04-24T19:12:51+00:00] eval 20260424T190612581831Z-c2-lite-text-c31-text-flow-0135-box8-1280x736-s4500	subtle-motion-loop	pass	546.841ms	ocr=0.8440
[2026-04-24T19:12:51+00:00] eval 20260424T190840356745Z-c2-lite-text-c31-text-flow-014-box8-1280x736-s4500	subtle-motion-loop	quality_fail	1274.142ms	ocr=0.7511
[2026-04-24T19:12:51+00:00] eval 20260424T190840784385Z-c2-lite-text-static-layout-element-frame-scale-c31-alpha-layout-r0025-s004-1280x736-s4500	frame-scale-moderate	quality_fail	864.225ms	ocr=0.1860
[2026-04-24T19:12:51+00:00] eval 20260424T190840808715Z-c2-lite-text-c31-text-flow-0125-box12-1280x736-s4500	subtle-motion-loop	pass	562.301ms	ocr=0.8273
[2026-04-24T19:12:51+00:00] eval WROTE docs/experiments/track-c/eval-results.tsv
[2026-04-24T19:18:11+00:00] eval 20260424T141533Z-c0-canvas-960x544-s1500	still-full-resize	quality_fail	364.071ms	ocr=0.7397
[2026-04-24T19:18:11+00:00] eval 20260424T141858Z-c0-canvas-960x544-s5000	still-full-resize	quality_fail	396.555ms	ocr=0.7281
[2026-04-24T19:18:11+00:00] eval 20260424T142739Z-c2-lite-960x544-s3000	still-full-resize	quality_fail	530.142ms	ocr=0.8326
[2026-04-24T19:18:11+00:00] eval 20260424T145821Z-c2-lite-glyph-960x544-s4000	still-full-resize	quality_fail	567.599ms	ocr=0.8288
[2026-04-24T19:18:11+00:00] eval 20260424T151017Z-c2-lite-text-1280x736-s4500	still-full-resize	pass	935.276ms	ocr=0.8545
[2026-04-24T19:18:11+00:00] eval 20260424T152249Z-c2-lite-text-frame-scale-1280x736-s4500	frame-scale-strong	quality_fail	553.306ms	ocr=0.0000
[2026-04-24T19:18:11+00:00] eval 20260424T152418Z-c2-lite-text-frame-scale-1280x736-s4500	frame-scale-moderate	quality_fail	558.141ms	ocr=0.1053
[2026-04-24T19:18:11+00:00] eval 20260424T153539Z-c2-lite-text-static-layout-frame-scale-1280x736-s4500	frame-scale-moderate	pass	541.976ms	ocr=0.7091
[2026-04-24T19:18:11+00:00] eval 20260424T153736Z-c2-lite-text-static-layout-frame-scale-1280x736-s4500	frame-scale-strong	pass	559.048ms	ocr=0.3610
[2026-04-24T19:18:11+00:00] eval 20260424T155703Z-c2-lite-text-static-layout-element-frame-scale-1280x736-s4500	frame-scale-moderate	pass	686.369ms	ocr=0.7321
[2026-04-24T19:18:11+00:00] eval 20260424T155913Z-c2-lite-text-static-layout-element-frame-scale-1280x736-s4500	frame-scale-strong	pass	947.475ms	ocr=0.4124
[2026-04-24T19:18:11+00:00] eval 20260424T165342Z-c2-lite-text-responsive-squeeze-1280x736-s4500	responsive-squeeze	pass	575.923ms	ocr=0.7265
[2026-04-24T19:18:11+00:00] eval 20260424T165342Z-c2-lite-text-static-layout-element-frame-scale-1536x864-s5500	frame-scale-strong	quality_fail	678.824ms	ocr=0.0824
[2026-04-24T19:18:11+00:00] eval 20260424T165508Z-c2-lite-text-static-layout-element-frame-scale-1280x736-s4500	frame-scale-strong	quality_fail	654.193ms	ocr=0.0982
[2026-04-24T19:18:11+00:00] eval 20260424T165529Z-c2-lite-text-static-layout-element-frame-scale-1280x736-s4500	frame-scale-strong	quality_fail	655.405ms	ocr=0.0468
[2026-04-24T19:18:11+00:00] eval 20260424T165916796904Z-c2-lite-text-static-layout-element-frame-scale-c25-alpha-r000-1280x736-s4500	frame-scale-strong	quality_fail	658.768ms	ocr=0.0759
[2026-04-24T19:18:11+00:00] eval 20260424T165916869371Z-c2-lite-text-static-layout-element-frame-scale-c25-alpha-r025-1280x736-s4500	frame-scale-strong	quality_fail	710.178ms	ocr=0.0597
[2026-04-24T19:18:11+00:00] eval 20260424T165916871669Z-c2-lite-text-static-layout-element-frame-scale-c25-alpha-moderate-r010-1280x736-s4500	frame-scale-moderate	quality_fail	655.525ms	ocr=0.1183
[2026-04-24T19:18:11+00:00] eval 20260424T170416744300Z-c2-lite-text-responsive-squeeze-c25-responsive-strong-1280x736-s4500	responsive-squeeze	pass	547.337ms	ocr=0.4178
[2026-04-24T19:18:11+00:00] eval 20260424T170416775674Z-c2-lite-text-static-layout-element-frame-scale-c25-rectangle-r010-1280x736-s4500	frame-scale-strong	pass	669.494ms	ocr=0.4195
[2026-04-24T19:18:11+00:00] eval 20260424T174025843756Z-c2-lite-text-static-layout-element-frame-scale-c26-word-rect-moderate-r010-1280x736-s4500	frame-scale-moderate	latency_fail	3290.873ms	ocr=0.5438
[2026-04-24T19:18:11+00:00] eval 20260424T174026078431Z-c2-lite-text-static-layout-element-frame-scale-c26-word-rect-r010-1280x736-s4500	frame-scale-strong	quality_fail	3698.959ms	ocr=0.1143
[2026-04-24T19:18:11+00:00] eval 20260424T174026360652Z-c2-lite-text-static-layout-element-frame-scale-c26-line-rect-r005-1280x736-s4500	frame-scale-strong	pass	655.300ms	ocr=0.5243
[2026-04-24T19:18:11+00:00] eval 20260424T174558341805Z-c2-lite-text-responsive-squeeze-c26-responsive-xstrong-1280x736-s4500	responsive-squeeze	quality_fail	555.266ms	ocr=0.2000
[2026-04-24T19:18:11+00:00] eval 20260424T181541437774Z-c2-lite-text-static-layout-element-frame-scale-c27-line-rect-r005-pad2-1280x736-s4500	frame-scale-strong	pass	603.633ms	ocr=0.3673
[2026-04-24T19:18:11+00:00] eval 20260424T181541511063Z-c2-lite-text-static-layout-element-frame-scale-c27-line-rect-r0075-1280x736-s4500	frame-scale-strong	pass	650.038ms	ocr=0.3981
[2026-04-24T19:18:11+00:00] eval 20260424T181541520698Z-c2-lite-text-static-layout-element-frame-scale-c27-line-rect-r0025-1280x736-s4500	frame-scale-strong	pass	841.603ms	ocr=0.7097
[2026-04-24T19:18:11+00:00] eval 20260424T182043179568Z-c2-lite-text-static-layout-element-frame-scale-c27-line-rect-r005-pad6-1280x736-s4500	frame-scale-strong	quality_fail	673.498ms	ocr=0.2673
[2026-04-24T19:18:11+00:00] eval 20260424T182043479928Z-c2-lite-text-responsive-squeeze-c27-responsive-018-1280x736-s4500	responsive-squeeze	pass	577.817ms	ocr=0.3277
[2026-04-24T19:18:11+00:00] eval 20260424T182113089373Z-c2-lite-text-static-layout-element-frame-scale-c28-word-batched-r010-1280x736-s4500	frame-scale-strong	quality_fail	671.715ms	ocr=0.1135
[2026-04-24T19:18:11+00:00] eval 20260424T182614717341Z-c2-lite-text-static-layout-element-frame-scale-c28-word-batched-moderate-r010-1280x736-s4500	frame-scale-moderate	pass	647.643ms	ocr=0.5505
[2026-04-24T19:18:11+00:00] eval 20260424T182614814241Z-c2-lite-text-static-layout-element-frame-scale-c28-line-batched-r005-1280x736-s4500	frame-scale-strong	pass	641.167ms	ocr=0.4928
[2026-04-24T19:18:11+00:00] eval 20260424T183608003876Z-c2-lite-text-c29-gentle-flow-010-1280x736-s4500	subtle-motion-loop	pass	548.963ms	ocr=0.8402
[2026-04-24T19:18:11+00:00] eval 20260424T183608005020Z-c2-lite-text-static-layout-element-frame-scale-c29-product-layout-r0025-1280x736-s4500	frame-scale-moderate	pass	627.449ms	ocr=0.7713
[2026-04-24T19:18:11+00:00] eval 20260424T183608071937Z-c2-lite-text-c29-gentle-flow-020-1280x736-s4500	subtle-motion-loop	quality_fail	509.898ms	ocr=0.7123
[2026-04-24T19:18:11+00:00] eval 20260424T183934464437Z-c2-lite-text-c30-gentle-flow-015-1280x736-s4500	subtle-motion-loop	quality_fail	540.984ms	ocr=0.7615
[2026-04-24T19:18:11+00:00] eval 20260424T183934521841Z-c2-lite-text-static-layout-element-frame-scale-c30-product-layout-r0025-s008-1280x736-s4500	frame-scale-moderate	pass	631.642ms	ocr=0.7580
[2026-04-24T19:18:11+00:00] eval 20260424T183934556364Z-c2-lite-text-c30-gentle-flow-0125-1280x736-s4500	subtle-motion-loop	pass	525.153ms	ocr=0.8545
[2026-04-24T19:18:11+00:00] eval 20260424T184407805047Z-c2-lite-text-static-layout-element-frame-scale-c30-line-batched-r0025-strong-1280x736-s4500	frame-scale-strong	quality_fail	627.692ms	ocr=0.4976
[2026-04-24T19:18:11+00:00] eval 20260424T190559154813Z-c2-lite-glyph-c31-general-flow-0125-edge4-1280x736-s4500	subtle-motion-loop	quality_fail	544.087ms	ocr=0.4679
[2026-04-24T19:18:11+00:00] eval 20260424T190605585385Z-c2-lite-glyph-c31-general-flow-0125-edge8-1280x736-s4500	subtle-motion-loop	quality_fail	584.051ms	ocr=0.7037
[2026-04-24T19:18:11+00:00] eval 20260424T190605918153Z-c2-lite-glyph-c31-general-flow-010-edge4-1280x736-s4500	subtle-motion-loop	pass	894.055ms	ocr=0.8288
[2026-04-24T19:18:11+00:00] eval 20260424T190606166641Z-c2-lite-glyph-c31-general-flow-0125-edge1-1280x736-s4500	subtle-motion-loop	pass	521.440ms	ocr=0.8219
[2026-04-24T19:18:11+00:00] eval 20260424T190612581831Z-c2-lite-text-c31-text-flow-0135-box8-1280x736-s4500	subtle-motion-loop	pass	546.841ms	ocr=0.8440
[2026-04-24T19:18:11+00:00] eval 20260424T190840356745Z-c2-lite-text-c31-text-flow-014-box8-1280x736-s4500	subtle-motion-loop	quality_fail	1274.142ms	ocr=0.7511
[2026-04-24T19:18:11+00:00] eval 20260424T190840784385Z-c2-lite-text-static-layout-element-frame-scale-c31-alpha-layout-r0025-s004-1280x736-s4500	frame-scale-moderate	quality_fail	864.225ms	ocr=0.1860
[2026-04-24T19:18:11+00:00] eval 20260424T190840808715Z-c2-lite-text-c31-text-flow-0125-box12-1280x736-s4500	subtle-motion-loop	pass	562.301ms	ocr=0.8273
[2026-04-24T19:18:11+00:00] eval 20260424T191249508614Z-c2-lite-glyph-c32-general-flow-0125-edge05-1280x736-s4500	subtle-motion-loop	pass	575.076ms	ocr=0.8440
[2026-04-24T19:18:11+00:00] eval 20260424T191249618903Z-c2-lite-glyph-c32-general-flow-0135-edge1-1280x736-s4500	subtle-motion-loop	pass	560.209ms	ocr=0.8519
[2026-04-24T19:18:11+00:00] eval 20260424T191249849883Z-c2-lite-text-c32-text-flow-0145-box8-1280x736-s4500	subtle-motion-loop	quality_fail	557.677ms	ocr=0.7421
[2026-04-24T19:18:11+00:00] eval 20260424T191249851107Z-c2-lite-text-c32-text-flow-0135-box12-1280x736-s4500	subtle-motion-loop	pass	573.293ms	ocr=0.8402
[2026-04-24T19:18:11+00:00] eval WROTE docs/experiments/track-c/eval-results.tsv
[2026-04-24T19:23:30+00:00] eval 20260424T141533Z-c0-canvas-960x544-s1500	still-full-resize	quality_fail	364.071ms	ocr=0.7397
[2026-04-24T19:23:30+00:00] eval 20260424T141858Z-c0-canvas-960x544-s5000	still-full-resize	quality_fail	396.555ms	ocr=0.7281
[2026-04-24T19:23:30+00:00] eval 20260424T142739Z-c2-lite-960x544-s3000	still-full-resize	quality_fail	530.142ms	ocr=0.8326
[2026-04-24T19:23:30+00:00] eval 20260424T145821Z-c2-lite-glyph-960x544-s4000	still-full-resize	quality_fail	567.599ms	ocr=0.8288
[2026-04-24T19:23:30+00:00] eval 20260424T151017Z-c2-lite-text-1280x736-s4500	still-full-resize	pass	935.276ms	ocr=0.8545
[2026-04-24T19:23:30+00:00] eval 20260424T152249Z-c2-lite-text-frame-scale-1280x736-s4500	frame-scale-strong	quality_fail	553.306ms	ocr=0.0000
[2026-04-24T19:23:30+00:00] eval 20260424T152418Z-c2-lite-text-frame-scale-1280x736-s4500	frame-scale-moderate	quality_fail	558.141ms	ocr=0.1053
[2026-04-24T19:23:30+00:00] eval 20260424T153539Z-c2-lite-text-static-layout-frame-scale-1280x736-s4500	frame-scale-moderate	pass	541.976ms	ocr=0.7091
[2026-04-24T19:23:30+00:00] eval 20260424T153736Z-c2-lite-text-static-layout-frame-scale-1280x736-s4500	frame-scale-strong	pass	559.048ms	ocr=0.3610
[2026-04-24T19:23:30+00:00] eval 20260424T155703Z-c2-lite-text-static-layout-element-frame-scale-1280x736-s4500	frame-scale-moderate	pass	686.369ms	ocr=0.7321
[2026-04-24T19:23:30+00:00] eval 20260424T155913Z-c2-lite-text-static-layout-element-frame-scale-1280x736-s4500	frame-scale-strong	pass	947.475ms	ocr=0.4124
[2026-04-24T19:23:30+00:00] eval 20260424T165342Z-c2-lite-text-responsive-squeeze-1280x736-s4500	responsive-squeeze	pass	575.923ms	ocr=0.7265
[2026-04-24T19:23:30+00:00] eval 20260424T165342Z-c2-lite-text-static-layout-element-frame-scale-1536x864-s5500	frame-scale-strong	quality_fail	678.824ms	ocr=0.0824
[2026-04-24T19:23:30+00:00] eval 20260424T165508Z-c2-lite-text-static-layout-element-frame-scale-1280x736-s4500	frame-scale-strong	quality_fail	654.193ms	ocr=0.0982
[2026-04-24T19:23:30+00:00] eval 20260424T165529Z-c2-lite-text-static-layout-element-frame-scale-1280x736-s4500	frame-scale-strong	quality_fail	655.405ms	ocr=0.0468
[2026-04-24T19:23:30+00:00] eval 20260424T165916796904Z-c2-lite-text-static-layout-element-frame-scale-c25-alpha-r000-1280x736-s4500	frame-scale-strong	quality_fail	658.768ms	ocr=0.0759
[2026-04-24T19:23:30+00:00] eval 20260424T165916869371Z-c2-lite-text-static-layout-element-frame-scale-c25-alpha-r025-1280x736-s4500	frame-scale-strong	quality_fail	710.178ms	ocr=0.0597
[2026-04-24T19:23:30+00:00] eval 20260424T165916871669Z-c2-lite-text-static-layout-element-frame-scale-c25-alpha-moderate-r010-1280x736-s4500	frame-scale-moderate	quality_fail	655.525ms	ocr=0.1183
[2026-04-24T19:23:30+00:00] eval 20260424T170416744300Z-c2-lite-text-responsive-squeeze-c25-responsive-strong-1280x736-s4500	responsive-squeeze	pass	547.337ms	ocr=0.4178
[2026-04-24T19:23:30+00:00] eval 20260424T170416775674Z-c2-lite-text-static-layout-element-frame-scale-c25-rectangle-r010-1280x736-s4500	frame-scale-strong	pass	669.494ms	ocr=0.4195
[2026-04-24T19:23:30+00:00] eval 20260424T174025843756Z-c2-lite-text-static-layout-element-frame-scale-c26-word-rect-moderate-r010-1280x736-s4500	frame-scale-moderate	latency_fail	3290.873ms	ocr=0.5438
[2026-04-24T19:23:30+00:00] eval 20260424T174026078431Z-c2-lite-text-static-layout-element-frame-scale-c26-word-rect-r010-1280x736-s4500	frame-scale-strong	quality_fail	3698.959ms	ocr=0.1143
[2026-04-24T19:23:30+00:00] eval 20260424T174026360652Z-c2-lite-text-static-layout-element-frame-scale-c26-line-rect-r005-1280x736-s4500	frame-scale-strong	pass	655.300ms	ocr=0.5243
[2026-04-24T19:23:30+00:00] eval 20260424T174558341805Z-c2-lite-text-responsive-squeeze-c26-responsive-xstrong-1280x736-s4500	responsive-squeeze	quality_fail	555.266ms	ocr=0.2000
[2026-04-24T19:23:30+00:00] eval 20260424T181541437774Z-c2-lite-text-static-layout-element-frame-scale-c27-line-rect-r005-pad2-1280x736-s4500	frame-scale-strong	pass	603.633ms	ocr=0.3673
[2026-04-24T19:23:30+00:00] eval 20260424T181541511063Z-c2-lite-text-static-layout-element-frame-scale-c27-line-rect-r0075-1280x736-s4500	frame-scale-strong	pass	650.038ms	ocr=0.3981
[2026-04-24T19:23:30+00:00] eval 20260424T181541520698Z-c2-lite-text-static-layout-element-frame-scale-c27-line-rect-r0025-1280x736-s4500	frame-scale-strong	pass	841.603ms	ocr=0.7097
[2026-04-24T19:23:30+00:00] eval 20260424T182043179568Z-c2-lite-text-static-layout-element-frame-scale-c27-line-rect-r005-pad6-1280x736-s4500	frame-scale-strong	quality_fail	673.498ms	ocr=0.2673
[2026-04-24T19:23:30+00:00] eval 20260424T182043479928Z-c2-lite-text-responsive-squeeze-c27-responsive-018-1280x736-s4500	responsive-squeeze	pass	577.817ms	ocr=0.3277
[2026-04-24T19:23:30+00:00] eval 20260424T182113089373Z-c2-lite-text-static-layout-element-frame-scale-c28-word-batched-r010-1280x736-s4500	frame-scale-strong	quality_fail	671.715ms	ocr=0.1135
[2026-04-24T19:23:30+00:00] eval 20260424T182614717341Z-c2-lite-text-static-layout-element-frame-scale-c28-word-batched-moderate-r010-1280x736-s4500	frame-scale-moderate	pass	647.643ms	ocr=0.5505
[2026-04-24T19:23:30+00:00] eval 20260424T182614814241Z-c2-lite-text-static-layout-element-frame-scale-c28-line-batched-r005-1280x736-s4500	frame-scale-strong	pass	641.167ms	ocr=0.4928
[2026-04-24T19:23:30+00:00] eval 20260424T183608003876Z-c2-lite-text-c29-gentle-flow-010-1280x736-s4500	subtle-motion-loop	pass	548.963ms	ocr=0.8402
[2026-04-24T19:23:30+00:00] eval 20260424T183608005020Z-c2-lite-text-static-layout-element-frame-scale-c29-product-layout-r0025-1280x736-s4500	frame-scale-moderate	pass	627.449ms	ocr=0.7713
[2026-04-24T19:23:30+00:00] eval 20260424T183608071937Z-c2-lite-text-c29-gentle-flow-020-1280x736-s4500	subtle-motion-loop	quality_fail	509.898ms	ocr=0.7123
[2026-04-24T19:23:30+00:00] eval 20260424T183934464437Z-c2-lite-text-c30-gentle-flow-015-1280x736-s4500	subtle-motion-loop	quality_fail	540.984ms	ocr=0.7615
[2026-04-24T19:23:30+00:00] eval 20260424T183934521841Z-c2-lite-text-static-layout-element-frame-scale-c30-product-layout-r0025-s008-1280x736-s4500	frame-scale-moderate	pass	631.642ms	ocr=0.7580
[2026-04-24T19:23:30+00:00] eval 20260424T183934556364Z-c2-lite-text-c30-gentle-flow-0125-1280x736-s4500	subtle-motion-loop	pass	525.153ms	ocr=0.8545
[2026-04-24T19:23:30+00:00] eval 20260424T184407805047Z-c2-lite-text-static-layout-element-frame-scale-c30-line-batched-r0025-strong-1280x736-s4500	frame-scale-strong	quality_fail	627.692ms	ocr=0.4976
[2026-04-24T19:23:30+00:00] eval 20260424T190559154813Z-c2-lite-glyph-c31-general-flow-0125-edge4-1280x736-s4500	subtle-motion-loop	quality_fail	544.087ms	ocr=0.4679
[2026-04-24T19:23:30+00:00] eval 20260424T190605585385Z-c2-lite-glyph-c31-general-flow-0125-edge8-1280x736-s4500	subtle-motion-loop	quality_fail	584.051ms	ocr=0.7037
[2026-04-24T19:23:30+00:00] eval 20260424T190605918153Z-c2-lite-glyph-c31-general-flow-010-edge4-1280x736-s4500	subtle-motion-loop	pass	894.055ms	ocr=0.8288
[2026-04-24T19:23:30+00:00] eval 20260424T190606166641Z-c2-lite-glyph-c31-general-flow-0125-edge1-1280x736-s4500	subtle-motion-loop	pass	521.440ms	ocr=0.8219
[2026-04-24T19:23:30+00:00] eval 20260424T190612581831Z-c2-lite-text-c31-text-flow-0135-box8-1280x736-s4500	subtle-motion-loop	pass	546.841ms	ocr=0.8440
[2026-04-24T19:23:30+00:00] eval 20260424T190840356745Z-c2-lite-text-c31-text-flow-014-box8-1280x736-s4500	subtle-motion-loop	quality_fail	1274.142ms	ocr=0.7511
[2026-04-24T19:23:30+00:00] eval 20260424T190840784385Z-c2-lite-text-static-layout-element-frame-scale-c31-alpha-layout-r0025-s004-1280x736-s4500	frame-scale-moderate	quality_fail	864.225ms	ocr=0.1860
[2026-04-24T19:23:30+00:00] eval 20260424T190840808715Z-c2-lite-text-c31-text-flow-0125-box12-1280x736-s4500	subtle-motion-loop	pass	562.301ms	ocr=0.8273
[2026-04-24T19:23:30+00:00] eval 20260424T191249508614Z-c2-lite-glyph-c32-general-flow-0125-edge05-1280x736-s4500	subtle-motion-loop	pass	575.076ms	ocr=0.8440
[2026-04-24T19:23:30+00:00] eval 20260424T191249618903Z-c2-lite-glyph-c32-general-flow-0135-edge1-1280x736-s4500	subtle-motion-loop	pass	560.209ms	ocr=0.8519
[2026-04-24T19:23:30+00:00] eval 20260424T191249849883Z-c2-lite-text-c32-text-flow-0145-box8-1280x736-s4500	subtle-motion-loop	quality_fail	557.677ms	ocr=0.7421
[2026-04-24T19:23:30+00:00] eval 20260424T191249851107Z-c2-lite-text-c32-text-flow-0135-box12-1280x736-s4500	subtle-motion-loop	pass	573.293ms	ocr=0.8402
[2026-04-24T19:23:30+00:00] eval WROTE docs/experiments/track-c/eval-results.tsv
[2026-04-24T19:28:54+00:00] eval 20260424T141533Z-c0-canvas-960x544-s1500	still-full-resize	quality_fail	364.071ms	ocr=0.7397
[2026-04-24T19:28:54+00:00] eval 20260424T141858Z-c0-canvas-960x544-s5000	still-full-resize	quality_fail	396.555ms	ocr=0.7281
[2026-04-24T19:28:54+00:00] eval 20260424T142739Z-c2-lite-960x544-s3000	still-full-resize	quality_fail	530.142ms	ocr=0.8326
[2026-04-24T19:28:54+00:00] eval 20260424T145821Z-c2-lite-glyph-960x544-s4000	still-full-resize	quality_fail	567.599ms	ocr=0.8288
[2026-04-24T19:28:54+00:00] eval 20260424T151017Z-c2-lite-text-1280x736-s4500	still-full-resize	pass	935.276ms	ocr=0.8545
[2026-04-24T19:28:54+00:00] eval 20260424T152249Z-c2-lite-text-frame-scale-1280x736-s4500	frame-scale-strong	quality_fail	553.306ms	ocr=0.0000
[2026-04-24T19:28:54+00:00] eval 20260424T152418Z-c2-lite-text-frame-scale-1280x736-s4500	frame-scale-moderate	quality_fail	558.141ms	ocr=0.1053
[2026-04-24T19:28:54+00:00] eval 20260424T153539Z-c2-lite-text-static-layout-frame-scale-1280x736-s4500	frame-scale-moderate	pass	541.976ms	ocr=0.7091
[2026-04-24T19:28:54+00:00] eval 20260424T153736Z-c2-lite-text-static-layout-frame-scale-1280x736-s4500	frame-scale-strong	pass	559.048ms	ocr=0.3610
[2026-04-24T19:28:54+00:00] eval 20260424T155703Z-c2-lite-text-static-layout-element-frame-scale-1280x736-s4500	frame-scale-moderate	pass	686.369ms	ocr=0.7321
[2026-04-24T19:28:54+00:00] eval 20260424T155913Z-c2-lite-text-static-layout-element-frame-scale-1280x736-s4500	frame-scale-strong	pass	947.475ms	ocr=0.4124
[2026-04-24T19:28:54+00:00] eval 20260424T165342Z-c2-lite-text-responsive-squeeze-1280x736-s4500	responsive-squeeze	pass	575.923ms	ocr=0.7265
[2026-04-24T19:28:54+00:00] eval 20260424T165342Z-c2-lite-text-static-layout-element-frame-scale-1536x864-s5500	frame-scale-strong	quality_fail	678.824ms	ocr=0.0824
[2026-04-24T19:28:54+00:00] eval 20260424T165508Z-c2-lite-text-static-layout-element-frame-scale-1280x736-s4500	frame-scale-strong	quality_fail	654.193ms	ocr=0.0982
[2026-04-24T19:28:54+00:00] eval 20260424T165529Z-c2-lite-text-static-layout-element-frame-scale-1280x736-s4500	frame-scale-strong	quality_fail	655.405ms	ocr=0.0468
[2026-04-24T19:28:54+00:00] eval 20260424T165916796904Z-c2-lite-text-static-layout-element-frame-scale-c25-alpha-r000-1280x736-s4500	frame-scale-strong	quality_fail	658.768ms	ocr=0.0759
[2026-04-24T19:28:54+00:00] eval 20260424T165916869371Z-c2-lite-text-static-layout-element-frame-scale-c25-alpha-r025-1280x736-s4500	frame-scale-strong	quality_fail	710.178ms	ocr=0.0597
[2026-04-24T19:28:54+00:00] eval 20260424T165916871669Z-c2-lite-text-static-layout-element-frame-scale-c25-alpha-moderate-r010-1280x736-s4500	frame-scale-moderate	quality_fail	655.525ms	ocr=0.1183
[2026-04-24T19:28:54+00:00] eval 20260424T170416744300Z-c2-lite-text-responsive-squeeze-c25-responsive-strong-1280x736-s4500	responsive-squeeze	pass	547.337ms	ocr=0.4178
[2026-04-24T19:28:54+00:00] eval 20260424T170416775674Z-c2-lite-text-static-layout-element-frame-scale-c25-rectangle-r010-1280x736-s4500	frame-scale-strong	pass	669.494ms	ocr=0.4195
[2026-04-24T19:28:54+00:00] eval 20260424T174025843756Z-c2-lite-text-static-layout-element-frame-scale-c26-word-rect-moderate-r010-1280x736-s4500	frame-scale-moderate	latency_fail	3290.873ms	ocr=0.5438
[2026-04-24T19:28:54+00:00] eval 20260424T174026078431Z-c2-lite-text-static-layout-element-frame-scale-c26-word-rect-r010-1280x736-s4500	frame-scale-strong	quality_fail	3698.959ms	ocr=0.1143
[2026-04-24T19:28:54+00:00] eval 20260424T174026360652Z-c2-lite-text-static-layout-element-frame-scale-c26-line-rect-r005-1280x736-s4500	frame-scale-strong	pass	655.300ms	ocr=0.5243
[2026-04-24T19:28:54+00:00] eval 20260424T174558341805Z-c2-lite-text-responsive-squeeze-c26-responsive-xstrong-1280x736-s4500	responsive-squeeze	quality_fail	555.266ms	ocr=0.2000
[2026-04-24T19:28:54+00:00] eval 20260424T181541437774Z-c2-lite-text-static-layout-element-frame-scale-c27-line-rect-r005-pad2-1280x736-s4500	frame-scale-strong	pass	603.633ms	ocr=0.3673
[2026-04-24T19:28:54+00:00] eval 20260424T181541511063Z-c2-lite-text-static-layout-element-frame-scale-c27-line-rect-r0075-1280x736-s4500	frame-scale-strong	pass	650.038ms	ocr=0.3981
[2026-04-24T19:28:54+00:00] eval 20260424T181541520698Z-c2-lite-text-static-layout-element-frame-scale-c27-line-rect-r0025-1280x736-s4500	frame-scale-strong	pass	841.603ms	ocr=0.7097
[2026-04-24T19:28:54+00:00] eval 20260424T182043179568Z-c2-lite-text-static-layout-element-frame-scale-c27-line-rect-r005-pad6-1280x736-s4500	frame-scale-strong	quality_fail	673.498ms	ocr=0.2673
[2026-04-24T19:28:54+00:00] eval 20260424T182043479928Z-c2-lite-text-responsive-squeeze-c27-responsive-018-1280x736-s4500	responsive-squeeze	pass	577.817ms	ocr=0.3277
[2026-04-24T19:28:54+00:00] eval 20260424T182113089373Z-c2-lite-text-static-layout-element-frame-scale-c28-word-batched-r010-1280x736-s4500	frame-scale-strong	quality_fail	671.715ms	ocr=0.1135
[2026-04-24T19:28:54+00:00] eval 20260424T182614717341Z-c2-lite-text-static-layout-element-frame-scale-c28-word-batched-moderate-r010-1280x736-s4500	frame-scale-moderate	pass	647.643ms	ocr=0.5505
[2026-04-24T19:28:54+00:00] eval 20260424T182614814241Z-c2-lite-text-static-layout-element-frame-scale-c28-line-batched-r005-1280x736-s4500	frame-scale-strong	pass	641.167ms	ocr=0.4928
[2026-04-24T19:28:54+00:00] eval 20260424T183608003876Z-c2-lite-text-c29-gentle-flow-010-1280x736-s4500	subtle-motion-loop	pass	548.963ms	ocr=0.8402
[2026-04-24T19:28:54+00:00] eval 20260424T183608005020Z-c2-lite-text-static-layout-element-frame-scale-c29-product-layout-r0025-1280x736-s4500	frame-scale-moderate	pass	627.449ms	ocr=0.7713
[2026-04-24T19:28:54+00:00] eval 20260424T183608071937Z-c2-lite-text-c29-gentle-flow-020-1280x736-s4500	subtle-motion-loop	quality_fail	509.898ms	ocr=0.7123
[2026-04-24T19:28:54+00:00] eval 20260424T183934464437Z-c2-lite-text-c30-gentle-flow-015-1280x736-s4500	subtle-motion-loop	quality_fail	540.984ms	ocr=0.7615
[2026-04-24T19:28:54+00:00] eval 20260424T183934521841Z-c2-lite-text-static-layout-element-frame-scale-c30-product-layout-r0025-s008-1280x736-s4500	frame-scale-moderate	pass	631.642ms	ocr=0.7580
[2026-04-24T19:28:54+00:00] eval 20260424T183934556364Z-c2-lite-text-c30-gentle-flow-0125-1280x736-s4500	subtle-motion-loop	pass	525.153ms	ocr=0.8545
[2026-04-24T19:28:54+00:00] eval 20260424T184407805047Z-c2-lite-text-static-layout-element-frame-scale-c30-line-batched-r0025-strong-1280x736-s4500	frame-scale-strong	quality_fail	627.692ms	ocr=0.4976
[2026-04-24T19:28:54+00:00] eval 20260424T190559154813Z-c2-lite-glyph-c31-general-flow-0125-edge4-1280x736-s4500	subtle-motion-loop	quality_fail	544.087ms	ocr=0.4679
[2026-04-24T19:28:54+00:00] eval 20260424T190605585385Z-c2-lite-glyph-c31-general-flow-0125-edge8-1280x736-s4500	subtle-motion-loop	quality_fail	584.051ms	ocr=0.7037
[2026-04-24T19:28:54+00:00] eval 20260424T190605918153Z-c2-lite-glyph-c31-general-flow-010-edge4-1280x736-s4500	subtle-motion-loop	pass	894.055ms	ocr=0.8288
[2026-04-24T19:28:54+00:00] eval 20260424T190606166641Z-c2-lite-glyph-c31-general-flow-0125-edge1-1280x736-s4500	subtle-motion-loop	pass	521.440ms	ocr=0.8219
[2026-04-24T19:28:54+00:00] eval 20260424T190612581831Z-c2-lite-text-c31-text-flow-0135-box8-1280x736-s4500	subtle-motion-loop	pass	546.841ms	ocr=0.8440
[2026-04-24T19:28:54+00:00] eval 20260424T190840356745Z-c2-lite-text-c31-text-flow-014-box8-1280x736-s4500	subtle-motion-loop	quality_fail	1274.142ms	ocr=0.7511
[2026-04-24T19:28:54+00:00] eval 20260424T190840784385Z-c2-lite-text-static-layout-element-frame-scale-c31-alpha-layout-r0025-s004-1280x736-s4500	frame-scale-moderate	quality_fail	864.225ms	ocr=0.1860
[2026-04-24T19:28:54+00:00] eval 20260424T190840808715Z-c2-lite-text-c31-text-flow-0125-box12-1280x736-s4500	subtle-motion-loop	pass	562.301ms	ocr=0.8273
[2026-04-24T19:28:54+00:00] eval 20260424T191249508614Z-c2-lite-glyph-c32-general-flow-0125-edge05-1280x736-s4500	subtle-motion-loop	pass	575.076ms	ocr=0.8440
[2026-04-24T19:28:54+00:00] eval 20260424T191249618903Z-c2-lite-glyph-c32-general-flow-0135-edge1-1280x736-s4500	subtle-motion-loop	pass	560.209ms	ocr=0.8519
[2026-04-24T19:28:54+00:00] eval 20260424T191249849883Z-c2-lite-text-c32-text-flow-0145-box8-1280x736-s4500	subtle-motion-loop	quality_fail	557.677ms	ocr=0.7421
[2026-04-24T19:28:54+00:00] eval 20260424T191249851107Z-c2-lite-text-c32-text-flow-0135-box12-1280x736-s4500	subtle-motion-loop	pass	573.293ms	ocr=0.8402
[2026-04-24T19:28:54+00:00] eval WROTE docs/experiments/track-c/eval-results.tsv
[2026-04-24T19:34:09+00:00] eval 20260424T141533Z-c0-canvas-960x544-s1500	still-full-resize	quality_fail	364.071ms	ocr=0.7397
[2026-04-24T19:34:09+00:00] eval 20260424T141858Z-c0-canvas-960x544-s5000	still-full-resize	quality_fail	396.555ms	ocr=0.7281
[2026-04-24T19:34:09+00:00] eval 20260424T142739Z-c2-lite-960x544-s3000	still-full-resize	quality_fail	530.142ms	ocr=0.8326
[2026-04-24T19:34:09+00:00] eval 20260424T145821Z-c2-lite-glyph-960x544-s4000	still-full-resize	quality_fail	567.599ms	ocr=0.8288
[2026-04-24T19:34:09+00:00] eval 20260424T151017Z-c2-lite-text-1280x736-s4500	still-full-resize	pass	935.276ms	ocr=0.8545
[2026-04-24T19:34:09+00:00] eval 20260424T152249Z-c2-lite-text-frame-scale-1280x736-s4500	frame-scale-strong	quality_fail	553.306ms	ocr=0.0000
[2026-04-24T19:34:09+00:00] eval 20260424T152418Z-c2-lite-text-frame-scale-1280x736-s4500	frame-scale-moderate	quality_fail	558.141ms	ocr=0.1053
[2026-04-24T19:34:09+00:00] eval 20260424T153539Z-c2-lite-text-static-layout-frame-scale-1280x736-s4500	frame-scale-moderate	pass	541.976ms	ocr=0.7091
[2026-04-24T19:34:09+00:00] eval 20260424T153736Z-c2-lite-text-static-layout-frame-scale-1280x736-s4500	frame-scale-strong	pass	559.048ms	ocr=0.3610
[2026-04-24T19:34:09+00:00] eval 20260424T155703Z-c2-lite-text-static-layout-element-frame-scale-1280x736-s4500	frame-scale-moderate	pass	686.369ms	ocr=0.7321
[2026-04-24T19:34:09+00:00] eval 20260424T155913Z-c2-lite-text-static-layout-element-frame-scale-1280x736-s4500	frame-scale-strong	pass	947.475ms	ocr=0.4124
[2026-04-24T19:34:09+00:00] eval 20260424T165342Z-c2-lite-text-responsive-squeeze-1280x736-s4500	responsive-squeeze	pass	575.923ms	ocr=0.7265
[2026-04-24T19:34:09+00:00] eval 20260424T165342Z-c2-lite-text-static-layout-element-frame-scale-1536x864-s5500	frame-scale-strong	quality_fail	678.824ms	ocr=0.0824
[2026-04-24T19:34:09+00:00] eval 20260424T165508Z-c2-lite-text-static-layout-element-frame-scale-1280x736-s4500	frame-scale-strong	quality_fail	654.193ms	ocr=0.0982
[2026-04-24T19:34:09+00:00] eval 20260424T165529Z-c2-lite-text-static-layout-element-frame-scale-1280x736-s4500	frame-scale-strong	quality_fail	655.405ms	ocr=0.0468
[2026-04-24T19:34:09+00:00] eval 20260424T165916796904Z-c2-lite-text-static-layout-element-frame-scale-c25-alpha-r000-1280x736-s4500	frame-scale-strong	quality_fail	658.768ms	ocr=0.0759
[2026-04-24T19:34:09+00:00] eval 20260424T165916869371Z-c2-lite-text-static-layout-element-frame-scale-c25-alpha-r025-1280x736-s4500	frame-scale-strong	quality_fail	710.178ms	ocr=0.0597
[2026-04-24T19:34:09+00:00] eval 20260424T165916871669Z-c2-lite-text-static-layout-element-frame-scale-c25-alpha-moderate-r010-1280x736-s4500	frame-scale-moderate	quality_fail	655.525ms	ocr=0.1183
[2026-04-24T19:34:09+00:00] eval 20260424T170416744300Z-c2-lite-text-responsive-squeeze-c25-responsive-strong-1280x736-s4500	responsive-squeeze	pass	547.337ms	ocr=0.4178
[2026-04-24T19:34:09+00:00] eval 20260424T170416775674Z-c2-lite-text-static-layout-element-frame-scale-c25-rectangle-r010-1280x736-s4500	frame-scale-strong	pass	669.494ms	ocr=0.4195
[2026-04-24T19:34:09+00:00] eval 20260424T174025843756Z-c2-lite-text-static-layout-element-frame-scale-c26-word-rect-moderate-r010-1280x736-s4500	frame-scale-moderate	latency_fail	3290.873ms	ocr=0.5438
[2026-04-24T19:34:09+00:00] eval 20260424T174026078431Z-c2-lite-text-static-layout-element-frame-scale-c26-word-rect-r010-1280x736-s4500	frame-scale-strong	quality_fail	3698.959ms	ocr=0.1143
[2026-04-24T19:34:09+00:00] eval 20260424T174026360652Z-c2-lite-text-static-layout-element-frame-scale-c26-line-rect-r005-1280x736-s4500	frame-scale-strong	pass	655.300ms	ocr=0.5243
[2026-04-24T19:34:09+00:00] eval 20260424T174558341805Z-c2-lite-text-responsive-squeeze-c26-responsive-xstrong-1280x736-s4500	responsive-squeeze	quality_fail	555.266ms	ocr=0.2000
[2026-04-24T19:34:09+00:00] eval 20260424T181541437774Z-c2-lite-text-static-layout-element-frame-scale-c27-line-rect-r005-pad2-1280x736-s4500	frame-scale-strong	pass	603.633ms	ocr=0.3673
[2026-04-24T19:34:09+00:00] eval 20260424T181541511063Z-c2-lite-text-static-layout-element-frame-scale-c27-line-rect-r0075-1280x736-s4500	frame-scale-strong	pass	650.038ms	ocr=0.3981
[2026-04-24T19:34:09+00:00] eval 20260424T181541520698Z-c2-lite-text-static-layout-element-frame-scale-c27-line-rect-r0025-1280x736-s4500	frame-scale-strong	pass	841.603ms	ocr=0.7097
[2026-04-24T19:34:09+00:00] eval 20260424T182043179568Z-c2-lite-text-static-layout-element-frame-scale-c27-line-rect-r005-pad6-1280x736-s4500	frame-scale-strong	quality_fail	673.498ms	ocr=0.2673
[2026-04-24T19:34:09+00:00] eval 20260424T182043479928Z-c2-lite-text-responsive-squeeze-c27-responsive-018-1280x736-s4500	responsive-squeeze	pass	577.817ms	ocr=0.3277
[2026-04-24T19:34:09+00:00] eval 20260424T182113089373Z-c2-lite-text-static-layout-element-frame-scale-c28-word-batched-r010-1280x736-s4500	frame-scale-strong	quality_fail	671.715ms	ocr=0.1135
[2026-04-24T19:34:09+00:00] eval 20260424T182614717341Z-c2-lite-text-static-layout-element-frame-scale-c28-word-batched-moderate-r010-1280x736-s4500	frame-scale-moderate	pass	647.643ms	ocr=0.5505
[2026-04-24T19:34:09+00:00] eval 20260424T182614814241Z-c2-lite-text-static-layout-element-frame-scale-c28-line-batched-r005-1280x736-s4500	frame-scale-strong	pass	641.167ms	ocr=0.4928
[2026-04-24T19:34:09+00:00] eval 20260424T183608003876Z-c2-lite-text-c29-gentle-flow-010-1280x736-s4500	subtle-motion-loop	pass	548.963ms	ocr=0.8402
[2026-04-24T19:34:09+00:00] eval 20260424T183608005020Z-c2-lite-text-static-layout-element-frame-scale-c29-product-layout-r0025-1280x736-s4500	frame-scale-moderate	pass	627.449ms	ocr=0.7713
[2026-04-24T19:34:09+00:00] eval 20260424T183608071937Z-c2-lite-text-c29-gentle-flow-020-1280x736-s4500	subtle-motion-loop	quality_fail	509.898ms	ocr=0.7123
[2026-04-24T19:34:09+00:00] eval 20260424T183934464437Z-c2-lite-text-c30-gentle-flow-015-1280x736-s4500	subtle-motion-loop	quality_fail	540.984ms	ocr=0.7615
[2026-04-24T19:34:09+00:00] eval 20260424T183934521841Z-c2-lite-text-static-layout-element-frame-scale-c30-product-layout-r0025-s008-1280x736-s4500	frame-scale-moderate	pass	631.642ms	ocr=0.7580
[2026-04-24T19:34:09+00:00] eval 20260424T183934556364Z-c2-lite-text-c30-gentle-flow-0125-1280x736-s4500	subtle-motion-loop	pass	525.153ms	ocr=0.8545
[2026-04-24T19:34:09+00:00] eval 20260424T184407805047Z-c2-lite-text-static-layout-element-frame-scale-c30-line-batched-r0025-strong-1280x736-s4500	frame-scale-strong	quality_fail	627.692ms	ocr=0.4976
[2026-04-24T19:34:09+00:00] eval 20260424T190559154813Z-c2-lite-glyph-c31-general-flow-0125-edge4-1280x736-s4500	subtle-motion-loop	quality_fail	544.087ms	ocr=0.4679
[2026-04-24T19:34:09+00:00] eval 20260424T190605585385Z-c2-lite-glyph-c31-general-flow-0125-edge8-1280x736-s4500	subtle-motion-loop	quality_fail	584.051ms	ocr=0.7037
[2026-04-24T19:34:09+00:00] eval 20260424T190605918153Z-c2-lite-glyph-c31-general-flow-010-edge4-1280x736-s4500	subtle-motion-loop	pass	894.055ms	ocr=0.8288
[2026-04-24T19:34:09+00:00] eval 20260424T190606166641Z-c2-lite-glyph-c31-general-flow-0125-edge1-1280x736-s4500	subtle-motion-loop	pass	521.440ms	ocr=0.8219
[2026-04-24T19:34:09+00:00] eval 20260424T190612581831Z-c2-lite-text-c31-text-flow-0135-box8-1280x736-s4500	subtle-motion-loop	pass	546.841ms	ocr=0.8440
[2026-04-24T19:34:09+00:00] eval 20260424T190840356745Z-c2-lite-text-c31-text-flow-014-box8-1280x736-s4500	subtle-motion-loop	quality_fail	1274.142ms	ocr=0.7511
[2026-04-24T19:34:09+00:00] eval 20260424T190840784385Z-c2-lite-text-static-layout-element-frame-scale-c31-alpha-layout-r0025-s004-1280x736-s4500	frame-scale-moderate	quality_fail	864.225ms	ocr=0.1860
[2026-04-24T19:34:09+00:00] eval 20260424T190840808715Z-c2-lite-text-c31-text-flow-0125-box12-1280x736-s4500	subtle-motion-loop	pass	562.301ms	ocr=0.8273
[2026-04-24T19:34:09+00:00] eval 20260424T191249508614Z-c2-lite-glyph-c32-general-flow-0125-edge05-1280x736-s4500	subtle-motion-loop	pass	575.076ms	ocr=0.8440
[2026-04-24T19:34:09+00:00] eval 20260424T191249618903Z-c2-lite-glyph-c32-general-flow-0135-edge1-1280x736-s4500	subtle-motion-loop	pass	560.209ms	ocr=0.8519
[2026-04-24T19:34:09+00:00] eval 20260424T191249849883Z-c2-lite-text-c32-text-flow-0145-box8-1280x736-s4500	subtle-motion-loop	quality_fail	557.677ms	ocr=0.7421
[2026-04-24T19:34:09+00:00] eval 20260424T191249851107Z-c2-lite-text-c32-text-flow-0135-box12-1280x736-s4500	subtle-motion-loop	pass	573.293ms	ocr=0.8402
[2026-04-24T19:34:09+00:00] eval WROTE docs/experiments/track-c/eval-results.tsv
[2026-04-24T19:34:43+00:00] autoresearch loop started
[2026-04-24T19:34:43+00:00] launched c33-general-flow-0135-edge075: Scale-up pure neural canvas: bracket the C32 no-OCR winner with slightly lighter edge weighting.
[2026-04-24T19:34:43+00:00] launched c33-general-flow-0135-edge15: Scale-up pure neural canvas: bracket the C32 no-OCR winner with slightly stronger edge weighting.
[2026-04-24T19:34:43+00:00] launched c33-general-flow-014-edge1: Scale-up pure neural canvas: push no-OCR flow beyond the C32 winner at the best edge setting.
[2026-04-24T19:34:43+00:00] launched c33-general-flow-01425-edge1: Scale-up pure neural canvas: find the no-OCR readability cliff above flow 0.014.
[2026-04-24T19:34:43+00:00] launched c33-general-flow-0135-edge1-s6000: Scale-up pure neural canvas: more optimization steps at the C32 no-OCR winner.
[2026-04-24T19:34:43+00:00] launched c33-general-flow-0135-edge1-cap24h128: Scale-up pure neural canvas: larger latent canvas/channel capacity on the current no-OCR winner.
[2026-04-24T19:34:43+00:00] launched c33-general-flow-014-edge05: Scale-up pure neural canvas: push motion with lighter edge weighting after C32 edge05 improved quality.
[2026-04-24T19:34:43+00:00] launched c33-text-flow-01375-box8: Scale-up bridge: split the gap between C31 box8 success and C32/C31 higher-flow failures.
[2026-04-24T19:34:43+00:00] launched c33-text-flow-0135-box6: Scale-up bridge: reduce OCR-box loss at the bridge winner flow to see if text boxes can be less dominant.
[2026-04-24T19:34:43+00:00] launched c33-general-responsive-012-edge1: Scale-up pure neural canvas: no-OCR responsive-squeeze stress at a lower amplitude.
[2026-04-24T19:34:56+00:00] eval 20260424T141533Z-c0-canvas-960x544-s1500	still-full-resize	quality_fail	364.071ms	ocr=0.7397
[2026-04-24T19:34:56+00:00] eval 20260424T141858Z-c0-canvas-960x544-s5000	still-full-resize	quality_fail	396.555ms	ocr=0.7281
[2026-04-24T19:34:56+00:00] eval 20260424T142739Z-c2-lite-960x544-s3000	still-full-resize	quality_fail	530.142ms	ocr=0.8326
[2026-04-24T19:34:56+00:00] eval 20260424T145821Z-c2-lite-glyph-960x544-s4000	still-full-resize	quality_fail	567.599ms	ocr=0.8288
[2026-04-24T19:34:56+00:00] eval 20260424T151017Z-c2-lite-text-1280x736-s4500	still-full-resize	pass	935.276ms	ocr=0.8545
[2026-04-24T19:34:56+00:00] eval 20260424T152249Z-c2-lite-text-frame-scale-1280x736-s4500	frame-scale-strong	quality_fail	553.306ms	ocr=0.0000
[2026-04-24T19:34:56+00:00] eval 20260424T152418Z-c2-lite-text-frame-scale-1280x736-s4500	frame-scale-moderate	quality_fail	558.141ms	ocr=0.1053
[2026-04-24T19:34:56+00:00] eval 20260424T153539Z-c2-lite-text-static-layout-frame-scale-1280x736-s4500	frame-scale-moderate	pass	541.976ms	ocr=0.7091
[2026-04-24T19:34:56+00:00] eval 20260424T153736Z-c2-lite-text-static-layout-frame-scale-1280x736-s4500	frame-scale-strong	pass	559.048ms	ocr=0.3610
[2026-04-24T19:34:56+00:00] eval 20260424T155703Z-c2-lite-text-static-layout-element-frame-scale-1280x736-s4500	frame-scale-moderate	pass	686.369ms	ocr=0.7321
[2026-04-24T19:34:56+00:00] eval 20260424T155913Z-c2-lite-text-static-layout-element-frame-scale-1280x736-s4500	frame-scale-strong	pass	947.475ms	ocr=0.4124
[2026-04-24T19:34:56+00:00] eval 20260424T165342Z-c2-lite-text-responsive-squeeze-1280x736-s4500	responsive-squeeze	pass	575.923ms	ocr=0.7265
[2026-04-24T19:34:56+00:00] eval 20260424T165342Z-c2-lite-text-static-layout-element-frame-scale-1536x864-s5500	frame-scale-strong	quality_fail	678.824ms	ocr=0.0824
[2026-04-24T19:34:56+00:00] eval 20260424T165508Z-c2-lite-text-static-layout-element-frame-scale-1280x736-s4500	frame-scale-strong	quality_fail	654.193ms	ocr=0.0982
[2026-04-24T19:34:56+00:00] eval 20260424T165529Z-c2-lite-text-static-layout-element-frame-scale-1280x736-s4500	frame-scale-strong	quality_fail	655.405ms	ocr=0.0468
[2026-04-24T19:34:56+00:00] eval 20260424T165916796904Z-c2-lite-text-static-layout-element-frame-scale-c25-alpha-r000-1280x736-s4500	frame-scale-strong	quality_fail	658.768ms	ocr=0.0759
[2026-04-24T19:34:56+00:00] eval 20260424T165916869371Z-c2-lite-text-static-layout-element-frame-scale-c25-alpha-r025-1280x736-s4500	frame-scale-strong	quality_fail	710.178ms	ocr=0.0597
[2026-04-24T19:34:56+00:00] eval 20260424T165916871669Z-c2-lite-text-static-layout-element-frame-scale-c25-alpha-moderate-r010-1280x736-s4500	frame-scale-moderate	quality_fail	655.525ms	ocr=0.1183
[2026-04-24T19:34:56+00:00] eval 20260424T170416744300Z-c2-lite-text-responsive-squeeze-c25-responsive-strong-1280x736-s4500	responsive-squeeze	pass	547.337ms	ocr=0.4178
[2026-04-24T19:34:56+00:00] eval 20260424T170416775674Z-c2-lite-text-static-layout-element-frame-scale-c25-rectangle-r010-1280x736-s4500	frame-scale-strong	pass	669.494ms	ocr=0.4195
[2026-04-24T19:34:56+00:00] eval 20260424T174025843756Z-c2-lite-text-static-layout-element-frame-scale-c26-word-rect-moderate-r010-1280x736-s4500	frame-scale-moderate	latency_fail	3290.873ms	ocr=0.5438
[2026-04-24T19:34:56+00:00] eval 20260424T174026078431Z-c2-lite-text-static-layout-element-frame-scale-c26-word-rect-r010-1280x736-s4500	frame-scale-strong	quality_fail	3698.959ms	ocr=0.1143
[2026-04-24T19:34:56+00:00] eval 20260424T174026360652Z-c2-lite-text-static-layout-element-frame-scale-c26-line-rect-r005-1280x736-s4500	frame-scale-strong	pass	655.300ms	ocr=0.5243
[2026-04-24T19:34:56+00:00] eval 20260424T174558341805Z-c2-lite-text-responsive-squeeze-c26-responsive-xstrong-1280x736-s4500	responsive-squeeze	quality_fail	555.266ms	ocr=0.2000
[2026-04-24T19:34:56+00:00] eval 20260424T181541437774Z-c2-lite-text-static-layout-element-frame-scale-c27-line-rect-r005-pad2-1280x736-s4500	frame-scale-strong	pass	603.633ms	ocr=0.3673
[2026-04-24T19:34:56+00:00] eval 20260424T181541511063Z-c2-lite-text-static-layout-element-frame-scale-c27-line-rect-r0075-1280x736-s4500	frame-scale-strong	pass	650.038ms	ocr=0.3981
[2026-04-24T19:34:56+00:00] eval 20260424T181541520698Z-c2-lite-text-static-layout-element-frame-scale-c27-line-rect-r0025-1280x736-s4500	frame-scale-strong	pass	841.603ms	ocr=0.7097
[2026-04-24T19:34:56+00:00] eval 20260424T182043179568Z-c2-lite-text-static-layout-element-frame-scale-c27-line-rect-r005-pad6-1280x736-s4500	frame-scale-strong	quality_fail	673.498ms	ocr=0.2673
[2026-04-24T19:34:56+00:00] eval 20260424T182043479928Z-c2-lite-text-responsive-squeeze-c27-responsive-018-1280x736-s4500	responsive-squeeze	pass	577.817ms	ocr=0.3277
[2026-04-24T19:34:56+00:00] eval 20260424T182113089373Z-c2-lite-text-static-layout-element-frame-scale-c28-word-batched-r010-1280x736-s4500	frame-scale-strong	quality_fail	671.715ms	ocr=0.1135
[2026-04-24T19:34:56+00:00] eval 20260424T182614717341Z-c2-lite-text-static-layout-element-frame-scale-c28-word-batched-moderate-r010-1280x736-s4500	frame-scale-moderate	pass	647.643ms	ocr=0.5505
[2026-04-24T19:34:56+00:00] eval 20260424T182614814241Z-c2-lite-text-static-layout-element-frame-scale-c28-line-batched-r005-1280x736-s4500	frame-scale-strong	pass	641.167ms	ocr=0.4928
[2026-04-24T19:34:56+00:00] eval 20260424T183608003876Z-c2-lite-text-c29-gentle-flow-010-1280x736-s4500	subtle-motion-loop	pass	548.963ms	ocr=0.8402
[2026-04-24T19:34:56+00:00] eval 20260424T183608005020Z-c2-lite-text-static-layout-element-frame-scale-c29-product-layout-r0025-1280x736-s4500	frame-scale-moderate	pass	627.449ms	ocr=0.7713
[2026-04-24T19:34:56+00:00] eval 20260424T183608071937Z-c2-lite-text-c29-gentle-flow-020-1280x736-s4500	subtle-motion-loop	quality_fail	509.898ms	ocr=0.7123
[2026-04-24T19:34:56+00:00] eval 20260424T183934464437Z-c2-lite-text-c30-gentle-flow-015-1280x736-s4500	subtle-motion-loop	quality_fail	540.984ms	ocr=0.7615
[2026-04-24T19:34:56+00:00] eval 20260424T183934521841Z-c2-lite-text-static-layout-element-frame-scale-c30-product-layout-r0025-s008-1280x736-s4500	frame-scale-moderate	pass	631.642ms	ocr=0.7580
[2026-04-24T19:34:56+00:00] eval 20260424T183934556364Z-c2-lite-text-c30-gentle-flow-0125-1280x736-s4500	subtle-motion-loop	pass	525.153ms	ocr=0.8545
[2026-04-24T19:34:56+00:00] eval 20260424T184407805047Z-c2-lite-text-static-layout-element-frame-scale-c30-line-batched-r0025-strong-1280x736-s4500	frame-scale-strong	quality_fail	627.692ms	ocr=0.4976
[2026-04-24T19:34:56+00:00] eval 20260424T190559154813Z-c2-lite-glyph-c31-general-flow-0125-edge4-1280x736-s4500	subtle-motion-loop	quality_fail	544.087ms	ocr=0.4679
[2026-04-24T19:34:56+00:00] eval 20260424T190605585385Z-c2-lite-glyph-c31-general-flow-0125-edge8-1280x736-s4500	subtle-motion-loop	quality_fail	584.051ms	ocr=0.7037
[2026-04-24T19:34:56+00:00] eval 20260424T190605918153Z-c2-lite-glyph-c31-general-flow-010-edge4-1280x736-s4500	subtle-motion-loop	pass	894.055ms	ocr=0.8288
[2026-04-24T19:34:56+00:00] eval 20260424T190606166641Z-c2-lite-glyph-c31-general-flow-0125-edge1-1280x736-s4500	subtle-motion-loop	pass	521.440ms	ocr=0.8219
[2026-04-24T19:34:56+00:00] eval 20260424T190612581831Z-c2-lite-text-c31-text-flow-0135-box8-1280x736-s4500	subtle-motion-loop	pass	546.841ms	ocr=0.8440
[2026-04-24T19:34:56+00:00] eval 20260424T190840356745Z-c2-lite-text-c31-text-flow-014-box8-1280x736-s4500	subtle-motion-loop	quality_fail	1274.142ms	ocr=0.7511
[2026-04-24T19:34:56+00:00] eval 20260424T190840784385Z-c2-lite-text-static-layout-element-frame-scale-c31-alpha-layout-r0025-s004-1280x736-s4500	frame-scale-moderate	quality_fail	864.225ms	ocr=0.1860
[2026-04-24T19:34:56+00:00] eval 20260424T190840808715Z-c2-lite-text-c31-text-flow-0125-box12-1280x736-s4500	subtle-motion-loop	pass	562.301ms	ocr=0.8273
[2026-04-24T19:34:56+00:00] eval 20260424T191249508614Z-c2-lite-glyph-c32-general-flow-0125-edge05-1280x736-s4500	subtle-motion-loop	pass	575.076ms	ocr=0.8440
[2026-04-24T19:34:56+00:00] eval 20260424T191249618903Z-c2-lite-glyph-c32-general-flow-0135-edge1-1280x736-s4500	subtle-motion-loop	pass	560.209ms	ocr=0.8519
[2026-04-24T19:34:56+00:00] eval 20260424T191249849883Z-c2-lite-text-c32-text-flow-0145-box8-1280x736-s4500	subtle-motion-loop	quality_fail	557.677ms	ocr=0.7421
[2026-04-24T19:34:56+00:00] eval 20260424T191249851107Z-c2-lite-text-c32-text-flow-0135-box12-1280x736-s4500	subtle-motion-loop	pass	573.293ms	ocr=0.8402
[2026-04-24T19:34:56+00:00] eval WROTE docs/experiments/track-c/eval-results.tsv
[2026-04-24T19:40:27+00:00] eval 20260424T141533Z-c0-canvas-960x544-s1500	still-full-resize	quality_fail	364.071ms	ocr=0.7397
[2026-04-24T19:40:27+00:00] eval 20260424T141858Z-c0-canvas-960x544-s5000	still-full-resize	quality_fail	396.555ms	ocr=0.7281
[2026-04-24T19:40:27+00:00] eval 20260424T142739Z-c2-lite-960x544-s3000	still-full-resize	quality_fail	530.142ms	ocr=0.8326
[2026-04-24T19:40:27+00:00] eval 20260424T145821Z-c2-lite-glyph-960x544-s4000	still-full-resize	quality_fail	567.599ms	ocr=0.8288
[2026-04-24T19:40:27+00:00] eval 20260424T151017Z-c2-lite-text-1280x736-s4500	still-full-resize	pass	935.276ms	ocr=0.8545
[2026-04-24T19:40:27+00:00] eval 20260424T152249Z-c2-lite-text-frame-scale-1280x736-s4500	frame-scale-strong	quality_fail	553.306ms	ocr=0.0000
[2026-04-24T19:40:27+00:00] eval 20260424T152418Z-c2-lite-text-frame-scale-1280x736-s4500	frame-scale-moderate	quality_fail	558.141ms	ocr=0.1053
[2026-04-24T19:40:27+00:00] eval 20260424T153539Z-c2-lite-text-static-layout-frame-scale-1280x736-s4500	frame-scale-moderate	pass	541.976ms	ocr=0.7091
[2026-04-24T19:40:27+00:00] eval 20260424T153736Z-c2-lite-text-static-layout-frame-scale-1280x736-s4500	frame-scale-strong	pass	559.048ms	ocr=0.3610
[2026-04-24T19:40:27+00:00] eval 20260424T155703Z-c2-lite-text-static-layout-element-frame-scale-1280x736-s4500	frame-scale-moderate	pass	686.369ms	ocr=0.7321
[2026-04-24T19:40:27+00:00] eval 20260424T155913Z-c2-lite-text-static-layout-element-frame-scale-1280x736-s4500	frame-scale-strong	pass	947.475ms	ocr=0.4124
[2026-04-24T19:40:27+00:00] eval 20260424T165342Z-c2-lite-text-responsive-squeeze-1280x736-s4500	responsive-squeeze	pass	575.923ms	ocr=0.7265
[2026-04-24T19:40:27+00:00] eval 20260424T165342Z-c2-lite-text-static-layout-element-frame-scale-1536x864-s5500	frame-scale-strong	quality_fail	678.824ms	ocr=0.0824
[2026-04-24T19:40:27+00:00] eval 20260424T165508Z-c2-lite-text-static-layout-element-frame-scale-1280x736-s4500	frame-scale-strong	quality_fail	654.193ms	ocr=0.0982
[2026-04-24T19:40:27+00:00] eval 20260424T165529Z-c2-lite-text-static-layout-element-frame-scale-1280x736-s4500	frame-scale-strong	quality_fail	655.405ms	ocr=0.0468
[2026-04-24T19:40:27+00:00] eval 20260424T165916796904Z-c2-lite-text-static-layout-element-frame-scale-c25-alpha-r000-1280x736-s4500	frame-scale-strong	quality_fail	658.768ms	ocr=0.0759
[2026-04-24T19:40:27+00:00] eval 20260424T165916869371Z-c2-lite-text-static-layout-element-frame-scale-c25-alpha-r025-1280x736-s4500	frame-scale-strong	quality_fail	710.178ms	ocr=0.0597
[2026-04-24T19:40:27+00:00] eval 20260424T165916871669Z-c2-lite-text-static-layout-element-frame-scale-c25-alpha-moderate-r010-1280x736-s4500	frame-scale-moderate	quality_fail	655.525ms	ocr=0.1183
[2026-04-24T19:40:27+00:00] eval 20260424T170416744300Z-c2-lite-text-responsive-squeeze-c25-responsive-strong-1280x736-s4500	responsive-squeeze	pass	547.337ms	ocr=0.4178
[2026-04-24T19:40:27+00:00] eval 20260424T170416775674Z-c2-lite-text-static-layout-element-frame-scale-c25-rectangle-r010-1280x736-s4500	frame-scale-strong	pass	669.494ms	ocr=0.4195
[2026-04-24T19:40:27+00:00] eval 20260424T174025843756Z-c2-lite-text-static-layout-element-frame-scale-c26-word-rect-moderate-r010-1280x736-s4500	frame-scale-moderate	latency_fail	3290.873ms	ocr=0.5438
[2026-04-24T19:40:27+00:00] eval 20260424T174026078431Z-c2-lite-text-static-layout-element-frame-scale-c26-word-rect-r010-1280x736-s4500	frame-scale-strong	quality_fail	3698.959ms	ocr=0.1143
[2026-04-24T19:40:27+00:00] eval 20260424T174026360652Z-c2-lite-text-static-layout-element-frame-scale-c26-line-rect-r005-1280x736-s4500	frame-scale-strong	pass	655.300ms	ocr=0.5243
[2026-04-24T19:40:27+00:00] eval 20260424T174558341805Z-c2-lite-text-responsive-squeeze-c26-responsive-xstrong-1280x736-s4500	responsive-squeeze	quality_fail	555.266ms	ocr=0.2000
[2026-04-24T19:40:27+00:00] eval 20260424T181541437774Z-c2-lite-text-static-layout-element-frame-scale-c27-line-rect-r005-pad2-1280x736-s4500	frame-scale-strong	pass	603.633ms	ocr=0.3673
[2026-04-24T19:40:27+00:00] eval 20260424T181541511063Z-c2-lite-text-static-layout-element-frame-scale-c27-line-rect-r0075-1280x736-s4500	frame-scale-strong	pass	650.038ms	ocr=0.3981
[2026-04-24T19:40:27+00:00] eval 20260424T181541520698Z-c2-lite-text-static-layout-element-frame-scale-c27-line-rect-r0025-1280x736-s4500	frame-scale-strong	pass	841.603ms	ocr=0.7097
[2026-04-24T19:40:27+00:00] eval 20260424T182043179568Z-c2-lite-text-static-layout-element-frame-scale-c27-line-rect-r005-pad6-1280x736-s4500	frame-scale-strong	quality_fail	673.498ms	ocr=0.2673
[2026-04-24T19:40:27+00:00] eval 20260424T182043479928Z-c2-lite-text-responsive-squeeze-c27-responsive-018-1280x736-s4500	responsive-squeeze	pass	577.817ms	ocr=0.3277
[2026-04-24T19:40:27+00:00] eval 20260424T182113089373Z-c2-lite-text-static-layout-element-frame-scale-c28-word-batched-r010-1280x736-s4500	frame-scale-strong	quality_fail	671.715ms	ocr=0.1135
[2026-04-24T19:40:27+00:00] eval 20260424T182614717341Z-c2-lite-text-static-layout-element-frame-scale-c28-word-batched-moderate-r010-1280x736-s4500	frame-scale-moderate	pass	647.643ms	ocr=0.5505
[2026-04-24T19:40:27+00:00] eval 20260424T182614814241Z-c2-lite-text-static-layout-element-frame-scale-c28-line-batched-r005-1280x736-s4500	frame-scale-strong	pass	641.167ms	ocr=0.4928
[2026-04-24T19:40:27+00:00] eval 20260424T183608003876Z-c2-lite-text-c29-gentle-flow-010-1280x736-s4500	subtle-motion-loop	pass	548.963ms	ocr=0.8402
[2026-04-24T19:40:27+00:00] eval 20260424T183608005020Z-c2-lite-text-static-layout-element-frame-scale-c29-product-layout-r0025-1280x736-s4500	frame-scale-moderate	pass	627.449ms	ocr=0.7713
[2026-04-24T19:40:27+00:00] eval 20260424T183608071937Z-c2-lite-text-c29-gentle-flow-020-1280x736-s4500	subtle-motion-loop	quality_fail	509.898ms	ocr=0.7123
[2026-04-24T19:40:27+00:00] eval 20260424T183934464437Z-c2-lite-text-c30-gentle-flow-015-1280x736-s4500	subtle-motion-loop	quality_fail	540.984ms	ocr=0.7615
[2026-04-24T19:40:27+00:00] eval 20260424T183934521841Z-c2-lite-text-static-layout-element-frame-scale-c30-product-layout-r0025-s008-1280x736-s4500	frame-scale-moderate	pass	631.642ms	ocr=0.7580
[2026-04-24T19:40:27+00:00] eval 20260424T183934556364Z-c2-lite-text-c30-gentle-flow-0125-1280x736-s4500	subtle-motion-loop	pass	525.153ms	ocr=0.8545
[2026-04-24T19:40:27+00:00] eval 20260424T184407805047Z-c2-lite-text-static-layout-element-frame-scale-c30-line-batched-r0025-strong-1280x736-s4500	frame-scale-strong	quality_fail	627.692ms	ocr=0.4976
[2026-04-24T19:40:27+00:00] eval 20260424T190559154813Z-c2-lite-glyph-c31-general-flow-0125-edge4-1280x736-s4500	subtle-motion-loop	quality_fail	544.087ms	ocr=0.4679
[2026-04-24T19:40:27+00:00] eval 20260424T190605585385Z-c2-lite-glyph-c31-general-flow-0125-edge8-1280x736-s4500	subtle-motion-loop	quality_fail	584.051ms	ocr=0.7037
[2026-04-24T19:40:27+00:00] eval 20260424T190605918153Z-c2-lite-glyph-c31-general-flow-010-edge4-1280x736-s4500	subtle-motion-loop	pass	894.055ms	ocr=0.8288
[2026-04-24T19:40:27+00:00] eval 20260424T190606166641Z-c2-lite-glyph-c31-general-flow-0125-edge1-1280x736-s4500	subtle-motion-loop	pass	521.440ms	ocr=0.8219
[2026-04-24T19:40:27+00:00] eval 20260424T190612581831Z-c2-lite-text-c31-text-flow-0135-box8-1280x736-s4500	subtle-motion-loop	pass	546.841ms	ocr=0.8440
[2026-04-24T19:40:27+00:00] eval 20260424T190840356745Z-c2-lite-text-c31-text-flow-014-box8-1280x736-s4500	subtle-motion-loop	quality_fail	1274.142ms	ocr=0.7511
[2026-04-24T19:40:27+00:00] eval 20260424T190840784385Z-c2-lite-text-static-layout-element-frame-scale-c31-alpha-layout-r0025-s004-1280x736-s4500	frame-scale-moderate	quality_fail	864.225ms	ocr=0.1860
[2026-04-24T19:40:27+00:00] eval 20260424T190840808715Z-c2-lite-text-c31-text-flow-0125-box12-1280x736-s4500	subtle-motion-loop	pass	562.301ms	ocr=0.8273
[2026-04-24T19:40:27+00:00] eval 20260424T191249508614Z-c2-lite-glyph-c32-general-flow-0125-edge05-1280x736-s4500	subtle-motion-loop	pass	575.076ms	ocr=0.8440
[2026-04-24T19:40:27+00:00] eval 20260424T191249618903Z-c2-lite-glyph-c32-general-flow-0135-edge1-1280x736-s4500	subtle-motion-loop	pass	560.209ms	ocr=0.8519
[2026-04-24T19:40:27+00:00] eval 20260424T191249849883Z-c2-lite-text-c32-text-flow-0145-box8-1280x736-s4500	subtle-motion-loop	quality_fail	557.677ms	ocr=0.7421
[2026-04-24T19:40:27+00:00] eval 20260424T191249851107Z-c2-lite-text-c32-text-flow-0135-box12-1280x736-s4500	subtle-motion-loop	pass	573.293ms	ocr=0.8402
[2026-04-24T19:40:27+00:00] eval 20260424T193446279047Z-c2-lite-glyph-c33-general-flow-014-edge1-1280x736-s4500	subtle-motion-loop	pass	565.333ms	ocr=0.8767
[2026-04-24T19:40:27+00:00] eval 20260424T193447074018Z-c2-lite-glyph-c33-general-flow-0135-edge1-s6000-1280x736-s6000	subtle-motion-loop	quality_fail	563.359ms	ocr=0.8273
[2026-04-24T19:40:27+00:00] eval 20260424T193447084082Z-c2-lite-glyph-c33-general-flow-014-edge05-1280x736-s4500	subtle-motion-loop	pass	559.672ms	ocr=0.8430
[2026-04-24T19:40:27+00:00] eval 20260424T193447159248Z-c2-lite-glyph-c33-general-flow-0135-edge075-1280x736-s4500	subtle-motion-loop	pass	580.600ms	ocr=0.8364
[2026-04-24T19:40:27+00:00] eval 20260424T193447170403Z-c2-lite-glyph-c33-general-flow-0135-edge1-cap24h128-1280x736-s4500	subtle-motion-loop	pass	622.664ms	ocr=0.8479
[2026-04-24T19:40:27+00:00] eval 20260424T193447214046Z-c2-lite-glyph-c33-general-flow-01425-edge1-1280x736-s4500	subtle-motion-loop	quality_fail	570.949ms	ocr=0.7798
[2026-04-24T19:40:27+00:00] eval 20260424T193447214343Z-c2-lite-glyph-c33-general-flow-0135-edge15-1280x736-s4500	subtle-motion-loop	quality_fail	567.832ms	ocr=0.7982
[2026-04-24T19:40:27+00:00] eval 20260424T193447278250Z-c2-lite-glyph-responsive-squeeze-c33-general-responsive-012-edge1-1280x736-s4500	responsive-squeeze	pass	570.907ms	ocr=0.8676
[2026-04-24T19:40:27+00:00] eval 20260424T193448553225Z-c2-lite-text-c33-text-flow-0135-box6-1280x736-s4500	subtle-motion-loop	pass	545.589ms	ocr=0.8479
[2026-04-24T19:40:27+00:00] eval 20260424T193448589362Z-c2-lite-text-c33-text-flow-01375-box8-1280x736-s4500	subtle-motion-loop	quality_fail	586.697ms	ocr=0.7945
[2026-04-24T19:40:27+00:00] eval WROTE docs/experiments/track-c/eval-results.tsv
[2026-04-24T19:45:39+00:00] eval 20260424T141533Z-c0-canvas-960x544-s1500	still-full-resize	quality_fail	364.071ms	ocr=0.7397
[2026-04-24T19:45:39+00:00] eval 20260424T141858Z-c0-canvas-960x544-s5000	still-full-resize	quality_fail	396.555ms	ocr=0.7281
[2026-04-24T19:45:39+00:00] eval 20260424T142739Z-c2-lite-960x544-s3000	still-full-resize	quality_fail	530.142ms	ocr=0.8326
[2026-04-24T19:45:39+00:00] eval 20260424T145821Z-c2-lite-glyph-960x544-s4000	still-full-resize	quality_fail	567.599ms	ocr=0.8288
[2026-04-24T19:45:39+00:00] eval 20260424T151017Z-c2-lite-text-1280x736-s4500	still-full-resize	pass	935.276ms	ocr=0.8545
[2026-04-24T19:45:39+00:00] eval 20260424T152249Z-c2-lite-text-frame-scale-1280x736-s4500	frame-scale-strong	quality_fail	553.306ms	ocr=0.0000
[2026-04-24T19:45:39+00:00] eval 20260424T152418Z-c2-lite-text-frame-scale-1280x736-s4500	frame-scale-moderate	quality_fail	558.141ms	ocr=0.1053
[2026-04-24T19:45:39+00:00] eval 20260424T153539Z-c2-lite-text-static-layout-frame-scale-1280x736-s4500	frame-scale-moderate	pass	541.976ms	ocr=0.7091
[2026-04-24T19:45:39+00:00] eval 20260424T153736Z-c2-lite-text-static-layout-frame-scale-1280x736-s4500	frame-scale-strong	pass	559.048ms	ocr=0.3610
[2026-04-24T19:45:39+00:00] eval 20260424T155703Z-c2-lite-text-static-layout-element-frame-scale-1280x736-s4500	frame-scale-moderate	pass	686.369ms	ocr=0.7321
[2026-04-24T19:45:39+00:00] eval 20260424T155913Z-c2-lite-text-static-layout-element-frame-scale-1280x736-s4500	frame-scale-strong	pass	947.475ms	ocr=0.4124
[2026-04-24T19:45:39+00:00] eval 20260424T165342Z-c2-lite-text-responsive-squeeze-1280x736-s4500	responsive-squeeze	pass	575.923ms	ocr=0.7265
[2026-04-24T19:45:39+00:00] eval 20260424T165342Z-c2-lite-text-static-layout-element-frame-scale-1536x864-s5500	frame-scale-strong	quality_fail	678.824ms	ocr=0.0824
[2026-04-24T19:45:39+00:00] eval 20260424T165508Z-c2-lite-text-static-layout-element-frame-scale-1280x736-s4500	frame-scale-strong	quality_fail	654.193ms	ocr=0.0982
[2026-04-24T19:45:39+00:00] eval 20260424T165529Z-c2-lite-text-static-layout-element-frame-scale-1280x736-s4500	frame-scale-strong	quality_fail	655.405ms	ocr=0.0468
[2026-04-24T19:45:39+00:00] eval 20260424T165916796904Z-c2-lite-text-static-layout-element-frame-scale-c25-alpha-r000-1280x736-s4500	frame-scale-strong	quality_fail	658.768ms	ocr=0.0759
[2026-04-24T19:45:39+00:00] eval 20260424T165916869371Z-c2-lite-text-static-layout-element-frame-scale-c25-alpha-r025-1280x736-s4500	frame-scale-strong	quality_fail	710.178ms	ocr=0.0597
[2026-04-24T19:45:39+00:00] eval 20260424T165916871669Z-c2-lite-text-static-layout-element-frame-scale-c25-alpha-moderate-r010-1280x736-s4500	frame-scale-moderate	quality_fail	655.525ms	ocr=0.1183
[2026-04-24T19:45:39+00:00] eval 20260424T170416744300Z-c2-lite-text-responsive-squeeze-c25-responsive-strong-1280x736-s4500	responsive-squeeze	pass	547.337ms	ocr=0.4178
[2026-04-24T19:45:39+00:00] eval 20260424T170416775674Z-c2-lite-text-static-layout-element-frame-scale-c25-rectangle-r010-1280x736-s4500	frame-scale-strong	pass	669.494ms	ocr=0.4195
[2026-04-24T19:45:39+00:00] eval 20260424T174025843756Z-c2-lite-text-static-layout-element-frame-scale-c26-word-rect-moderate-r010-1280x736-s4500	frame-scale-moderate	latency_fail	3290.873ms	ocr=0.5438
[2026-04-24T19:45:39+00:00] eval 20260424T174026078431Z-c2-lite-text-static-layout-element-frame-scale-c26-word-rect-r010-1280x736-s4500	frame-scale-strong	quality_fail	3698.959ms	ocr=0.1143
[2026-04-24T19:45:39+00:00] eval 20260424T174026360652Z-c2-lite-text-static-layout-element-frame-scale-c26-line-rect-r005-1280x736-s4500	frame-scale-strong	pass	655.300ms	ocr=0.5243
[2026-04-24T19:45:39+00:00] eval 20260424T174558341805Z-c2-lite-text-responsive-squeeze-c26-responsive-xstrong-1280x736-s4500	responsive-squeeze	quality_fail	555.266ms	ocr=0.2000
[2026-04-24T19:45:39+00:00] eval 20260424T181541437774Z-c2-lite-text-static-layout-element-frame-scale-c27-line-rect-r005-pad2-1280x736-s4500	frame-scale-strong	pass	603.633ms	ocr=0.3673
[2026-04-24T19:45:39+00:00] eval 20260424T181541511063Z-c2-lite-text-static-layout-element-frame-scale-c27-line-rect-r0075-1280x736-s4500	frame-scale-strong	pass	650.038ms	ocr=0.3981
[2026-04-24T19:45:39+00:00] eval 20260424T181541520698Z-c2-lite-text-static-layout-element-frame-scale-c27-line-rect-r0025-1280x736-s4500	frame-scale-strong	pass	841.603ms	ocr=0.7097
[2026-04-24T19:45:39+00:00] eval 20260424T182043179568Z-c2-lite-text-static-layout-element-frame-scale-c27-line-rect-r005-pad6-1280x736-s4500	frame-scale-strong	quality_fail	673.498ms	ocr=0.2673
[2026-04-24T19:45:39+00:00] eval 20260424T182043479928Z-c2-lite-text-responsive-squeeze-c27-responsive-018-1280x736-s4500	responsive-squeeze	pass	577.817ms	ocr=0.3277
[2026-04-24T19:45:39+00:00] eval 20260424T182113089373Z-c2-lite-text-static-layout-element-frame-scale-c28-word-batched-r010-1280x736-s4500	frame-scale-strong	quality_fail	671.715ms	ocr=0.1135
[2026-04-24T19:45:39+00:00] eval 20260424T182614717341Z-c2-lite-text-static-layout-element-frame-scale-c28-word-batched-moderate-r010-1280x736-s4500	frame-scale-moderate	pass	647.643ms	ocr=0.5505
[2026-04-24T19:45:39+00:00] eval 20260424T182614814241Z-c2-lite-text-static-layout-element-frame-scale-c28-line-batched-r005-1280x736-s4500	frame-scale-strong	pass	641.167ms	ocr=0.4928
[2026-04-24T19:45:39+00:00] eval 20260424T183608003876Z-c2-lite-text-c29-gentle-flow-010-1280x736-s4500	subtle-motion-loop	pass	548.963ms	ocr=0.8402
[2026-04-24T19:45:39+00:00] eval 20260424T183608005020Z-c2-lite-text-static-layout-element-frame-scale-c29-product-layout-r0025-1280x736-s4500	frame-scale-moderate	pass	627.449ms	ocr=0.7713
[2026-04-24T19:45:39+00:00] eval 20260424T183608071937Z-c2-lite-text-c29-gentle-flow-020-1280x736-s4500	subtle-motion-loop	quality_fail	509.898ms	ocr=0.7123
[2026-04-24T19:45:39+00:00] eval 20260424T183934464437Z-c2-lite-text-c30-gentle-flow-015-1280x736-s4500	subtle-motion-loop	quality_fail	540.984ms	ocr=0.7615
[2026-04-24T19:45:39+00:00] eval 20260424T183934521841Z-c2-lite-text-static-layout-element-frame-scale-c30-product-layout-r0025-s008-1280x736-s4500	frame-scale-moderate	pass	631.642ms	ocr=0.7580
[2026-04-24T19:45:39+00:00] eval 20260424T183934556364Z-c2-lite-text-c30-gentle-flow-0125-1280x736-s4500	subtle-motion-loop	pass	525.153ms	ocr=0.8545
[2026-04-24T19:45:39+00:00] eval 20260424T184407805047Z-c2-lite-text-static-layout-element-frame-scale-c30-line-batched-r0025-strong-1280x736-s4500	frame-scale-strong	quality_fail	627.692ms	ocr=0.4976
[2026-04-24T19:45:39+00:00] eval 20260424T190559154813Z-c2-lite-glyph-c31-general-flow-0125-edge4-1280x736-s4500	subtle-motion-loop	quality_fail	544.087ms	ocr=0.4679
[2026-04-24T19:45:39+00:00] eval 20260424T190605585385Z-c2-lite-glyph-c31-general-flow-0125-edge8-1280x736-s4500	subtle-motion-loop	quality_fail	584.051ms	ocr=0.7037
[2026-04-24T19:45:39+00:00] eval 20260424T190605918153Z-c2-lite-glyph-c31-general-flow-010-edge4-1280x736-s4500	subtle-motion-loop	pass	894.055ms	ocr=0.8288
[2026-04-24T19:45:39+00:00] eval 20260424T190606166641Z-c2-lite-glyph-c31-general-flow-0125-edge1-1280x736-s4500	subtle-motion-loop	pass	521.440ms	ocr=0.8219
[2026-04-24T19:45:39+00:00] eval 20260424T190612581831Z-c2-lite-text-c31-text-flow-0135-box8-1280x736-s4500	subtle-motion-loop	pass	546.841ms	ocr=0.8440
[2026-04-24T19:45:39+00:00] eval 20260424T190840356745Z-c2-lite-text-c31-text-flow-014-box8-1280x736-s4500	subtle-motion-loop	quality_fail	1274.142ms	ocr=0.7511
[2026-04-24T19:45:39+00:00] eval 20260424T190840784385Z-c2-lite-text-static-layout-element-frame-scale-c31-alpha-layout-r0025-s004-1280x736-s4500	frame-scale-moderate	quality_fail	864.225ms	ocr=0.1860
[2026-04-24T19:45:39+00:00] eval 20260424T190840808715Z-c2-lite-text-c31-text-flow-0125-box12-1280x736-s4500	subtle-motion-loop	pass	562.301ms	ocr=0.8273
[2026-04-24T19:45:39+00:00] eval 20260424T191249508614Z-c2-lite-glyph-c32-general-flow-0125-edge05-1280x736-s4500	subtle-motion-loop	pass	575.076ms	ocr=0.8440
[2026-04-24T19:45:39+00:00] eval 20260424T191249618903Z-c2-lite-glyph-c32-general-flow-0135-edge1-1280x736-s4500	subtle-motion-loop	pass	560.209ms	ocr=0.8519
[2026-04-24T19:45:39+00:00] eval 20260424T191249849883Z-c2-lite-text-c32-text-flow-0145-box8-1280x736-s4500	subtle-motion-loop	quality_fail	557.677ms	ocr=0.7421
[2026-04-24T19:45:39+00:00] eval 20260424T191249851107Z-c2-lite-text-c32-text-flow-0135-box12-1280x736-s4500	subtle-motion-loop	pass	573.293ms	ocr=0.8402
[2026-04-24T19:45:39+00:00] eval 20260424T193446279047Z-c2-lite-glyph-c33-general-flow-014-edge1-1280x736-s4500	subtle-motion-loop	pass	565.333ms	ocr=0.8767
[2026-04-24T19:45:39+00:00] eval 20260424T193447074018Z-c2-lite-glyph-c33-general-flow-0135-edge1-s6000-1280x736-s6000	subtle-motion-loop	quality_fail	563.359ms	ocr=0.8273
[2026-04-24T19:45:39+00:00] eval 20260424T193447084082Z-c2-lite-glyph-c33-general-flow-014-edge05-1280x736-s4500	subtle-motion-loop	pass	559.672ms	ocr=0.8430
[2026-04-24T19:45:39+00:00] eval 20260424T193447159248Z-c2-lite-glyph-c33-general-flow-0135-edge075-1280x736-s4500	subtle-motion-loop	pass	580.600ms	ocr=0.8364
[2026-04-24T19:45:39+00:00] eval 20260424T193447170403Z-c2-lite-glyph-c33-general-flow-0135-edge1-cap24h128-1280x736-s4500	subtle-motion-loop	pass	622.664ms	ocr=0.8479
[2026-04-24T19:45:39+00:00] eval 20260424T193447214046Z-c2-lite-glyph-c33-general-flow-01425-edge1-1280x736-s4500	subtle-motion-loop	quality_fail	570.949ms	ocr=0.7798
[2026-04-24T19:45:39+00:00] eval 20260424T193447214343Z-c2-lite-glyph-c33-general-flow-0135-edge15-1280x736-s4500	subtle-motion-loop	quality_fail	567.832ms	ocr=0.7982
[2026-04-24T19:45:39+00:00] eval 20260424T193447278250Z-c2-lite-glyph-responsive-squeeze-c33-general-responsive-012-edge1-1280x736-s4500	responsive-squeeze	pass	570.907ms	ocr=0.8676
[2026-04-24T19:45:39+00:00] eval 20260424T193448553225Z-c2-lite-text-c33-text-flow-0135-box6-1280x736-s4500	subtle-motion-loop	pass	545.589ms	ocr=0.8479
[2026-04-24T19:45:39+00:00] eval 20260424T193448589362Z-c2-lite-text-c33-text-flow-01375-box8-1280x736-s4500	subtle-motion-loop	quality_fail	586.697ms	ocr=0.7945
[2026-04-24T19:45:39+00:00] eval WROTE docs/experiments/track-c/eval-results.tsv
[2026-04-24T19:46:20+00:00] autoresearch loop started
[2026-04-24T19:46:20+00:00] launched c35-viewport-014-edge1-z006: C35 aggressive viewport stress: no-OCR winner under zoom-pulse viewport movement.
[2026-04-24T19:46:20+00:00] launched c35-viewport-014-edge1-z010: C35 aggressive viewport stress: larger zoom/pan, still no OCR boxes or masks.
[2026-04-24T19:46:20+00:00] launched c35-viewport-014-edge1-z014: C35 aggressive viewport stress: high zoom/pan to find query-stability failure modes.
[2026-04-24T19:46:20+00:00] launched c35-frame-scale-008-edge1: C35 resize stress: global frame-scale layout transform with no OCR boxes.
[2026-04-24T19:46:20+00:00] launched c35-frame-scale-012-edge1: C35 resize stress: stronger global frame-scale layout transform with no OCR boxes.
[2026-04-24T19:46:20+00:00] launched c35-frame-scale-016-edge1: C35 resize stress: strong global frame-scale layout transform to expose text repainting.
[2026-04-24T19:46:20+00:00] launched c35-responsive-014-edge1-z006: C35 combined stress: responsive-squeeze plus viewport zoom, no OCR boxes.
[2026-04-24T19:46:20+00:00] launched c35-responsive-016-edge1-z008: C35 combined stress: stronger responsive-squeeze plus viewport zoom.
[2026-04-24T19:46:20+00:00] launched c35-frame-scale-012-edge09: C35 resize bracket: frame-scale with slightly lighter edge weighting.
[2026-04-24T19:46:20+00:00] launched c35-control-wiggle-014-edge1: C35 control only: one local-motion repeat so aggressive tests can be compared to the known winner.
[2026-04-24T19:46:31+00:00] eval 20260424T141533Z-c0-canvas-960x544-s1500	still-full-resize	quality_fail	364.071ms	ocr=0.7397
[2026-04-24T19:46:31+00:00] eval 20260424T141858Z-c0-canvas-960x544-s5000	still-full-resize	quality_fail	396.555ms	ocr=0.7281
[2026-04-24T19:46:31+00:00] eval 20260424T142739Z-c2-lite-960x544-s3000	still-full-resize	quality_fail	530.142ms	ocr=0.8326
[2026-04-24T19:46:31+00:00] eval 20260424T145821Z-c2-lite-glyph-960x544-s4000	still-full-resize	quality_fail	567.599ms	ocr=0.8288
[2026-04-24T19:46:31+00:00] eval 20260424T151017Z-c2-lite-text-1280x736-s4500	still-full-resize	pass	935.276ms	ocr=0.8545
[2026-04-24T19:46:31+00:00] eval 20260424T152249Z-c2-lite-text-frame-scale-1280x736-s4500	frame-scale-strong	quality_fail	553.306ms	ocr=0.0000
[2026-04-24T19:46:31+00:00] eval 20260424T152418Z-c2-lite-text-frame-scale-1280x736-s4500	frame-scale-moderate	quality_fail	558.141ms	ocr=0.1053
[2026-04-24T19:46:31+00:00] eval 20260424T153539Z-c2-lite-text-static-layout-frame-scale-1280x736-s4500	frame-scale-moderate	pass	541.976ms	ocr=0.7091
[2026-04-24T19:46:31+00:00] eval 20260424T153736Z-c2-lite-text-static-layout-frame-scale-1280x736-s4500	frame-scale-strong	pass	559.048ms	ocr=0.3610
[2026-04-24T19:46:31+00:00] eval 20260424T155703Z-c2-lite-text-static-layout-element-frame-scale-1280x736-s4500	frame-scale-moderate	pass	686.369ms	ocr=0.7321
[2026-04-24T19:46:31+00:00] eval 20260424T155913Z-c2-lite-text-static-layout-element-frame-scale-1280x736-s4500	frame-scale-strong	pass	947.475ms	ocr=0.4124
[2026-04-24T19:46:31+00:00] eval 20260424T165342Z-c2-lite-text-responsive-squeeze-1280x736-s4500	responsive-squeeze	pass	575.923ms	ocr=0.7265
[2026-04-24T19:46:31+00:00] eval 20260424T165342Z-c2-lite-text-static-layout-element-frame-scale-1536x864-s5500	frame-scale-strong	quality_fail	678.824ms	ocr=0.0824
[2026-04-24T19:46:31+00:00] eval 20260424T165508Z-c2-lite-text-static-layout-element-frame-scale-1280x736-s4500	frame-scale-strong	quality_fail	654.193ms	ocr=0.0982
[2026-04-24T19:46:31+00:00] eval 20260424T165529Z-c2-lite-text-static-layout-element-frame-scale-1280x736-s4500	frame-scale-strong	quality_fail	655.405ms	ocr=0.0468
[2026-04-24T19:46:31+00:00] eval 20260424T165916796904Z-c2-lite-text-static-layout-element-frame-scale-c25-alpha-r000-1280x736-s4500	frame-scale-strong	quality_fail	658.768ms	ocr=0.0759
[2026-04-24T19:46:31+00:00] eval 20260424T165916869371Z-c2-lite-text-static-layout-element-frame-scale-c25-alpha-r025-1280x736-s4500	frame-scale-strong	quality_fail	710.178ms	ocr=0.0597
[2026-04-24T19:46:31+00:00] eval 20260424T165916871669Z-c2-lite-text-static-layout-element-frame-scale-c25-alpha-moderate-r010-1280x736-s4500	frame-scale-moderate	quality_fail	655.525ms	ocr=0.1183
[2026-04-24T19:46:31+00:00] eval 20260424T170416744300Z-c2-lite-text-responsive-squeeze-c25-responsive-strong-1280x736-s4500	responsive-squeeze	pass	547.337ms	ocr=0.4178
[2026-04-24T19:46:31+00:00] eval 20260424T170416775674Z-c2-lite-text-static-layout-element-frame-scale-c25-rectangle-r010-1280x736-s4500	frame-scale-strong	pass	669.494ms	ocr=0.4195
[2026-04-24T19:46:31+00:00] eval 20260424T174025843756Z-c2-lite-text-static-layout-element-frame-scale-c26-word-rect-moderate-r010-1280x736-s4500	frame-scale-moderate	latency_fail	3290.873ms	ocr=0.5438
[2026-04-24T19:46:31+00:00] eval 20260424T174026078431Z-c2-lite-text-static-layout-element-frame-scale-c26-word-rect-r010-1280x736-s4500	frame-scale-strong	quality_fail	3698.959ms	ocr=0.1143
[2026-04-24T19:46:31+00:00] eval 20260424T174026360652Z-c2-lite-text-static-layout-element-frame-scale-c26-line-rect-r005-1280x736-s4500	frame-scale-strong	pass	655.300ms	ocr=0.5243
[2026-04-24T19:46:31+00:00] eval 20260424T174558341805Z-c2-lite-text-responsive-squeeze-c26-responsive-xstrong-1280x736-s4500	responsive-squeeze	quality_fail	555.266ms	ocr=0.2000
[2026-04-24T19:46:31+00:00] eval 20260424T181541437774Z-c2-lite-text-static-layout-element-frame-scale-c27-line-rect-r005-pad2-1280x736-s4500	frame-scale-strong	pass	603.633ms	ocr=0.3673
[2026-04-24T19:46:31+00:00] eval 20260424T181541511063Z-c2-lite-text-static-layout-element-frame-scale-c27-line-rect-r0075-1280x736-s4500	frame-scale-strong	pass	650.038ms	ocr=0.3981
[2026-04-24T19:46:31+00:00] eval 20260424T181541520698Z-c2-lite-text-static-layout-element-frame-scale-c27-line-rect-r0025-1280x736-s4500	frame-scale-strong	pass	841.603ms	ocr=0.7097
[2026-04-24T19:46:31+00:00] eval 20260424T182043179568Z-c2-lite-text-static-layout-element-frame-scale-c27-line-rect-r005-pad6-1280x736-s4500	frame-scale-strong	quality_fail	673.498ms	ocr=0.2673
[2026-04-24T19:46:31+00:00] eval 20260424T182043479928Z-c2-lite-text-responsive-squeeze-c27-responsive-018-1280x736-s4500	responsive-squeeze	pass	577.817ms	ocr=0.3277
[2026-04-24T19:46:31+00:00] eval 20260424T182113089373Z-c2-lite-text-static-layout-element-frame-scale-c28-word-batched-r010-1280x736-s4500	frame-scale-strong	quality_fail	671.715ms	ocr=0.1135
[2026-04-24T19:46:31+00:00] eval 20260424T182614717341Z-c2-lite-text-static-layout-element-frame-scale-c28-word-batched-moderate-r010-1280x736-s4500	frame-scale-moderate	pass	647.643ms	ocr=0.5505
[2026-04-24T19:46:31+00:00] eval 20260424T182614814241Z-c2-lite-text-static-layout-element-frame-scale-c28-line-batched-r005-1280x736-s4500	frame-scale-strong	pass	641.167ms	ocr=0.4928
[2026-04-24T19:46:31+00:00] eval 20260424T183608003876Z-c2-lite-text-c29-gentle-flow-010-1280x736-s4500	subtle-motion-loop	pass	548.963ms	ocr=0.8402
[2026-04-24T19:46:31+00:00] eval 20260424T183608005020Z-c2-lite-text-static-layout-element-frame-scale-c29-product-layout-r0025-1280x736-s4500	frame-scale-moderate	pass	627.449ms	ocr=0.7713
[2026-04-24T19:46:31+00:00] eval 20260424T183608071937Z-c2-lite-text-c29-gentle-flow-020-1280x736-s4500	subtle-motion-loop	quality_fail	509.898ms	ocr=0.7123
[2026-04-24T19:46:31+00:00] eval 20260424T183934464437Z-c2-lite-text-c30-gentle-flow-015-1280x736-s4500	subtle-motion-loop	quality_fail	540.984ms	ocr=0.7615
[2026-04-24T19:46:31+00:00] eval 20260424T183934521841Z-c2-lite-text-static-layout-element-frame-scale-c30-product-layout-r0025-s008-1280x736-s4500	frame-scale-moderate	pass	631.642ms	ocr=0.7580
[2026-04-24T19:46:31+00:00] eval 20260424T183934556364Z-c2-lite-text-c30-gentle-flow-0125-1280x736-s4500	subtle-motion-loop	pass	525.153ms	ocr=0.8545
[2026-04-24T19:46:31+00:00] eval 20260424T184407805047Z-c2-lite-text-static-layout-element-frame-scale-c30-line-batched-r0025-strong-1280x736-s4500	frame-scale-strong	quality_fail	627.692ms	ocr=0.4976
[2026-04-24T19:46:31+00:00] eval 20260424T190559154813Z-c2-lite-glyph-c31-general-flow-0125-edge4-1280x736-s4500	subtle-motion-loop	quality_fail	544.087ms	ocr=0.4679
[2026-04-24T19:46:31+00:00] eval 20260424T190605585385Z-c2-lite-glyph-c31-general-flow-0125-edge8-1280x736-s4500	subtle-motion-loop	quality_fail	584.051ms	ocr=0.7037
[2026-04-24T19:46:31+00:00] eval 20260424T190605918153Z-c2-lite-glyph-c31-general-flow-010-edge4-1280x736-s4500	subtle-motion-loop	pass	894.055ms	ocr=0.8288
[2026-04-24T19:46:31+00:00] eval 20260424T190606166641Z-c2-lite-glyph-c31-general-flow-0125-edge1-1280x736-s4500	subtle-motion-loop	pass	521.440ms	ocr=0.8219
[2026-04-24T19:46:31+00:00] eval 20260424T190612581831Z-c2-lite-text-c31-text-flow-0135-box8-1280x736-s4500	subtle-motion-loop	pass	546.841ms	ocr=0.8440
[2026-04-24T19:46:31+00:00] eval 20260424T190840356745Z-c2-lite-text-c31-text-flow-014-box8-1280x736-s4500	subtle-motion-loop	quality_fail	1274.142ms	ocr=0.7511
[2026-04-24T19:46:31+00:00] eval 20260424T190840784385Z-c2-lite-text-static-layout-element-frame-scale-c31-alpha-layout-r0025-s004-1280x736-s4500	frame-scale-moderate	quality_fail	864.225ms	ocr=0.1860
[2026-04-24T19:46:31+00:00] eval 20260424T190840808715Z-c2-lite-text-c31-text-flow-0125-box12-1280x736-s4500	subtle-motion-loop	pass	562.301ms	ocr=0.8273
[2026-04-24T19:46:31+00:00] eval 20260424T191249508614Z-c2-lite-glyph-c32-general-flow-0125-edge05-1280x736-s4500	subtle-motion-loop	pass	575.076ms	ocr=0.8440
[2026-04-24T19:46:31+00:00] eval 20260424T191249618903Z-c2-lite-glyph-c32-general-flow-0135-edge1-1280x736-s4500	subtle-motion-loop	pass	560.209ms	ocr=0.8519
[2026-04-24T19:46:31+00:00] eval 20260424T191249849883Z-c2-lite-text-c32-text-flow-0145-box8-1280x736-s4500	subtle-motion-loop	quality_fail	557.677ms	ocr=0.7421
[2026-04-24T19:46:31+00:00] eval 20260424T191249851107Z-c2-lite-text-c32-text-flow-0135-box12-1280x736-s4500	subtle-motion-loop	pass	573.293ms	ocr=0.8402
[2026-04-24T19:46:31+00:00] eval 20260424T193446279047Z-c2-lite-glyph-c33-general-flow-014-edge1-1280x736-s4500	subtle-motion-loop	pass	565.333ms	ocr=0.8767
[2026-04-24T19:46:31+00:00] eval 20260424T193447074018Z-c2-lite-glyph-c33-general-flow-0135-edge1-s6000-1280x736-s6000	subtle-motion-loop	quality_fail	563.359ms	ocr=0.8273
[2026-04-24T19:46:31+00:00] eval 20260424T193447084082Z-c2-lite-glyph-c33-general-flow-014-edge05-1280x736-s4500	subtle-motion-loop	pass	559.672ms	ocr=0.8430
[2026-04-24T19:46:31+00:00] eval 20260424T193447159248Z-c2-lite-glyph-c33-general-flow-0135-edge075-1280x736-s4500	subtle-motion-loop	pass	580.600ms	ocr=0.8364
[2026-04-24T19:46:31+00:00] eval 20260424T193447170403Z-c2-lite-glyph-c33-general-flow-0135-edge1-cap24h128-1280x736-s4500	subtle-motion-loop	pass	622.664ms	ocr=0.8479
[2026-04-24T19:46:31+00:00] eval 20260424T193447214046Z-c2-lite-glyph-c33-general-flow-01425-edge1-1280x736-s4500	subtle-motion-loop	quality_fail	570.949ms	ocr=0.7798
[2026-04-24T19:46:31+00:00] eval 20260424T193447214343Z-c2-lite-glyph-c33-general-flow-0135-edge15-1280x736-s4500	subtle-motion-loop	quality_fail	567.832ms	ocr=0.7982
[2026-04-24T19:46:31+00:00] eval 20260424T193447278250Z-c2-lite-glyph-responsive-squeeze-c33-general-responsive-012-edge1-1280x736-s4500	responsive-squeeze	pass	570.907ms	ocr=0.8676
[2026-04-24T19:46:31+00:00] eval 20260424T193448553225Z-c2-lite-text-c33-text-flow-0135-box6-1280x736-s4500	subtle-motion-loop	pass	545.589ms	ocr=0.8479
[2026-04-24T19:46:31+00:00] eval 20260424T193448589362Z-c2-lite-text-c33-text-flow-01375-box8-1280x736-s4500	subtle-motion-loop	quality_fail	586.697ms	ocr=0.7945
[2026-04-24T19:46:31+00:00] eval WROTE docs/experiments/track-c/eval-results.tsv
[2026-04-24T19:51:37+00:00] autoresearch loop started
[2026-04-24T19:51:37+00:00] launched c36-frame-scale-014-edge075: C36 resize cliff: frame-scale 0.14 with lighter edge weighting, no OCR boxes.
[2026-04-24T19:51:37+00:00] launched c36-frame-scale-014-edge09: C36 resize cliff: frame-scale 0.14 at the better C35 edge09 setting.
[2026-04-24T19:51:37+00:00] launched c36-frame-scale-014-edge1: C36 resize cliff: frame-scale 0.14 at edge1 to locate the degradation slope.
[2026-04-24T19:51:37+00:00] launched c36-frame-scale-016-edge075: C36 strong resize: test whether lighter edge weighting rescues the C35 0.16 near-miss.
[2026-04-24T19:51:37+00:00] launched c36-frame-scale-016-edge09: C36 strong resize: edge09 version of the 0.16 resize stress.
[2026-04-24T19:51:37+00:00] launched c36-frame-scale-016-edge09-s6000: C36 strong resize: more optimization steps at the best likely 0.16 edge bracket.
[2026-04-24T19:51:37+00:00] launched c36-frame-scale-018-edge075: C36 over-stress: frame-scale 0.18 with lighter edge weighting to find the hard failure point.
[2026-04-24T19:51:37+00:00] launched c36-frame-scale-018-edge05: C36 over-stress: frame-scale 0.18 with very light edge weighting.
[2026-04-24T19:51:37+00:00] launched c36-learned-frame-scale-006-flow04: C36 learned resize: train the neural renderer itself on mild frame-scale motion, no layout transform.
[2026-04-24T19:51:37+00:00] launched c36-learned-frame-scale-008-flow05: C36 learned resize: stronger learned frame-scale motion with higher flow budget.
[2026-04-24T19:51:41+00:00] eval 20260424T141533Z-c0-canvas-960x544-s1500	still-full-resize	quality_fail	364.071ms	ocr=0.7397
[2026-04-24T19:51:41+00:00] eval 20260424T141858Z-c0-canvas-960x544-s5000	still-full-resize	quality_fail	396.555ms	ocr=0.7281
[2026-04-24T19:51:41+00:00] eval 20260424T142739Z-c2-lite-960x544-s3000	still-full-resize	quality_fail	530.142ms	ocr=0.8326
[2026-04-24T19:51:41+00:00] eval 20260424T145821Z-c2-lite-glyph-960x544-s4000	still-full-resize	quality_fail	567.599ms	ocr=0.8288
[2026-04-24T19:51:41+00:00] eval 20260424T151017Z-c2-lite-text-1280x736-s4500	still-full-resize	pass	935.276ms	ocr=0.8545
[2026-04-24T19:51:41+00:00] eval 20260424T152249Z-c2-lite-text-frame-scale-1280x736-s4500	frame-scale-strong	quality_fail	553.306ms	ocr=0.0000
[2026-04-24T19:51:41+00:00] eval 20260424T152418Z-c2-lite-text-frame-scale-1280x736-s4500	frame-scale-moderate	quality_fail	558.141ms	ocr=0.1053
[2026-04-24T19:51:41+00:00] eval 20260424T153539Z-c2-lite-text-static-layout-frame-scale-1280x736-s4500	frame-scale-moderate	pass	541.976ms	ocr=0.7091
[2026-04-24T19:51:41+00:00] eval 20260424T153736Z-c2-lite-text-static-layout-frame-scale-1280x736-s4500	frame-scale-strong	pass	559.048ms	ocr=0.3610
[2026-04-24T19:51:41+00:00] eval 20260424T155703Z-c2-lite-text-static-layout-element-frame-scale-1280x736-s4500	frame-scale-moderate	pass	686.369ms	ocr=0.7321
[2026-04-24T19:51:41+00:00] eval 20260424T155913Z-c2-lite-text-static-layout-element-frame-scale-1280x736-s4500	frame-scale-strong	pass	947.475ms	ocr=0.4124
[2026-04-24T19:51:41+00:00] eval 20260424T165342Z-c2-lite-text-responsive-squeeze-1280x736-s4500	responsive-squeeze	pass	575.923ms	ocr=0.7265
[2026-04-24T19:51:41+00:00] eval 20260424T165342Z-c2-lite-text-static-layout-element-frame-scale-1536x864-s5500	frame-scale-strong	quality_fail	678.824ms	ocr=0.0824
[2026-04-24T19:51:41+00:00] eval 20260424T165508Z-c2-lite-text-static-layout-element-frame-scale-1280x736-s4500	frame-scale-strong	quality_fail	654.193ms	ocr=0.0982
[2026-04-24T19:51:41+00:00] eval 20260424T165529Z-c2-lite-text-static-layout-element-frame-scale-1280x736-s4500	frame-scale-strong	quality_fail	655.405ms	ocr=0.0468
[2026-04-24T19:51:41+00:00] eval 20260424T165916796904Z-c2-lite-text-static-layout-element-frame-scale-c25-alpha-r000-1280x736-s4500	frame-scale-strong	quality_fail	658.768ms	ocr=0.0759
[2026-04-24T19:51:41+00:00] eval 20260424T165916869371Z-c2-lite-text-static-layout-element-frame-scale-c25-alpha-r025-1280x736-s4500	frame-scale-strong	quality_fail	710.178ms	ocr=0.0597
[2026-04-24T19:51:41+00:00] eval 20260424T165916871669Z-c2-lite-text-static-layout-element-frame-scale-c25-alpha-moderate-r010-1280x736-s4500	frame-scale-moderate	quality_fail	655.525ms	ocr=0.1183
[2026-04-24T19:51:41+00:00] eval 20260424T170416744300Z-c2-lite-text-responsive-squeeze-c25-responsive-strong-1280x736-s4500	responsive-squeeze	pass	547.337ms	ocr=0.4178
[2026-04-24T19:51:41+00:00] eval 20260424T170416775674Z-c2-lite-text-static-layout-element-frame-scale-c25-rectangle-r010-1280x736-s4500	frame-scale-strong	pass	669.494ms	ocr=0.4195
[2026-04-24T19:51:41+00:00] eval 20260424T174025843756Z-c2-lite-text-static-layout-element-frame-scale-c26-word-rect-moderate-r010-1280x736-s4500	frame-scale-moderate	latency_fail	3290.873ms	ocr=0.5438
[2026-04-24T19:51:41+00:00] eval 20260424T174026078431Z-c2-lite-text-static-layout-element-frame-scale-c26-word-rect-r010-1280x736-s4500	frame-scale-strong	quality_fail	3698.959ms	ocr=0.1143
[2026-04-24T19:51:41+00:00] eval 20260424T174026360652Z-c2-lite-text-static-layout-element-frame-scale-c26-line-rect-r005-1280x736-s4500	frame-scale-strong	pass	655.300ms	ocr=0.5243
[2026-04-24T19:51:41+00:00] eval 20260424T174558341805Z-c2-lite-text-responsive-squeeze-c26-responsive-xstrong-1280x736-s4500	responsive-squeeze	quality_fail	555.266ms	ocr=0.2000
[2026-04-24T19:51:41+00:00] eval 20260424T181541437774Z-c2-lite-text-static-layout-element-frame-scale-c27-line-rect-r005-pad2-1280x736-s4500	frame-scale-strong	pass	603.633ms	ocr=0.3673
[2026-04-24T19:51:41+00:00] eval 20260424T181541511063Z-c2-lite-text-static-layout-element-frame-scale-c27-line-rect-r0075-1280x736-s4500	frame-scale-strong	pass	650.038ms	ocr=0.3981
[2026-04-24T19:51:41+00:00] eval 20260424T181541520698Z-c2-lite-text-static-layout-element-frame-scale-c27-line-rect-r0025-1280x736-s4500	frame-scale-strong	pass	841.603ms	ocr=0.7097
[2026-04-24T19:51:41+00:00] eval 20260424T182043179568Z-c2-lite-text-static-layout-element-frame-scale-c27-line-rect-r005-pad6-1280x736-s4500	frame-scale-strong	quality_fail	673.498ms	ocr=0.2673
[2026-04-24T19:51:41+00:00] eval 20260424T182043479928Z-c2-lite-text-responsive-squeeze-c27-responsive-018-1280x736-s4500	responsive-squeeze	pass	577.817ms	ocr=0.3277
[2026-04-24T19:51:41+00:00] eval 20260424T182113089373Z-c2-lite-text-static-layout-element-frame-scale-c28-word-batched-r010-1280x736-s4500	frame-scale-strong	quality_fail	671.715ms	ocr=0.1135
[2026-04-24T19:51:41+00:00] eval 20260424T182614717341Z-c2-lite-text-static-layout-element-frame-scale-c28-word-batched-moderate-r010-1280x736-s4500	frame-scale-moderate	pass	647.643ms	ocr=0.5505
[2026-04-24T19:51:41+00:00] eval 20260424T182614814241Z-c2-lite-text-static-layout-element-frame-scale-c28-line-batched-r005-1280x736-s4500	frame-scale-strong	pass	641.167ms	ocr=0.4928
[2026-04-24T19:51:41+00:00] eval 20260424T183608003876Z-c2-lite-text-c29-gentle-flow-010-1280x736-s4500	subtle-motion-loop	pass	548.963ms	ocr=0.8402
[2026-04-24T19:51:41+00:00] eval 20260424T183608005020Z-c2-lite-text-static-layout-element-frame-scale-c29-product-layout-r0025-1280x736-s4500	frame-scale-moderate	pass	627.449ms	ocr=0.7713
[2026-04-24T19:51:41+00:00] eval 20260424T183608071937Z-c2-lite-text-c29-gentle-flow-020-1280x736-s4500	subtle-motion-loop	quality_fail	509.898ms	ocr=0.7123
[2026-04-24T19:51:41+00:00] eval 20260424T183934464437Z-c2-lite-text-c30-gentle-flow-015-1280x736-s4500	subtle-motion-loop	quality_fail	540.984ms	ocr=0.7615
[2026-04-24T19:51:41+00:00] eval 20260424T183934521841Z-c2-lite-text-static-layout-element-frame-scale-c30-product-layout-r0025-s008-1280x736-s4500	frame-scale-moderate	pass	631.642ms	ocr=0.7580
[2026-04-24T19:51:41+00:00] eval 20260424T183934556364Z-c2-lite-text-c30-gentle-flow-0125-1280x736-s4500	subtle-motion-loop	pass	525.153ms	ocr=0.8545
[2026-04-24T19:51:41+00:00] eval 20260424T184407805047Z-c2-lite-text-static-layout-element-frame-scale-c30-line-batched-r0025-strong-1280x736-s4500	frame-scale-strong	quality_fail	627.692ms	ocr=0.4976
[2026-04-24T19:51:41+00:00] eval 20260424T190559154813Z-c2-lite-glyph-c31-general-flow-0125-edge4-1280x736-s4500	subtle-motion-loop	quality_fail	544.087ms	ocr=0.4679
[2026-04-24T19:51:41+00:00] eval 20260424T190605585385Z-c2-lite-glyph-c31-general-flow-0125-edge8-1280x736-s4500	subtle-motion-loop	quality_fail	584.051ms	ocr=0.7037
[2026-04-24T19:51:41+00:00] eval 20260424T190605918153Z-c2-lite-glyph-c31-general-flow-010-edge4-1280x736-s4500	subtle-motion-loop	pass	894.055ms	ocr=0.8288
[2026-04-24T19:51:41+00:00] eval 20260424T190606166641Z-c2-lite-glyph-c31-general-flow-0125-edge1-1280x736-s4500	subtle-motion-loop	pass	521.440ms	ocr=0.8219
[2026-04-24T19:51:41+00:00] eval 20260424T190612581831Z-c2-lite-text-c31-text-flow-0135-box8-1280x736-s4500	subtle-motion-loop	pass	546.841ms	ocr=0.8440
[2026-04-24T19:51:41+00:00] eval 20260424T190840356745Z-c2-lite-text-c31-text-flow-014-box8-1280x736-s4500	subtle-motion-loop	quality_fail	1274.142ms	ocr=0.7511
[2026-04-24T19:51:41+00:00] eval 20260424T190840784385Z-c2-lite-text-static-layout-element-frame-scale-c31-alpha-layout-r0025-s004-1280x736-s4500	frame-scale-moderate	quality_fail	864.225ms	ocr=0.1860
[2026-04-24T19:51:41+00:00] eval 20260424T190840808715Z-c2-lite-text-c31-text-flow-0125-box12-1280x736-s4500	subtle-motion-loop	pass	562.301ms	ocr=0.8273
[2026-04-24T19:51:41+00:00] eval 20260424T191249508614Z-c2-lite-glyph-c32-general-flow-0125-edge05-1280x736-s4500	subtle-motion-loop	pass	575.076ms	ocr=0.8440
[2026-04-24T19:51:41+00:00] eval 20260424T191249618903Z-c2-lite-glyph-c32-general-flow-0135-edge1-1280x736-s4500	subtle-motion-loop	pass	560.209ms	ocr=0.8519
[2026-04-24T19:51:41+00:00] eval 20260424T191249849883Z-c2-lite-text-c32-text-flow-0145-box8-1280x736-s4500	subtle-motion-loop	quality_fail	557.677ms	ocr=0.7421
[2026-04-24T19:51:41+00:00] eval 20260424T191249851107Z-c2-lite-text-c32-text-flow-0135-box12-1280x736-s4500	subtle-motion-loop	pass	573.293ms	ocr=0.8402
[2026-04-24T19:51:41+00:00] eval 20260424T193446279047Z-c2-lite-glyph-c33-general-flow-014-edge1-1280x736-s4500	subtle-motion-loop	pass	565.333ms	ocr=0.8767
[2026-04-24T19:51:41+00:00] eval 20260424T193447074018Z-c2-lite-glyph-c33-general-flow-0135-edge1-s6000-1280x736-s6000	subtle-motion-loop	quality_fail	563.359ms	ocr=0.8273
[2026-04-24T19:51:41+00:00] eval 20260424T193447084082Z-c2-lite-glyph-c33-general-flow-014-edge05-1280x736-s4500	subtle-motion-loop	pass	559.672ms	ocr=0.8430
[2026-04-24T19:51:41+00:00] eval 20260424T193447159248Z-c2-lite-glyph-c33-general-flow-0135-edge075-1280x736-s4500	subtle-motion-loop	pass	580.600ms	ocr=0.8364
[2026-04-24T19:51:41+00:00] eval 20260424T193447170403Z-c2-lite-glyph-c33-general-flow-0135-edge1-cap24h128-1280x736-s4500	subtle-motion-loop	pass	622.664ms	ocr=0.8479
[2026-04-24T19:51:41+00:00] eval 20260424T193447214046Z-c2-lite-glyph-c33-general-flow-01425-edge1-1280x736-s4500	subtle-motion-loop	quality_fail	570.949ms	ocr=0.7798
[2026-04-24T19:51:41+00:00] eval 20260424T193447214343Z-c2-lite-glyph-c33-general-flow-0135-edge15-1280x736-s4500	subtle-motion-loop	quality_fail	567.832ms	ocr=0.7982
[2026-04-24T19:51:41+00:00] eval 20260424T193447278250Z-c2-lite-glyph-responsive-squeeze-c33-general-responsive-012-edge1-1280x736-s4500	responsive-squeeze	pass	570.907ms	ocr=0.8676
[2026-04-24T19:51:41+00:00] eval 20260424T193448553225Z-c2-lite-text-c33-text-flow-0135-box6-1280x736-s4500	subtle-motion-loop	pass	545.589ms	ocr=0.8479
[2026-04-24T19:51:41+00:00] eval 20260424T193448589362Z-c2-lite-text-c33-text-flow-01375-box8-1280x736-s4500	subtle-motion-loop	quality_fail	586.697ms	ocr=0.7945
[2026-04-24T19:51:41+00:00] eval 20260424T194622252635Z-c2-lite-glyph-c35-control-wiggle-014-edge1-1280x736-s4500	subtle-motion-loop	quality_fail	571.064ms	ocr=0.7854
[2026-04-24T19:51:41+00:00] eval 20260424T194622374702Z-c2-lite-glyph-static-layout-frame-scale-c35-frame-scale-016-edge1-1280x736-s4500	frame-scale-strong	quality_fail	548.567ms	ocr=0.4039
[2026-04-24T19:51:41+00:00] eval 20260424T194622525914Z-c2-lite-glyph-jiggle-c35-viewport-014-edge1-z006-1280x736-s4500	viewport-zoom-pulse	pass	550.121ms	ocr=0.8727
[2026-04-24T19:51:41+00:00] eval 20260424T194622643257Z-c2-lite-glyph-static-layout-frame-scale-c35-frame-scale-008-edge1-1280x736-s4500	frame-scale-moderate	pass	555.382ms	ocr=0.7558
[2026-04-24T19:51:41+00:00] eval 20260424T194622697590Z-c2-lite-glyph-responsive-squeeze-c35-responsive-014-edge1-z006-1280x736-s4500	responsive-squeeze	pass	572.338ms	ocr=0.8597
[2026-04-24T19:51:41+00:00] eval 20260424T194622953055Z-c2-lite-glyph-static-layout-frame-scale-c35-frame-scale-012-edge09-1280x736-s4500	frame-scale-moderate	pass	558.614ms	ocr=0.6636
[2026-04-24T19:51:41+00:00] eval 20260424T194622999636Z-c2-lite-glyph-jiggle-c35-viewport-014-edge1-z014-1280x736-s4500	viewport-zoom-pulse	pass	521.386ms	ocr=0.8664
[2026-04-24T19:51:41+00:00] eval 20260424T194623185615Z-c2-lite-glyph-responsive-squeeze-c35-responsive-016-edge1-z008-1280x736-s4500	responsive-squeeze	pass	562.553ms	ocr=0.8636
[2026-04-24T19:51:41+00:00] eval 20260424T194623277460Z-c2-lite-glyph-jiggle-c35-viewport-014-edge1-z010-1280x736-s4500	viewport-zoom-pulse	pass	561.603ms	ocr=0.8624
[2026-04-24T19:51:41+00:00] eval 20260424T194623361463Z-c2-lite-glyph-static-layout-frame-scale-c35-frame-scale-012-edge1-1280x736-s4500	frame-scale-moderate	pass	596.264ms	ocr=0.5806
[2026-04-24T19:51:41+00:00] eval WROTE docs/experiments/track-c/eval-results.tsv
[2026-04-24T19:58:55+00:00] autoresearch loop started
[2026-04-24T19:58:55+00:00] launched c37-frame-scale-012-edge09-s6000: C37 resize refinement: repeat the best C35 0.12/edge09 bracket with more optimization steps.
[2026-04-24T19:58:55+00:00] launched c37-frame-scale-0125-edge09: C37 resize refinement: locate the cliff just above the C35 0.12 pass.
[2026-04-24T19:58:55+00:00] launched c37-frame-scale-013-edge09: C37 resize refinement: mid-point between C35 0.12 and C36 0.14.
[2026-04-24T19:58:55+00:00] launched c37-frame-scale-0135-edge09: C37 resize refinement: upper mid-point before the C36 0.14 quality drop.
[2026-04-24T19:58:55+00:00] launched c37-frame-scale-014-edge09-s6000: C37 resize refinement: test whether more steps rescue the C36 0.14/edge09 setting.
[2026-04-24T19:58:55+00:00] launched c37-frame-scale-014-edge075-s6000: C37 resize refinement: more steps on the lighter-edge 0.14 bracket.
[2026-04-24T19:58:55+00:00] launched c37-frame-scale-016-edge075-s6000: C37 resize refinement: check whether the 0.16 strong-resize pass improves with more steps.
[2026-04-24T19:58:55+00:00] launched c37-frame-scale-014-edge09-pan000: C37 resize isolation: remove pan at 0.14/edge09 to separate scaling from repositioning.
[2026-04-24T19:58:55+00:00] launched c37-frame-scale-014-edge09-pan018: C37 resize isolation: reduced pan at 0.14/edge09 to quantify scale-plus-reposition cost.
[2026-04-24T19:58:55+00:00] launched c37-frame-scale-014-edge075-pan000: C37 resize isolation: no-pan version of the lighter-edge 0.14 bracket.
[2026-04-24T19:58:59+00:00] eval 20260424T141533Z-c0-canvas-960x544-s1500	still-full-resize	quality_fail	364.071ms	ocr=0.7397
[2026-04-24T19:58:59+00:00] eval 20260424T141858Z-c0-canvas-960x544-s5000	still-full-resize	quality_fail	396.555ms	ocr=0.7281
[2026-04-24T19:58:59+00:00] eval 20260424T142739Z-c2-lite-960x544-s3000	still-full-resize	quality_fail	530.142ms	ocr=0.8326
[2026-04-24T19:58:59+00:00] eval 20260424T145821Z-c2-lite-glyph-960x544-s4000	still-full-resize	quality_fail	567.599ms	ocr=0.8288
[2026-04-24T19:58:59+00:00] eval 20260424T151017Z-c2-lite-text-1280x736-s4500	still-full-resize	pass	935.276ms	ocr=0.8545
[2026-04-24T19:58:59+00:00] eval 20260424T152249Z-c2-lite-text-frame-scale-1280x736-s4500	frame-scale-strong	quality_fail	553.306ms	ocr=0.0000
[2026-04-24T19:58:59+00:00] eval 20260424T152418Z-c2-lite-text-frame-scale-1280x736-s4500	frame-scale-moderate	quality_fail	558.141ms	ocr=0.1053
[2026-04-24T19:58:59+00:00] eval 20260424T153539Z-c2-lite-text-static-layout-frame-scale-1280x736-s4500	frame-scale-moderate	pass	541.976ms	ocr=0.7091
[2026-04-24T19:58:59+00:00] eval 20260424T153736Z-c2-lite-text-static-layout-frame-scale-1280x736-s4500	frame-scale-strong	pass	559.048ms	ocr=0.3610
[2026-04-24T19:58:59+00:00] eval 20260424T155703Z-c2-lite-text-static-layout-element-frame-scale-1280x736-s4500	frame-scale-moderate	pass	686.369ms	ocr=0.7321
[2026-04-24T19:58:59+00:00] eval 20260424T155913Z-c2-lite-text-static-layout-element-frame-scale-1280x736-s4500	frame-scale-strong	pass	947.475ms	ocr=0.4124
[2026-04-24T19:58:59+00:00] eval 20260424T165342Z-c2-lite-text-responsive-squeeze-1280x736-s4500	responsive-squeeze	pass	575.923ms	ocr=0.7265
[2026-04-24T19:58:59+00:00] eval 20260424T165342Z-c2-lite-text-static-layout-element-frame-scale-1536x864-s5500	frame-scale-strong	quality_fail	678.824ms	ocr=0.0824
[2026-04-24T19:58:59+00:00] eval 20260424T165508Z-c2-lite-text-static-layout-element-frame-scale-1280x736-s4500	frame-scale-strong	quality_fail	654.193ms	ocr=0.0982
[2026-04-24T19:58:59+00:00] eval 20260424T165529Z-c2-lite-text-static-layout-element-frame-scale-1280x736-s4500	frame-scale-strong	quality_fail	655.405ms	ocr=0.0468
[2026-04-24T19:58:59+00:00] eval 20260424T165916796904Z-c2-lite-text-static-layout-element-frame-scale-c25-alpha-r000-1280x736-s4500	frame-scale-strong	quality_fail	658.768ms	ocr=0.0759
[2026-04-24T19:58:59+00:00] eval 20260424T165916869371Z-c2-lite-text-static-layout-element-frame-scale-c25-alpha-r025-1280x736-s4500	frame-scale-strong	quality_fail	710.178ms	ocr=0.0597
[2026-04-24T19:58:59+00:00] eval 20260424T165916871669Z-c2-lite-text-static-layout-element-frame-scale-c25-alpha-moderate-r010-1280x736-s4500	frame-scale-moderate	quality_fail	655.525ms	ocr=0.1183
[2026-04-24T19:58:59+00:00] eval 20260424T170416744300Z-c2-lite-text-responsive-squeeze-c25-responsive-strong-1280x736-s4500	responsive-squeeze	pass	547.337ms	ocr=0.4178
[2026-04-24T19:58:59+00:00] eval 20260424T170416775674Z-c2-lite-text-static-layout-element-frame-scale-c25-rectangle-r010-1280x736-s4500	frame-scale-strong	pass	669.494ms	ocr=0.4195
[2026-04-24T19:58:59+00:00] eval 20260424T174025843756Z-c2-lite-text-static-layout-element-frame-scale-c26-word-rect-moderate-r010-1280x736-s4500	frame-scale-moderate	latency_fail	3290.873ms	ocr=0.5438
[2026-04-24T19:58:59+00:00] eval 20260424T174026078431Z-c2-lite-text-static-layout-element-frame-scale-c26-word-rect-r010-1280x736-s4500	frame-scale-strong	quality_fail	3698.959ms	ocr=0.1143
[2026-04-24T19:58:59+00:00] eval 20260424T174026360652Z-c2-lite-text-static-layout-element-frame-scale-c26-line-rect-r005-1280x736-s4500	frame-scale-strong	pass	655.300ms	ocr=0.5243
[2026-04-24T19:58:59+00:00] eval 20260424T174558341805Z-c2-lite-text-responsive-squeeze-c26-responsive-xstrong-1280x736-s4500	responsive-squeeze	quality_fail	555.266ms	ocr=0.2000
[2026-04-24T19:58:59+00:00] eval 20260424T181541437774Z-c2-lite-text-static-layout-element-frame-scale-c27-line-rect-r005-pad2-1280x736-s4500	frame-scale-strong	pass	603.633ms	ocr=0.3673
[2026-04-24T19:58:59+00:00] eval 20260424T181541511063Z-c2-lite-text-static-layout-element-frame-scale-c27-line-rect-r0075-1280x736-s4500	frame-scale-strong	pass	650.038ms	ocr=0.3981
[2026-04-24T19:58:59+00:00] eval 20260424T181541520698Z-c2-lite-text-static-layout-element-frame-scale-c27-line-rect-r0025-1280x736-s4500	frame-scale-strong	pass	841.603ms	ocr=0.7097
[2026-04-24T19:58:59+00:00] eval 20260424T182043179568Z-c2-lite-text-static-layout-element-frame-scale-c27-line-rect-r005-pad6-1280x736-s4500	frame-scale-strong	quality_fail	673.498ms	ocr=0.2673
[2026-04-24T19:58:59+00:00] eval 20260424T182043479928Z-c2-lite-text-responsive-squeeze-c27-responsive-018-1280x736-s4500	responsive-squeeze	pass	577.817ms	ocr=0.3277
[2026-04-24T19:58:59+00:00] eval 20260424T182113089373Z-c2-lite-text-static-layout-element-frame-scale-c28-word-batched-r010-1280x736-s4500	frame-scale-strong	quality_fail	671.715ms	ocr=0.1135
[2026-04-24T19:58:59+00:00] eval 20260424T182614717341Z-c2-lite-text-static-layout-element-frame-scale-c28-word-batched-moderate-r010-1280x736-s4500	frame-scale-moderate	pass	647.643ms	ocr=0.5505
[2026-04-24T19:58:59+00:00] eval 20260424T182614814241Z-c2-lite-text-static-layout-element-frame-scale-c28-line-batched-r005-1280x736-s4500	frame-scale-strong	pass	641.167ms	ocr=0.4928
[2026-04-24T19:58:59+00:00] eval 20260424T183608003876Z-c2-lite-text-c29-gentle-flow-010-1280x736-s4500	subtle-motion-loop	pass	548.963ms	ocr=0.8402
[2026-04-24T19:58:59+00:00] eval 20260424T183608005020Z-c2-lite-text-static-layout-element-frame-scale-c29-product-layout-r0025-1280x736-s4500	frame-scale-moderate	pass	627.449ms	ocr=0.7713
[2026-04-24T19:58:59+00:00] eval 20260424T183608071937Z-c2-lite-text-c29-gentle-flow-020-1280x736-s4500	subtle-motion-loop	quality_fail	509.898ms	ocr=0.7123
[2026-04-24T19:58:59+00:00] eval 20260424T183934464437Z-c2-lite-text-c30-gentle-flow-015-1280x736-s4500	subtle-motion-loop	quality_fail	540.984ms	ocr=0.7615
[2026-04-24T19:58:59+00:00] eval 20260424T183934521841Z-c2-lite-text-static-layout-element-frame-scale-c30-product-layout-r0025-s008-1280x736-s4500	frame-scale-moderate	pass	631.642ms	ocr=0.7580
[2026-04-24T19:58:59+00:00] eval 20260424T183934556364Z-c2-lite-text-c30-gentle-flow-0125-1280x736-s4500	subtle-motion-loop	pass	525.153ms	ocr=0.8545
[2026-04-24T19:58:59+00:00] eval 20260424T184407805047Z-c2-lite-text-static-layout-element-frame-scale-c30-line-batched-r0025-strong-1280x736-s4500	frame-scale-strong	quality_fail	627.692ms	ocr=0.4976
[2026-04-24T19:58:59+00:00] eval 20260424T190559154813Z-c2-lite-glyph-c31-general-flow-0125-edge4-1280x736-s4500	subtle-motion-loop	quality_fail	544.087ms	ocr=0.4679
[2026-04-24T19:58:59+00:00] eval 20260424T190605585385Z-c2-lite-glyph-c31-general-flow-0125-edge8-1280x736-s4500	subtle-motion-loop	quality_fail	584.051ms	ocr=0.7037
[2026-04-24T19:58:59+00:00] eval 20260424T190605918153Z-c2-lite-glyph-c31-general-flow-010-edge4-1280x736-s4500	subtle-motion-loop	pass	894.055ms	ocr=0.8288
[2026-04-24T19:58:59+00:00] eval 20260424T190606166641Z-c2-lite-glyph-c31-general-flow-0125-edge1-1280x736-s4500	subtle-motion-loop	pass	521.440ms	ocr=0.8219
[2026-04-24T19:58:59+00:00] eval 20260424T190612581831Z-c2-lite-text-c31-text-flow-0135-box8-1280x736-s4500	subtle-motion-loop	pass	546.841ms	ocr=0.8440
[2026-04-24T19:58:59+00:00] eval 20260424T190840356745Z-c2-lite-text-c31-text-flow-014-box8-1280x736-s4500	subtle-motion-loop	quality_fail	1274.142ms	ocr=0.7511
[2026-04-24T19:58:59+00:00] eval 20260424T190840784385Z-c2-lite-text-static-layout-element-frame-scale-c31-alpha-layout-r0025-s004-1280x736-s4500	frame-scale-moderate	quality_fail	864.225ms	ocr=0.1860
[2026-04-24T19:58:59+00:00] eval 20260424T190840808715Z-c2-lite-text-c31-text-flow-0125-box12-1280x736-s4500	subtle-motion-loop	pass	562.301ms	ocr=0.8273
[2026-04-24T19:58:59+00:00] eval 20260424T191249508614Z-c2-lite-glyph-c32-general-flow-0125-edge05-1280x736-s4500	subtle-motion-loop	pass	575.076ms	ocr=0.8440
[2026-04-24T19:58:59+00:00] eval 20260424T191249618903Z-c2-lite-glyph-c32-general-flow-0135-edge1-1280x736-s4500	subtle-motion-loop	pass	560.209ms	ocr=0.8519
[2026-04-24T19:58:59+00:00] eval 20260424T191249849883Z-c2-lite-text-c32-text-flow-0145-box8-1280x736-s4500	subtle-motion-loop	quality_fail	557.677ms	ocr=0.7421
[2026-04-24T19:58:59+00:00] eval 20260424T191249851107Z-c2-lite-text-c32-text-flow-0135-box12-1280x736-s4500	subtle-motion-loop	pass	573.293ms	ocr=0.8402
[2026-04-24T19:58:59+00:00] eval 20260424T193446279047Z-c2-lite-glyph-c33-general-flow-014-edge1-1280x736-s4500	subtle-motion-loop	pass	565.333ms	ocr=0.8767
[2026-04-24T19:58:59+00:00] eval 20260424T193447074018Z-c2-lite-glyph-c33-general-flow-0135-edge1-s6000-1280x736-s6000	subtle-motion-loop	quality_fail	563.359ms	ocr=0.8273
[2026-04-24T19:58:59+00:00] eval 20260424T193447084082Z-c2-lite-glyph-c33-general-flow-014-edge05-1280x736-s4500	subtle-motion-loop	pass	559.672ms	ocr=0.8430
[2026-04-24T19:58:59+00:00] eval 20260424T193447159248Z-c2-lite-glyph-c33-general-flow-0135-edge075-1280x736-s4500	subtle-motion-loop	pass	580.600ms	ocr=0.8364
[2026-04-24T19:58:59+00:00] eval 20260424T193447170403Z-c2-lite-glyph-c33-general-flow-0135-edge1-cap24h128-1280x736-s4500	subtle-motion-loop	pass	622.664ms	ocr=0.8479
[2026-04-24T19:58:59+00:00] eval 20260424T193447214046Z-c2-lite-glyph-c33-general-flow-01425-edge1-1280x736-s4500	subtle-motion-loop	quality_fail	570.949ms	ocr=0.7798
[2026-04-24T19:58:59+00:00] eval 20260424T193447214343Z-c2-lite-glyph-c33-general-flow-0135-edge15-1280x736-s4500	subtle-motion-loop	quality_fail	567.832ms	ocr=0.7982
[2026-04-24T19:58:59+00:00] eval 20260424T193447278250Z-c2-lite-glyph-responsive-squeeze-c33-general-responsive-012-edge1-1280x736-s4500	responsive-squeeze	pass	570.907ms	ocr=0.8676
[2026-04-24T19:58:59+00:00] eval 20260424T193448553225Z-c2-lite-text-c33-text-flow-0135-box6-1280x736-s4500	subtle-motion-loop	pass	545.589ms	ocr=0.8479
[2026-04-24T19:58:59+00:00] eval 20260424T193448589362Z-c2-lite-text-c33-text-flow-01375-box8-1280x736-s4500	subtle-motion-loop	quality_fail	586.697ms	ocr=0.7945
[2026-04-24T19:58:59+00:00] eval 20260424T194622252635Z-c2-lite-glyph-c35-control-wiggle-014-edge1-1280x736-s4500	subtle-motion-loop	quality_fail	571.064ms	ocr=0.7854
[2026-04-24T19:58:59+00:00] eval 20260424T194622374702Z-c2-lite-glyph-static-layout-frame-scale-c35-frame-scale-016-edge1-1280x736-s4500	frame-scale-strong	quality_fail	548.567ms	ocr=0.4039
[2026-04-24T19:58:59+00:00] eval 20260424T194622525914Z-c2-lite-glyph-jiggle-c35-viewport-014-edge1-z006-1280x736-s4500	viewport-zoom-pulse	pass	550.121ms	ocr=0.8727
[2026-04-24T19:58:59+00:00] eval 20260424T194622643257Z-c2-lite-glyph-static-layout-frame-scale-c35-frame-scale-008-edge1-1280x736-s4500	frame-scale-moderate	pass	555.382ms	ocr=0.7558
[2026-04-24T19:58:59+00:00] eval 20260424T194622697590Z-c2-lite-glyph-responsive-squeeze-c35-responsive-014-edge1-z006-1280x736-s4500	responsive-squeeze	pass	572.338ms	ocr=0.8597
[2026-04-24T19:58:59+00:00] eval 20260424T194622953055Z-c2-lite-glyph-static-layout-frame-scale-c35-frame-scale-012-edge09-1280x736-s4500	frame-scale-moderate	pass	558.614ms	ocr=0.6636
[2026-04-24T19:58:59+00:00] eval 20260424T194622999636Z-c2-lite-glyph-jiggle-c35-viewport-014-edge1-z014-1280x736-s4500	viewport-zoom-pulse	pass	521.386ms	ocr=0.8664
[2026-04-24T19:58:59+00:00] eval 20260424T194623185615Z-c2-lite-glyph-responsive-squeeze-c35-responsive-016-edge1-z008-1280x736-s4500	responsive-squeeze	pass	562.553ms	ocr=0.8636
[2026-04-24T19:58:59+00:00] eval 20260424T194623277460Z-c2-lite-glyph-jiggle-c35-viewport-014-edge1-z010-1280x736-s4500	viewport-zoom-pulse	pass	561.603ms	ocr=0.8624
[2026-04-24T19:58:59+00:00] eval 20260424T194623361463Z-c2-lite-glyph-static-layout-frame-scale-c35-frame-scale-012-edge1-1280x736-s4500	frame-scale-moderate	pass	596.264ms	ocr=0.5806
[2026-04-24T19:58:59+00:00] eval 20260424T195138593473Z-c2-lite-glyph-static-layout-frame-scale-c36-frame-scale-014-edge09-1280x736-s4500	frame-scale-moderate	pass	547.378ms	ocr=0.5634
[2026-04-24T19:58:59+00:00] eval 20260424T195138605349Z-c2-lite-glyph-static-layout-frame-scale-c36-frame-scale-018-edge05-1280x736-s4500	frame-scale-strong	pass	555.626ms	ocr=0.3925
[2026-04-24T19:58:59+00:00] eval 20260424T195138623761Z-c2-lite-glyph-static-layout-frame-scale-c36-frame-scale-014-edge075-1280x736-s4500	frame-scale-moderate	pass	556.587ms	ocr=0.5505
[2026-04-24T19:58:59+00:00] eval 20260424T195138625188Z-c2-lite-glyph-static-layout-frame-scale-c36-frame-scale-016-edge09-s6000-1280x736-s6000	frame-scale-strong	pass	554.590ms	ocr=0.4607
[2026-04-24T19:58:59+00:00] eval 20260424T195138627909Z-c2-lite-glyph-static-layout-frame-scale-c36-frame-scale-016-edge09-1280x736-s4500	frame-scale-strong	quality_fail	544.929ms	ocr=0.2657
[2026-04-24T19:58:59+00:00] eval 20260424T195138636837Z-c2-lite-glyph-static-layout-frame-scale-c36-frame-scale-014-edge1-1280x736-s4500	frame-scale-moderate	pass	543.993ms	ocr=0.5278
[2026-04-24T19:58:59+00:00] eval 20260424T195138643453Z-c2-lite-glyph-frame-scale-c36-learned-frame-scale-006-flow04-1280x736-s4500	frame-scale-moderate	quality_fail	553.610ms	ocr=0.1215
[2026-04-24T19:58:59+00:00] eval 20260424T195138646118Z-c2-lite-glyph-frame-scale-c36-learned-frame-scale-008-flow05-1280x736-s4500	frame-scale-moderate	quality_fail	547.657ms	ocr=0.0513
[2026-04-24T19:58:59+00:00] eval 20260424T195138647432Z-c2-lite-glyph-static-layout-frame-scale-c36-frame-scale-018-edge075-1280x736-s4500	frame-scale-strong	pass	552.580ms	ocr=0.3689
[2026-04-24T19:58:59+00:00] eval 20260424T195139053165Z-c2-lite-glyph-static-layout-frame-scale-c36-frame-scale-016-edge075-1280x736-s4500	frame-scale-strong	pass	553.084ms	ocr=0.4327
[2026-04-24T19:58:59+00:00] eval WROTE docs/experiments/track-c/eval-results.tsv
