sweep_id	case	source	resolution	frames	fps	pan_x	pan_y	crf	repeat	run_id	status	wall_time_ms	preprocess_ms	mask_ms	render_ms	encode_ms	effective_generated_fps	layout_score	motion_score	loop_error	text_score	output	contact_sheet
20260427T022749Z	naturalist	/Users/dennisonbertram/Develop/flipbook-research/outputs/track-v/20260425T144658Z-fal-kling-fal-kling-naturalist-etching-960x540-960x540/input.png	960x540	33	24	1.0	0.5	18	0	20260427T022749Z-track-b-hybrid-sweep-naturalist-f33-p1x0-5-crf18-r0-960x540	pass	88.07483303826302	3.849416971206665	2.9777500312775373	0.0	81.20712509844452	374.6813801584337	0.9999240031453809	0.007222448941320181	0.0007731178775429726	-1.0	/Users/dennisonbertram/Develop/flipbook-research/outputs/track-b/20260427T022749Z-track-b-hybrid-sweep-naturalist-f33-p1x0-5-crf18-r0-960x540/output.mp4	/Users/dennisonbertram/Develop/flipbook-research/outputs/track-b/20260427T022749Z-track-b-hybrid-sweep-naturalist-f33-p1x0-5-crf18-r0-960x540/contact-sheet.jpg
20260427T022749Z	naturalist	/Users/dennisonbertram/Develop/flipbook-research/outputs/track-v/20260425T144658Z-fal-kling-fal-kling-naturalist-etching-960x540-960x540/input.png	960x540	33	24	1.0	0.5	18	1	20260427T022750Z-track-b-hybrid-sweep-naturalist-f33-p1x0-5-crf18-r1-960x540	pass	87.25274994503707	3.3897910034283996	2.785166958346963	0.0	81.04579197242856	378.2115752315843	0.9999240031453809	0.007222448941320181	0.0007731178775429726	-1.0	/Users/dennisonbertram/Develop/flipbook-research/outputs/track-b/20260427T022750Z-track-b-hybrid-sweep-naturalist-f33-p1x0-5-crf18-r1-960x540/output.mp4	/Users/dennisonbertram/Develop/flipbook-research/outputs/track-b/20260427T022750Z-track-b-hybrid-sweep-naturalist-f33-p1x0-5-crf18-r1-960x540/contact-sheet.jpg
20260427T022749Z	naturalist	/Users/dennisonbertram/Develop/flipbook-research/outputs/track-v/20260425T144658Z-fal-kling-fal-kling-naturalist-etching-960x540-960x540/input.png	960x540	33	24	1.0	0.5	23	0	20260427T022751Z-track-b-hybrid-sweep-naturalist-f33-p1x0-5-crf23-r0-960x540	pass	86.65641699917614	3.4907079534605145	2.6542500127106905	0.0	80.48604195937514	380.81426791871326	0.9999232708963235	0.0073658013716340065	0.0012063892791047692	-1.0	/Users/dennisonbertram/Develop/flipbook-research/outputs/track-b/20260427T022751Z-track-b-hybrid-sweep-naturalist-f33-p1x0-5-crf23-r0-960x540/output.mp4	/Users/dennisonbertram/Develop/flipbook-research/outputs/track-b/20260427T022751Z-track-b-hybrid-sweep-naturalist-f33-p1x0-5-crf23-r0-960x540/contact-sheet.jpg
20260427T022749Z	naturalist	/Users/dennisonbertram/Develop/flipbook-research/outputs/track-v/20260425T144658Z-fal-kling-fal-kling-naturalist-etching-960x540-960x540/input.png	960x540	33	24	1.0	0.5	23	1	20260427T022751Z-track-b-hybrid-sweep-naturalist-f33-p1x0-5-crf23-r1-960x540	pass	85.33170795999467	3.8191250059753656	2.8645830461755395	0.0	78.62262497656047	386.7261161052947	0.9999232708963235	0.0073658013716340065	0.0012063892791047692	-1.0	/Users/dennisonbertram/Develop/flipbook-research/outputs/track-b/20260427T022751Z-track-b-hybrid-sweep-naturalist-f33-p1x0-5-crf23-r1-960x540/output.mp4	/Users/dennisonbertram/Develop/flipbook-research/outputs/track-b/20260427T022751Z-track-b-hybrid-sweep-naturalist-f33-p1x0-5-crf23-r1-960x540/contact-sheet.jpg
20260427T022749Z	naturalist	/Users/dennisonbertram/Develop/flipbook-research/outputs/track-v/20260425T144658Z-fal-kling-fal-kling-naturalist-etching-960x540-960x540/input.png	960x540	33	24	1.0	0.5	28	0	20260427T022752Z-track-b-hybrid-sweep-naturalist-f33-p1x0-5-crf28-r0-960x540	pass	86.03066706564277	4.3032909743487835	2.8412080137059093	0.0	78.85504106525332	383.5841465092962	0.9999215935453855	0.007365044672042131	0.001552854897454381	-1.0	/Users/dennisonbertram/Develop/flipbook-research/outputs/track-b/20260427T022752Z-track-b-hybrid-sweep-naturalist-f33-p1x0-5-crf28-r0-960x540/output.mp4	/Users/dennisonbertram/Develop/flipbook-research/outputs/track-b/20260427T022752Z-track-b-hybrid-sweep-naturalist-f33-p1x0-5-crf28-r0-960x540/contact-sheet.jpg
20260427T022749Z	naturalist	/Users/dennisonbertram/Develop/flipbook-research/outputs/track-v/20260425T144658Z-fal-kling-fal-kling-naturalist-etching-960x540-960x540/input.png	960x540	33	24	1.0	0.5	28	1	20260427T022752Z-track-b-hybrid-sweep-naturalist-f33-p1x0-5-crf28-r1-960x540	pass	87.2312500141561	4.377375007607043	2.786874887533486	0.0	80.0370000069961	378.30479323229554	0.9999215935453855	0.007365044672042131	0.001552854897454381	-1.0	/Users/dennisonbertram/Develop/flipbook-research/outputs/track-b/20260427T022752Z-track-b-hybrid-sweep-naturalist-f33-p1x0-5-crf28-r1-960x540/output.mp4	/Users/dennisonbertram/Develop/flipbook-research/outputs/track-b/20260427T022752Z-track-b-hybrid-sweep-naturalist-f33-p1x0-5-crf28-r1-960x540/contact-sheet.jpg
20260427T022749Z	naturalist	/Users/dennisonbertram/Develop/flipbook-research/outputs/track-v/20260425T144658Z-fal-kling-fal-kling-naturalist-etching-960x540-960x540/input.png	960x540	33	24	2.0	1.0	18	0	20260427T022753Z-track-b-hybrid-sweep-naturalist-f33-p2x1-crf18-r0-960x540	pass	88.11795897781849	3.9301670622080564	2.7438750257715583	0.0	81.4151659142226	374.4980067945846	0.9996617197571819	0.016884341835975647	0.0007933535962365568	-1.0	/Users/dennisonbertram/Develop/flipbook-research/outputs/track-b/20260427T022753Z-track-b-hybrid-sweep-naturalist-f33-p2x1-crf18-r0-960x540/output.mp4	/Users/dennisonbertram/Develop/flipbook-research/outputs/track-b/20260427T022753Z-track-b-hybrid-sweep-naturalist-f33-p2x1-crf18-r0-960x540/contact-sheet.jpg
20260427T022749Z	naturalist	/Users/dennisonbertram/Develop/flipbook-research/outputs/track-v/20260425T144658Z-fal-kling-fal-kling-naturalist-etching-960x540-960x540/input.png	960x540	33	24	2.0	1.0	18	1	20260427T022753Z-track-b-hybrid-sweep-naturalist-f33-p2x1-crf18-r1-960x540	pass	86.35516697540879	3.8298750296235085	2.6917920913547277	0.0	79.80624993797392	382.1427385971861	0.9996617197571819	0.016884341835975647	0.0007933535962365568	-1.0	/Users/dennisonbertram/Develop/flipbook-research/outputs/track-b/20260427T022753Z-track-b-hybrid-sweep-naturalist-f33-p2x1-crf18-r1-960x540/output.mp4	/Users/dennisonbertram/Develop/flipbook-research/outputs/track-b/20260427T022753Z-track-b-hybrid-sweep-naturalist-f33-p2x1-crf18-r1-960x540/contact-sheet.jpg
20260427T022749Z	naturalist	/Users/dennisonbertram/Develop/flipbook-research/outputs/track-v/20260425T144658Z-fal-kling-fal-kling-naturalist-etching-960x540-960x540/input.png	960x540	33	24	2.0	1.0	23	0	20260427T022754Z-track-b-hybrid-sweep-naturalist-f33-p2x1-crf23-r0-960x540	pass	85.6510839657858	3.445749985985458	2.548334072344005	0.0	79.63145803660154	385.28409066232234	0.9996608082687154	0.016926705837249756	0.001208280329592526	-1.0	/Users/dennisonbertram/Develop/flipbook-research/outputs/track-b/20260427T022754Z-track-b-hybrid-sweep-naturalist-f33-p2x1-crf23-r0-960x540/output.mp4	/Users/dennisonbertram/Develop/flipbook-research/outputs/track-b/20260427T022754Z-track-b-hybrid-sweep-naturalist-f33-p2x1-crf23-r0-960x540/contact-sheet.jpg
20260427T022749Z	naturalist	/Users/dennisonbertram/Develop/flipbook-research/outputs/track-v/20260425T144658Z-fal-kling-fal-kling-naturalist-etching-960x540-960x540/input.png	960x540	33	24	2.0	1.0	23	1	20260427T022754Z-track-b-hybrid-sweep-naturalist-f33-p2x1-crf23-r1-960x540	pass	88.4082920383662	3.6413329653441906	2.67166702542454	0.0	82.07074995152652	373.2681543681346	0.9996608082687154	0.016926705837249756	0.001208280329592526	-1.0	/Users/dennisonbertram/Develop/flipbook-research/outputs/track-b/20260427T022754Z-track-b-hybrid-sweep-naturalist-f33-p2x1-crf23-r1-960x540/output.mp4	/Users/dennisonbertram/Develop/flipbook-research/outputs/track-b/20260427T022754Z-track-b-hybrid-sweep-naturalist-f33-p2x1-crf23-r1-960x540/contact-sheet.jpg
20260427T022749Z	naturalist	/Users/dennisonbertram/Develop/flipbook-research/outputs/track-v/20260425T144658Z-fal-kling-fal-kling-naturalist-etching-960x540-960x540/input.png	960x540	33	24	2.0	1.0	28	0	20260427T022755Z-track-b-hybrid-sweep-naturalist-f33-p2x1-crf28-r0-960x540	pass	85.72504098992795	3.783834050409496	2.833832986652851	0.0	79.08116700127721	384.95169694788774	0.9996592110269393	0.016835929825901985	0.0015486943302676082	-1.0	/Users/dennisonbertram/Develop/flipbook-research/outputs/track-b/20260427T022755Z-track-b-hybrid-sweep-naturalist-f33-p2x1-crf28-r0-960x540/output.mp4	/Users/dennisonbertram/Develop/flipbook-research/outputs/track-b/20260427T022755Z-track-b-hybrid-sweep-naturalist-f33-p2x1-crf28-r0-960x540/contact-sheet.jpg
20260427T022749Z	naturalist	/Users/dennisonbertram/Develop/flipbook-research/outputs/track-v/20260425T144658Z-fal-kling-fal-kling-naturalist-etching-960x540-960x540/input.png	960x540	33	24	2.0	1.0	28	1	20260427T022756Z-track-b-hybrid-sweep-naturalist-f33-p2x1-crf28-r1-960x540	pass	92.07095799501985	3.5467500565573573	2.82958394382149	0.0	85.66666697151959	358.41920969025847	0.9996592110269393	0.016835929825901985	0.0015486943302676082	-1.0	/Users/dennisonbertram/Develop/flipbook-research/outputs/track-b/20260427T022756Z-track-b-hybrid-sweep-naturalist-f33-p2x1-crf28-r1-960x540/output.mp4	/Users/dennisonbertram/Develop/flipbook-research/outputs/track-b/20260427T022756Z-track-b-hybrid-sweep-naturalist-f33-p2x1-crf28-r1-960x540/contact-sheet.jpg
20260427T022749Z	naturalist	/Users/dennisonbertram/Develop/flipbook-research/outputs/track-v/20260425T144658Z-fal-kling-fal-kling-naturalist-etching-960x540-960x540/input.png	960x540	33	24	3.0	1.5	18	0	20260427T022756Z-track-b-hybrid-sweep-naturalist-f33-p3x1-5-crf18-r0-960x540	pass	88.47554097883403	3.898166003637016	2.7210840489715338	0.0	81.83174999430776	372.98443880546125	0.9991977793396124	0.026530161499977112	0.0007978924550116062	-1.0	/Users/dennisonbertram/Develop/flipbook-research/outputs/track-b/20260427T022756Z-track-b-hybrid-sweep-naturalist-f33-p3x1-5-crf18-r0-960x540/output.mp4	/Users/dennisonbertram/Develop/flipbook-research/outputs/track-b/20260427T022756Z-track-b-hybrid-sweep-naturalist-f33-p3x1-5-crf18-r0-960x540/contact-sheet.jpg
20260427T022749Z	naturalist	/Users/dennisonbertram/Develop/flipbook-research/outputs/track-v/20260425T144658Z-fal-kling-fal-kling-naturalist-etching-960x540-960x540/input.png	960x540	33	24	3.0	1.5	18	1	20260427T022757Z-track-b-hybrid-sweep-naturalist-f33-p3x1-5-crf18-r1-960x540	pass	89.43154197186232	3.7760420236736536	2.8873750707134604	0.0	82.73916598409414	368.9973277032697	0.9991977793396124	0.026530161499977112	0.0007978924550116062	-1.0	/Users/dennisonbertram/Develop/flipbook-research/outputs/track-b/20260427T022757Z-track-b-hybrid-sweep-naturalist-f33-p3x1-5-crf18-r1-960x540/output.mp4	/Users/dennisonbertram/Develop/flipbook-research/outputs/track-b/20260427T022757Z-track-b-hybrid-sweep-naturalist-f33-p3x1-5-crf18-r1-960x540/contact-sheet.jpg
20260427T022749Z	naturalist	/Users/dennisonbertram/Develop/flipbook-research/outputs/track-v/20260425T144658Z-fal-kling-fal-kling-naturalist-etching-960x540-960x540/input.png	960x540	33	24	3.0	1.5	23	0	20260427T022757Z-track-b-hybrid-sweep-naturalist-f33-p3x1-5-crf23-r0-960x540	pass	86.7027920903638	3.967209020629525	2.898000064305961	0.0	79.80199996381998	380.6105801714734	0.9991968188622846	0.026524676010012627	0.001216034172102809	-1.0	/Users/dennisonbertram/Develop/flipbook-research/outputs/track-b/20260427T022757Z-track-b-hybrid-sweep-naturalist-f33-p3x1-5-crf23-r0-960x540/output.mp4	/Users/dennisonbertram/Develop/flipbook-research/outputs/track-b/20260427T022757Z-track-b-hybrid-sweep-naturalist-f33-p3x1-5-crf23-r0-960x540/contact-sheet.jpg
20260427T022749Z	naturalist	/Users/dennisonbertram/Develop/flipbook-research/outputs/track-v/20260425T144658Z-fal-kling-fal-kling-naturalist-etching-960x540-960x540/input.png	960x540	33	24	3.0	1.5	23	1	20260427T022758Z-track-b-hybrid-sweep-naturalist-f33-p3x1-5-crf23-r1-960x540	pass	87.82958309166133	3.61279200296849	2.749540959484875	0.0	81.43783395644277	375.72761748806556	0.9991968188622846	0.026524676010012627	0.001216034172102809	-1.0	/Users/dennisonbertram/Develop/flipbook-research/outputs/track-b/20260427T022758Z-track-b-hybrid-sweep-naturalist-f33-p3x1-5-crf23-r1-960x540/output.mp4	/Users/dennisonbertram/Develop/flipbook-research/outputs/track-b/20260427T022758Z-track-b-hybrid-sweep-naturalist-f33-p3x1-5-crf23-r1-960x540/contact-sheet.jpg
20260427T022749Z	naturalist	/Users/dennisonbertram/Develop/flipbook-research/outputs/track-v/20260425T144658Z-fal-kling-fal-kling-naturalist-etching-960x540-960x540/input.png	960x540	33	24	3.0	1.5	28	0	20260427T022758Z-track-b-hybrid-sweep-naturalist-f33-p3x1-5-crf28-r0-960x540	pass	85.37566696759313	3.8001249777153134	2.7932499069720507	0.0	78.75558396335691	386.5269950104885	0.9991965330699676	0.02637905441224575	0.0015547461807727814	-1.0	/Users/dennisonbertram/Develop/flipbook-research/outputs/track-b/20260427T022758Z-track-b-hybrid-sweep-naturalist-f33-p3x1-5-crf28-r0-960x540/output.mp4	/Users/dennisonbertram/Develop/flipbook-research/outputs/track-b/20260427T022758Z-track-b-hybrid-sweep-naturalist-f33-p3x1-5-crf28-r0-960x540/contact-sheet.jpg
20260427T022749Z	naturalist	/Users/dennisonbertram/Develop/flipbook-research/outputs/track-v/20260425T144658Z-fal-kling-fal-kling-naturalist-etching-960x540-960x540/input.png	960x540	33	24	3.0	1.5	28	1	20260427T022759Z-track-b-hybrid-sweep-naturalist-f33-p3x1-5-crf28-r1-960x540	pass	84.43870802875608	3.801582963205874	2.8764590388163924	0.0	77.72775006014854	390.81602230059775	0.9991965330699676	0.02637905441224575	0.0015547461807727814	-1.0	/Users/dennisonbertram/Develop/flipbook-research/outputs/track-b/20260427T022759Z-track-b-hybrid-sweep-naturalist-f33-p3x1-5-crf28-r1-960x540/output.mp4	/Users/dennisonbertram/Develop/flipbook-research/outputs/track-b/20260427T022759Z-track-b-hybrid-sweep-naturalist-f33-p3x1-5-crf28-r1-960x540/contact-sheet.jpg
20260427T022749Z	naturalist	/Users/dennisonbertram/Develop/flipbook-research/outputs/track-v/20260425T144658Z-fal-kling-fal-kling-naturalist-etching-960x540-960x540/input.png	960x540	65	24	1.0	0.5	18	0	20260427T022800Z-track-b-hybrid-sweep-naturalist-f65-p1x0-5-crf18-r0-960x540	pass	116.65900005027652	3.6201250040903687	3.131416975520551	0.0	109.88008405547589	557.1794715537332	0.9999238909088342	0.007219612132757902	0.0007699028356000781	-1.0	/Users/dennisonbertram/Develop/flipbook-research/outputs/track-b/20260427T022800Z-track-b-hybrid-sweep-naturalist-f65-p1x0-5-crf18-r0-960x540/output.mp4	/Users/dennisonbertram/Develop/flipbook-research/outputs/track-b/20260427T022800Z-track-b-hybrid-sweep-naturalist-f65-p1x0-5-crf18-r0-960x540/contact-sheet.jpg
20260427T022749Z	naturalist	/Users/dennisonbertram/Develop/flipbook-research/outputs/track-v/20260425T144658Z-fal-kling-fal-kling-naturalist-etching-960x540-960x540/input.png	960x540	65	24	1.0	0.5	18	1	20260427T022800Z-track-b-hybrid-sweep-naturalist-f65-p1x0-5-crf18-r1-960x540	pass	122.60683404747397	3.729708958417177	3.0466660391539335	0.0	115.7951659988612	530.1498933969021	0.9999238909088342	0.007219612132757902	0.0007699028356000781	-1.0	/Users/dennisonbertram/Develop/flipbook-research/outputs/track-b/20260427T022800Z-track-b-hybrid-sweep-naturalist-f65-p1x0-5-crf18-r1-960x540/output.mp4	/Users/dennisonbertram/Develop/flipbook-research/outputs/track-b/20260427T022800Z-track-b-hybrid-sweep-naturalist-f65-p1x0-5-crf18-r1-960x540/contact-sheet.jpg
20260427T022749Z	naturalist	/Users/dennisonbertram/Develop/flipbook-research/outputs/track-v/20260425T144658Z-fal-kling-fal-kling-naturalist-etching-960x540-960x540/input.png	960x540	65	24	1.0	0.5	23	0	20260427T022801Z-track-b-hybrid-sweep-naturalist-f65-p1x0-5-crf23-r0-960x540	pass	118.3426670031622	3.8439170457422733	2.689374960027635	0.0	111.78441601805389	549.2524517658804	0.9999231364090565	0.0074172415770590305	0.001220762263983488	-1.0	/Users/dennisonbertram/Develop/flipbook-research/outputs/track-b/20260427T022801Z-track-b-hybrid-sweep-naturalist-f65-p1x0-5-crf23-r0-960x540/output.mp4	/Users/dennisonbertram/Develop/flipbook-research/outputs/track-b/20260427T022801Z-track-b-hybrid-sweep-naturalist-f65-p1x0-5-crf23-r0-960x540/contact-sheet.jpg
20260427T022749Z	naturalist	/Users/dennisonbertram/Develop/flipbook-research/outputs/track-v/20260425T144658Z-fal-kling-fal-kling-naturalist-etching-960x540-960x540/input.png	960x540	65	24	1.0	0.5	23	1	20260427T022801Z-track-b-hybrid-sweep-naturalist-f65-p1x0-5-crf23-r1-960x540	pass	118.16787498537451	3.834625007584691	2.9039160581305623	0.0	111.39358405489475	550.0648971477651	0.9999231364090565	0.0074172415770590305	0.001220762263983488	-1.0	/Users/dennisonbertram/Develop/flipbook-research/outputs/track-b/20260427T022801Z-track-b-hybrid-sweep-naturalist-f65-p1x0-5-crf23-r1-960x540/output.mp4	/Users/dennisonbertram/Develop/flipbook-research/outputs/track-b/20260427T022801Z-track-b-hybrid-sweep-naturalist-f65-p1x0-5-crf23-r1-960x540/contact-sheet.jpg
20260427T022749Z	naturalist	/Users/dennisonbertram/Develop/flipbook-research/outputs/track-v/20260425T144658Z-fal-kling-fal-kling-naturalist-etching-960x540-960x540/input.png	960x540	65	24	1.0	0.5	28	0	20260427T022802Z-track-b-hybrid-sweep-naturalist-f65-p1x0-5-crf28-r0-960x540	pass	113.76162501983345	3.7393750390037894	2.7175829745829105	0.0	107.27658297400922	571.3701785524579	0.9999215821738305	0.007421213202178478	0.0015617434401065111	-1.0	/Users/dennisonbertram/Develop/flipbook-research/outputs/track-b/20260427T022802Z-track-b-hybrid-sweep-naturalist-f65-p1x0-5-crf28-r0-960x540/output.mp4	/Users/dennisonbertram/Develop/flipbook-research/outputs/track-b/20260427T022802Z-track-b-hybrid-sweep-naturalist-f65-p1x0-5-crf28-r0-960x540/contact-sheet.jpg
20260427T022749Z	naturalist	/Users/dennisonbertram/Develop/flipbook-research/outputs/track-v/20260425T144658Z-fal-kling-fal-kling-naturalist-etching-960x540-960x540/input.png	960x540	65	24	1.0	0.5	28	1	20260427T022803Z-track-b-hybrid-sweep-naturalist-f65-p1x0-5-crf28-r1-960x540	pass	112.36616701353341	4.1817090241238475	2.833792008459568	0.0	105.32104095909745	578.4659362116657	0.9999215821738305	0.007421213202178478	0.0015617434401065111	-1.0	/Users/dennisonbertram/Develop/flipbook-research/outputs/track-b/20260427T022803Z-track-b-hybrid-sweep-naturalist-f65-p1x0-5-crf28-r1-960x540/output.mp4	/Users/dennisonbertram/Develop/flipbook-research/outputs/track-b/20260427T022803Z-track-b-hybrid-sweep-naturalist-f65-p1x0-5-crf28-r1-960x540/contact-sheet.jpg
20260427T022749Z	naturalist	/Users/dennisonbertram/Develop/flipbook-research/outputs/track-v/20260425T144658Z-fal-kling-fal-kling-naturalist-etching-960x540-960x540/input.png	960x540	65	24	2.0	1.0	18	0	20260427T022803Z-track-b-hybrid-sweep-naturalist-f65-p2x1-crf18-r0-960x540	pass	153.02233397960663	3.659500041976571	2.7959580766037107	0.0	146.51929202955216	424.77459537810074	0.9996619642534027	0.01686996966600418	0.0007882473873905838	-1.0	/Users/dennisonbertram/Develop/flipbook-research/outputs/track-b/20260427T022803Z-track-b-hybrid-sweep-naturalist-f65-p2x1-crf18-r0-960x540/output.mp4	/Users/dennisonbertram/Develop/flipbook-research/outputs/track-b/20260427T022803Z-track-b-hybrid-sweep-naturalist-f65-p2x1-crf18-r0-960x540/contact-sheet.jpg
20260427T022749Z	naturalist	/Users/dennisonbertram/Develop/flipbook-research/outputs/track-v/20260425T144658Z-fal-kling-fal-kling-naturalist-etching-960x540-960x540/input.png	960x540	65	24	2.0	1.0	18	1	20260427T022804Z-track-b-hybrid-sweep-naturalist-f65-p2x1-crf18-r1-960x540	pass	120.35816709976643	3.980875015258789	2.655249903909862	0.0	113.69329201988876	540.054751300098	0.9996619642534027	0.01686996966600418	0.0007882473873905838	-1.0	/Users/dennisonbertram/Develop/flipbook-research/outputs/track-b/20260427T022804Z-track-b-hybrid-sweep-naturalist-f65-p2x1-crf18-r1-960x540/output.mp4	/Users/dennisonbertram/Develop/flipbook-research/outputs/track-b/20260427T022804Z-track-b-hybrid-sweep-naturalist-f65-p2x1-crf18-r1-960x540/contact-sheet.jpg
20260427T022749Z	naturalist	/Users/dennisonbertram/Develop/flipbook-research/outputs/track-v/20260425T144658Z-fal-kling-fal-kling-naturalist-etching-960x540-960x540/input.png	960x540	65	24	2.0	1.0	23	0	20260427T022804Z-track-b-hybrid-sweep-naturalist-f65-p2x1-crf23-r0-960x540	pass	113.3153330301866	3.62770794890821	2.6450420264154673	0.0	107.01354197226465	573.6205177342094	0.9996608985342705	0.016941644251346588	0.0012226533144712448	-1.0	/Users/dennisonbertram/Develop/flipbook-research/outputs/track-b/20260427T022804Z-track-b-hybrid-sweep-naturalist-f65-p2x1-crf23-r0-960x540/output.mp4	/Users/dennisonbertram/Develop/flipbook-research/outputs/track-b/20260427T022804Z-track-b-hybrid-sweep-naturalist-f65-p2x1-crf23-r0-960x540/contact-sheet.jpg
20260427T022749Z	naturalist	/Users/dennisonbertram/Develop/flipbook-research/outputs/track-v/20260425T144658Z-fal-kling-fal-kling-naturalist-etching-960x540-960x540/input.png	960x540	65	24	2.0	1.0	23	1	20260427T022805Z-track-b-hybrid-sweep-naturalist-f65-p2x1-crf23-r1-960x540	pass	123.61858307849616	4.272292018868029	3.0393750639632344	0.0	116.26679194159806	525.8109127389517	0.9996608985342705	0.016941644251346588	0.0012226533144712448	-1.0	/Users/dennisonbertram/Develop/flipbook-research/outputs/track-b/20260427T022805Z-track-b-hybrid-sweep-naturalist-f65-p2x1-crf23-r1-960x540/output.mp4	/Users/dennisonbertram/Develop/flipbook-research/outputs/track-b/20260427T022805Z-track-b-hybrid-sweep-naturalist-f65-p2x1-crf23-r1-960x540/contact-sheet.jpg
20260427T022749Z	naturalist	/Users/dennisonbertram/Develop/flipbook-research/outputs/track-v/20260425T144658Z-fal-kling-fal-kling-naturalist-etching-960x540-960x540/input.png	960x540	65	24	2.0	1.0	28	0	20260427T022806Z-track-b-hybrid-sweep-naturalist-f65-p2x1-crf28-r0-960x540	pass	138.76550004351884	4.261541995219886	2.785750082693994	0.0	131.689166999422	468.4161407526732	0.999659557396	0.016841791570186615	0.0015812227502465248	-1.0	/Users/dennisonbertram/Develop/flipbook-research/outputs/track-b/20260427T022806Z-track-b-hybrid-sweep-naturalist-f65-p2x1-crf28-r0-960x540/output.mp4	/Users/dennisonbertram/Develop/flipbook-research/outputs/track-b/20260427T022806Z-track-b-hybrid-sweep-naturalist-f65-p2x1-crf28-r0-960x540/contact-sheet.jpg
20260427T022749Z	naturalist	/Users/dennisonbertram/Develop/flipbook-research/outputs/track-v/20260425T144658Z-fal-kling-fal-kling-naturalist-etching-960x540-960x540/input.png	960x540	65	24	2.0	1.0	28	1	20260427T022806Z-track-b-hybrid-sweep-naturalist-f65-p2x1-crf28-r1-960x540	pass	117.56891699042171	3.815458039753139	2.8460840694606304	0.0	110.88204104453325	552.8672174916396	0.999659557396	0.016841791570186615	0.0015812227502465248	-1.0	/Users/dennisonbertram/Develop/flipbook-research/outputs/track-b/20260427T022806Z-track-b-hybrid-sweep-naturalist-f65-p2x1-crf28-r1-960x540/output.mp4	/Users/dennisonbertram/Develop/flipbook-research/outputs/track-b/20260427T022806Z-track-b-hybrid-sweep-naturalist-f65-p2x1-crf28-r1-960x540/contact-sheet.jpg
20260427T022749Z	naturalist	/Users/dennisonbertram/Develop/flipbook-research/outputs/track-v/20260425T144658Z-fal-kling-fal-kling-naturalist-etching-960x540-960x540/input.png	960x540	65	24	3.0	1.5	18	0	20260427T022807Z-track-b-hybrid-sweep-naturalist-f65-p3x1-5-crf18-r0-960x540	pass	122.3487090319395	3.710541990585625	2.7877079555764794	0.0	115.82320905290544	531.2683763833711	0.9991969400147025	0.026538671925663948	0.0007888147374615073	-1.0	/Users/dennisonbertram/Develop/flipbook-research/outputs/track-b/20260427T022807Z-track-b-hybrid-sweep-naturalist-f65-p3x1-5-crf18-r0-960x540/output.mp4	/Users/dennisonbertram/Develop/flipbook-research/outputs/track-b/20260427T022807Z-track-b-hybrid-sweep-naturalist-f65-p3x1-5-crf18-r0-960x540/contact-sheet.jpg
20260427T022749Z	naturalist	/Users/dennisonbertram/Develop/flipbook-research/outputs/track-v/20260425T144658Z-fal-kling-fal-kling-naturalist-etching-960x540-960x540/input.png	960x540	65	24	3.0	1.5	18	1	20260427T022807Z-track-b-hybrid-sweep-naturalist-f65-p3x1-5-crf18-r1-960x540	pass	117.5803339574486	3.828834043815732	3.1096250750124454	0.0	110.61029101256281	552.8135344769729	0.9991969400147025	0.026538671925663948	0.0007888147374615073	-1.0	/Users/dennisonbertram/Develop/flipbook-research/outputs/track-b/20260427T022807Z-track-b-hybrid-sweep-naturalist-f65-p3x1-5-crf18-r1-960x540/output.mp4	/Users/dennisonbertram/Develop/flipbook-research/outputs/track-b/20260427T022807Z-track-b-hybrid-sweep-naturalist-f65-p3x1-5-crf18-r1-960x540/contact-sheet.jpg
20260427T022749Z	naturalist	/Users/dennisonbertram/Develop/flipbook-research/outputs/track-v/20260425T144658Z-fal-kling-fal-kling-naturalist-etching-960x540-960x540/input.png	960x540	65	24	3.0	1.5	23	0	20260427T022808Z-track-b-hybrid-sweep-naturalist-f65-p3x1-5-crf23-r0-960x540	pass	116.06091703288257	3.6090411012992263	2.729583065956831	0.0	109.69708301126957	560.0507187237207	0.9991969538925093	0.026530727744102478	0.0012474280083552003	-1.0	/Users/dennisonbertram/Develop/flipbook-research/outputs/track-b/20260427T022808Z-track-b-hybrid-sweep-naturalist-f65-p3x1-5-crf23-r0-960x540/output.mp4	/Users/dennisonbertram/Develop/flipbook-research/outputs/track-b/20260427T022808Z-track-b-hybrid-sweep-naturalist-f65-p3x1-5-crf23-r0-960x540/contact-sheet.jpg
20260427T022749Z	naturalist	/Users/dennisonbertram/Develop/flipbook-research/outputs/track-v/20260425T144658Z-fal-kling-fal-kling-naturalist-etching-960x540-960x540/input.png	960x540	65	24	3.0	1.5	23	1	20260427T022809Z-track-b-hybrid-sweep-naturalist-f65-p3x1-5-crf23-r1-960x540	pass	117.57083400152624	3.7987090181559324	2.700166078284383	0.0	111.04625009465963	552.8582029039295	0.9991969538925093	0.026530727744102478	0.0012474280083552003	-1.0	/Users/dennisonbertram/Develop/flipbook-research/outputs/track-b/20260427T022809Z-track-b-hybrid-sweep-naturalist-f65-p3x1-5-crf23-r1-960x540/output.mp4	/Users/dennisonbertram/Develop/flipbook-research/outputs/track-b/20260427T022809Z-track-b-hybrid-sweep-naturalist-f65-p3x1-5-crf23-r1-960x540/contact-sheet.jpg
20260427T022749Z	naturalist	/Users/dennisonbertram/Develop/flipbook-research/outputs/track-v/20260425T144658Z-fal-kling-fal-kling-naturalist-etching-960x540-960x540/input.png	960x540	65	24	3.0	1.5	28	0	20260427T022809Z-track-b-hybrid-sweep-naturalist-f65-p3x1-5-crf28-r0-960x540	pass	113.7087499955669	4.116332973353565	2.939624944701791	0.0	106.61575000267476	571.6358679744005	0.9991961630280164	0.026418201625347137	0.0015725232660770416	-1.0	/Users/dennisonbertram/Develop/flipbook-research/outputs/track-b/20260427T022809Z-track-b-hybrid-sweep-naturalist-f65-p3x1-5-crf28-r0-960x540/output.mp4	/Users/dennisonbertram/Develop/flipbook-research/outputs/track-b/20260427T022809Z-track-b-hybrid-sweep-naturalist-f65-p3x1-5-crf28-r0-960x540/contact-sheet.jpg
20260427T022749Z	naturalist	/Users/dennisonbertram/Develop/flipbook-research/outputs/track-v/20260425T144658Z-fal-kling-fal-kling-naturalist-etching-960x540-960x540/input.png	960x540	65	24	3.0	1.5	28	1	20260427T022810Z-track-b-hybrid-sweep-naturalist-f65-p3x1-5-crf28-r1-960x540	pass	115.4452080372721	4.30699996650219	3.4752499777823687	0.0	107.62833303306252	563.0376618058881	0.9991961630280164	0.026418201625347137	0.0015725232660770416	-1.0	/Users/dennisonbertram/Develop/flipbook-research/outputs/track-b/20260427T022810Z-track-b-hybrid-sweep-naturalist-f65-p3x1-5-crf28-r1-960x540/output.mp4	/Users/dennisonbertram/Develop/flipbook-research/outputs/track-b/20260427T022810Z-track-b-hybrid-sweep-naturalist-f65-p3x1-5-crf28-r1-960x540/contact-sheet.jpg
20260427T022749Z	naturalist	/Users/dennisonbertram/Develop/flipbook-research/outputs/track-v/20260425T144658Z-fal-kling-fal-kling-naturalist-etching-960x540-960x540/input.png	960x540	121	24	1.0	0.5	18	0	20260427T022810Z-track-b-hybrid-sweep-naturalist-f121-p1x0-5-crf18-r0-960x540	pass	171.78745905403048	3.5013329470530152	2.5897909654304385	0.0	165.67275009583682	704.3587504367426	0.9999238689046906	0.007220557890832424	0.0007680116686969995	-1.0	/Users/dennisonbertram/Develop/flipbook-research/outputs/track-b/20260427T022810Z-track-b-hybrid-sweep-naturalist-f121-p1x0-5-crf18-r0-960x540/output.mp4	/Users/dennisonbertram/Develop/flipbook-research/outputs/track-b/20260427T022810Z-track-b-hybrid-sweep-naturalist-f121-p1x0-5-crf18-r0-960x540/contact-sheet.jpg
20260427T022749Z	naturalist	/Users/dennisonbertram/Develop/flipbook-research/outputs/track-v/20260425T144658Z-fal-kling-fal-kling-naturalist-etching-960x540-960x540/input.png	960x540	121	24	1.0	0.5	18	1	20260427T022811Z-track-b-hybrid-sweep-naturalist-f121-p1x0-5-crf18-r1-960x540	pass	175.3305420279503	3.8061669329181314	2.8314589289948344	0.0	168.66637498605996	690.1250552268914	0.9999238689046906	0.007220557890832424	0.0007680116686969995	-1.0	/Users/dennisonbertram/Develop/flipbook-research/outputs/track-b/20260427T022811Z-track-b-hybrid-sweep-naturalist-f121-p1x0-5-crf18-r1-960x540/output.mp4	/Users/dennisonbertram/Develop/flipbook-research/outputs/track-b/20260427T022811Z-track-b-hybrid-sweep-naturalist-f121-p1x0-5-crf18-r1-960x540/contact-sheet.jpg
20260427T022749Z	naturalist	/Users/dennisonbertram/Develop/flipbook-research/outputs/track-v/20260425T144658Z-fal-kling-fal-kling-naturalist-etching-960x540-960x540/input.png	960x540	121	24	1.0	0.5	23	0	20260427T022812Z-track-b-hybrid-sweep-naturalist-f121-p1x0-5-crf23-r0-960x540	pass	167.33587498310953	3.763292101211846	2.775458968244493	0.0	160.76787502970546	723.0965865043191	0.9999231398712133	0.007417052518576384	0.0012205732055008411	-1.0	/Users/dennisonbertram/Develop/flipbook-research/outputs/track-b/20260427T022812Z-track-b-hybrid-sweep-naturalist-f121-p1x0-5-crf23-r0-960x540/output.mp4	/Users/dennisonbertram/Develop/flipbook-research/outputs/track-b/20260427T022812Z-track-b-hybrid-sweep-naturalist-f121-p1x0-5-crf23-r0-960x540/contact-sheet.jpg
20260427T022749Z	naturalist	/Users/dennisonbertram/Develop/flipbook-research/outputs/track-v/20260425T144658Z-fal-kling-fal-kling-naturalist-etching-960x540-960x540/input.png	960x540	121	24	1.0	0.5	23	1	20260427T022812Z-track-b-hybrid-sweep-naturalist-f121-p1x0-5-crf23-r1-960x540	pass	175.24324997793883	3.709041979163885	2.7801250107586384	0.0	168.72212500311434	690.4688198560148	0.9999231398712133	0.007417052518576384	0.0012205732055008411	-1.0	/Users/dennisonbertram/Develop/flipbook-research/outputs/track-b/20260427T022812Z-track-b-hybrid-sweep-naturalist-f121-p1x0-5-crf23-r1-960x540/output.mp4	/Users/dennisonbertram/Develop/flipbook-research/outputs/track-b/20260427T022812Z-track-b-hybrid-sweep-naturalist-f121-p1x0-5-crf23-r1-960x540/contact-sheet.jpg
20260427T022749Z	naturalist	/Users/dennisonbertram/Develop/flipbook-research/outputs/track-v/20260425T144658Z-fal-kling-fal-kling-naturalist-etching-960x540-960x540/input.png	960x540	121	24	1.0	0.5	28	0	20260427T022813Z-track-b-hybrid-sweep-naturalist-f121-p1x0-5-crf28-r0-960x540	pass	162.17383299954236	3.9517920231446624	2.6257080025970936	0.0	155.54812492337078	746.1129687940561	0.9999215863787728	0.007421591319143772	0.0015626890817657113	-1.0	/Users/dennisonbertram/Develop/flipbook-research/outputs/track-b/20260427T022813Z-track-b-hybrid-sweep-naturalist-f121-p1x0-5-crf28-r0-960x540/output.mp4	/Users/dennisonbertram/Develop/flipbook-research/outputs/track-b/20260427T022813Z-track-b-hybrid-sweep-naturalist-f121-p1x0-5-crf28-r0-960x540/contact-sheet.jpg
20260427T022749Z	naturalist	/Users/dennisonbertram/Develop/flipbook-research/outputs/track-v/20260425T144658Z-fal-kling-fal-kling-naturalist-etching-960x540-960x540/input.png	960x540	121	24	1.0	0.5	28	1	20260427T022814Z-track-b-hybrid-sweep-naturalist-f121-p1x0-5-crf28-r1-960x540	pass	158.40549999848008	4.317709011957049	2.7308750431984663	0.0	151.3328329892829	763.8623658974026	0.9999215863787728	0.007421591319143772	0.0015626890817657113	-1.0	/Users/dennisonbertram/Develop/flipbook-research/outputs/track-b/20260427T022814Z-track-b-hybrid-sweep-naturalist-f121-p1x0-5-crf28-r1-960x540/output.mp4	/Users/dennisonbertram/Develop/flipbook-research/outputs/track-b/20260427T022814Z-track-b-hybrid-sweep-naturalist-f121-p1x0-5-crf28-r1-960x540/contact-sheet.jpg
20260427T022749Z	naturalist	/Users/dennisonbertram/Develop/flipbook-research/outputs/track-v/20260425T144658Z-fal-kling-fal-kling-naturalist-etching-960x540-960x540/input.png	960x540	121	24	2.0	1.0	18	0	20260427T022814Z-track-b-hybrid-sweep-naturalist-f121-p2x1-crf18-r0-960x540	pass	174.41141698509455	3.785999957472086	2.8133339947089553	0.0	167.78516594786197	693.7619227664485	0.9996612132330452	0.016883397474884987	0.000782762945163995	-1.0	/Users/dennisonbertram/Develop/flipbook-research/outputs/track-b/20260427T022814Z-track-b-hybrid-sweep-naturalist-f121-p2x1-crf18-r0-960x540/output.mp4	/Users/dennisonbertram/Develop/flipbook-research/outputs/track-b/20260427T022814Z-track-b-hybrid-sweep-naturalist-f121-p2x1-crf18-r0-960x540/contact-sheet.jpg
20260427T022749Z	naturalist	/Users/dennisonbertram/Develop/flipbook-research/outputs/track-v/20260425T144658Z-fal-kling-fal-kling-naturalist-etching-960x540-960x540/input.png	960x540	121	24	2.0	1.0	18	1	20260427T022815Z-track-b-hybrid-sweep-naturalist-f121-p2x1-crf18-r1-960x540	pass	183.02895897068083	3.8352920673787594	3.004583064466715	0.0	176.13925004843622	661.0975699172437	0.9996612132330452	0.016883397474884987	0.000782762945163995	-1.0	/Users/dennisonbertram/Develop/flipbook-research/outputs/track-b/20260427T022815Z-track-b-hybrid-sweep-naturalist-f121-p2x1-crf18-r1-960x540/output.mp4	/Users/dennisonbertram/Develop/flipbook-research/outputs/track-b/20260427T022815Z-track-b-hybrid-sweep-naturalist-f121-p2x1-crf18-r1-960x540/contact-sheet.jpg
20260427T022749Z	naturalist	/Users/dennisonbertram/Develop/flipbook-research/outputs/track-v/20260425T144658Z-fal-kling-fal-kling-naturalist-etching-960x540-960x540/input.png	960x540	121	24	2.0	1.0	23	0	20260427T022816Z-track-b-hybrid-sweep-naturalist-f121-p2x1-crf23-r0-960x540	pass	200.46191604342312	4.099457990378141	2.932791947387159	0.0	193.38937499560416	603.6059236996895	0.9996610960561038	0.016931811347603798	0.0012228426057845354	-1.0	/Users/dennisonbertram/Develop/flipbook-research/outputs/track-b/20260427T022816Z-track-b-hybrid-sweep-naturalist-f121-p2x1-crf23-r0-960x540/output.mp4	/Users/dennisonbertram/Develop/flipbook-research/outputs/track-b/20260427T022816Z-track-b-hybrid-sweep-naturalist-f121-p2x1-crf23-r0-960x540/contact-sheet.jpg
20260427T022749Z	naturalist	/Users/dennisonbertram/Develop/flipbook-research/outputs/track-v/20260425T144658Z-fal-kling-fal-kling-naturalist-etching-960x540-960x540/input.png	960x540	121	24	2.0	1.0	23	1	20260427T022816Z-track-b-hybrid-sweep-naturalist-f121-p2x1-crf23-r1-960x540	pass	188.0251249531284	4.5443749986588955	2.7881659334525466	0.0	180.6637920672074	643.5310176241783	0.9996610960561038	0.016931811347603798	0.0012228426057845354	-1.0	/Users/dennisonbertram/Develop/flipbook-research/outputs/track-b/20260427T022816Z-track-b-hybrid-sweep-naturalist-f121-p2x1-crf23-r1-960x540/output.mp4	/Users/dennisonbertram/Develop/flipbook-research/outputs/track-b/20260427T022816Z-track-b-hybrid-sweep-naturalist-f121-p2x1-crf23-r1-960x540/contact-sheet.jpg
20260427T022749Z	naturalist	/Users/dennisonbertram/Develop/flipbook-research/outputs/track-v/20260425T144658Z-fal-kling-fal-kling-naturalist-etching-960x540-960x540/input.png	960x540	121	24	2.0	1.0	28	0	20260427T022817Z-track-b-hybrid-sweep-naturalist-f121-p2x1-crf28-r0-960x540	pass	223.42654189560562	3.841000027023256	2.99070798791945	0.0	216.56412491574883	541.5650216550205	0.9996595942117029	0.016853705048561096	0.0015846268506720662	-1.0	/Users/dennisonbertram/Develop/flipbook-research/outputs/track-b/20260427T022817Z-track-b-hybrid-sweep-naturalist-f121-p2x1-crf28-r0-960x540/output.mp4	/Users/dennisonbertram/Develop/flipbook-research/outputs/track-b/20260427T022817Z-track-b-hybrid-sweep-naturalist-f121-p2x1-crf28-r0-960x540/contact-sheet.jpg
20260427T022749Z	naturalist	/Users/dennisonbertram/Develop/flipbook-research/outputs/track-v/20260425T144658Z-fal-kling-fal-kling-naturalist-etching-960x540-960x540/input.png	960x540	121	24	2.0	1.0	28	1	20260427T022818Z-track-b-hybrid-sweep-naturalist-f121-p2x1-crf28-r1-960x540	pass	161.37237509246916	3.8105830317363143	2.820707974024117	0.0	154.70891597215086	749.8185481292254	0.9996595942117029	0.016853705048561096	0.0015846268506720662	-1.0	/Users/dennisonbertram/Develop/flipbook-research/outputs/track-b/20260427T022818Z-track-b-hybrid-sweep-naturalist-f121-p2x1-crf28-r1-960x540/output.mp4	/Users/dennisonbertram/Develop/flipbook-research/outputs/track-b/20260427T022818Z-track-b-hybrid-sweep-naturalist-f121-p2x1-crf28-r1-960x540/contact-sheet.jpg
20260427T022749Z	naturalist	/Users/dennisonbertram/Develop/flipbook-research/outputs/track-v/20260425T144658Z-fal-kling-fal-kling-naturalist-etching-960x540-960x540/input.png	960x540	121	24	3.0	1.5	18	0	20260427T022818Z-track-b-hybrid-sweep-naturalist-f121-p3x1-5-crf18-r0-960x540	pass	173.3210840029642	4.146457999013364	2.7810829924419522	0.0	166.36687493883073	698.1262591106955	0.999196670301966	0.02653791382908821	0.0007897603791207075	-1.0	/Users/dennisonbertram/Develop/flipbook-research/outputs/track-b/20260427T022818Z-track-b-hybrid-sweep-naturalist-f121-p3x1-5-crf18-r0-960x540/output.mp4	/Users/dennisonbertram/Develop/flipbook-research/outputs/track-b/20260427T022818Z-track-b-hybrid-sweep-naturalist-f121-p3x1-5-crf18-r0-960x540/contact-sheet.jpg
20260427T022749Z	naturalist	/Users/dennisonbertram/Develop/flipbook-research/outputs/track-v/20260425T144658Z-fal-kling-fal-kling-naturalist-etching-960x540-960x540/input.png	960x540	121	24	3.0	1.5	18	1	20260427T022819Z-track-b-hybrid-sweep-naturalist-f121-p3x1-5-crf18-r1-960x540	pass	173.156583099626	3.619000082835555	2.711749984882772	0.0	166.79300006944686	698.7894877226954	0.999196670301966	0.02653791382908821	0.0007897603791207075	-1.0	/Users/dennisonbertram/Develop/flipbook-research/outputs/track-b/20260427T022819Z-track-b-hybrid-sweep-naturalist-f121-p3x1-5-crf18-r1-960x540/output.mp4	/Users/dennisonbertram/Develop/flipbook-research/outputs/track-b/20260427T022819Z-track-b-hybrid-sweep-naturalist-f121-p3x1-5-crf18-r1-960x540/contact-sheet.jpg
20260427T022749Z	naturalist	/Users/dennisonbertram/Develop/flipbook-research/outputs/track-v/20260425T144658Z-fal-kling-fal-kling-naturalist-etching-960x540-960x540/input.png	960x540	121	24	3.0	1.5	23	0	20260427T022820Z-track-b-hybrid-sweep-naturalist-f121-p3x1-5-crf23-r0-960x540	pass	166.3370419992134	3.627041936852038	2.644167048856616	0.0	160.03808402456343	727.4386904185311	0.9991970287974364	0.026531485840678215	0.0012423216830939054	-1.0	/Users/dennisonbertram/Develop/flipbook-research/outputs/track-b/20260427T022820Z-track-b-hybrid-sweep-naturalist-f121-p3x1-5-crf23-r0-960x540/output.mp4	/Users/dennisonbertram/Develop/flipbook-research/outputs/track-b/20260427T022820Z-track-b-hybrid-sweep-naturalist-f121-p3x1-5-crf23-r0-960x540/contact-sheet.jpg
20260427T022749Z	naturalist	/Users/dennisonbertram/Develop/flipbook-research/outputs/track-v/20260425T144658Z-fal-kling-fal-kling-naturalist-etching-960x540-960x540/input.png	960x540	121	24	3.0	1.5	23	1	20260427T022820Z-track-b-hybrid-sweep-naturalist-f121-p3x1-5-crf23-r1-960x540	pass	170.30250001698732	3.825583029538393	2.971958019770682	0.0	163.47545897588134	710.5004329820789	0.9991970287974364	0.026531485840678215	0.0012423216830939054	-1.0	/Users/dennisonbertram/Develop/flipbook-research/outputs/track-b/20260427T022820Z-track-b-hybrid-sweep-naturalist-f121-p3x1-5-crf23-r1-960x540/output.mp4	/Users/dennisonbertram/Develop/flipbook-research/outputs/track-b/20260427T022820Z-track-b-hybrid-sweep-naturalist-f121-p3x1-5-crf23-r1-960x540/contact-sheet.jpg
20260427T022749Z	naturalist	/Users/dennisonbertram/Develop/flipbook-research/outputs/track-v/20260425T144658Z-fal-kling-fal-kling-naturalist-etching-960x540-960x540/input.png	960x540	121	24	3.0	1.5	28	0	20260427T022821Z-track-b-hybrid-sweep-naturalist-f121-p3x1-5-crf28-r0-960x540	pass	169.94104196783155	4.379333928227425	2.782709081657231	0.0	162.75079199112952	712.0116400304543	0.9991964386417883	0.026402883231639862	0.0016171553870663047	-1.0	/Users/dennisonbertram/Develop/flipbook-research/outputs/track-b/20260427T022821Z-track-b-hybrid-sweep-naturalist-f121-p3x1-5-crf28-r0-960x540/output.mp4	/Users/dennisonbertram/Develop/flipbook-research/outputs/track-b/20260427T022821Z-track-b-hybrid-sweep-naturalist-f121-p3x1-5-crf28-r0-960x540/contact-sheet.jpg
20260427T022749Z	naturalist	/Users/dennisonbertram/Develop/flipbook-research/outputs/track-v/20260425T144658Z-fal-kling-fal-kling-naturalist-etching-960x540-960x540/input.png	960x540	121	24	3.0	1.5	28	1	20260427T022822Z-track-b-hybrid-sweep-naturalist-f121-p3x1-5-crf28-r1-960x540	pass	163.9054169645533	3.864708007313311	3.1267920276150107	0.0	156.8850000621751	738.2306347212908	0.9991964386417883	0.026402883231639862	0.0016171553870663047	-1.0	/Users/dennisonbertram/Develop/flipbook-research/outputs/track-b/20260427T022822Z-track-b-hybrid-sweep-naturalist-f121-p3x1-5-crf28-r1-960x540/output.mp4	/Users/dennisonbertram/Develop/flipbook-research/outputs/track-b/20260427T022822Z-track-b-hybrid-sweep-naturalist-f121-p3x1-5-crf28-r1-960x540/contact-sheet.jpg
20260427T022749Z	canal	/Users/dennisonbertram/Develop/flipbook-research/outputs/track-v/20260425T135104Z-fal-kling-canal-city-illustration-960x540/input.png	960x540	33	24	1.0	0.5	18	0	20260427T022822Z-track-b-hybrid-sweep-canal-f33-p1x0-5-crf18-r0-960x540	pass	121.9650839921087	3.2660410506650805	2.6660829316824675	0.0	115.9939169883728	270.56923932537234	0.999865793350735	0.01306376326829195	0.0008905607392080128	-1.0	/Users/dennisonbertram/Develop/flipbook-research/outputs/track-b/20260427T022822Z-track-b-hybrid-sweep-canal-f33-p1x0-5-crf18-r0-960x540/output.mp4	/Users/dennisonbertram/Develop/flipbook-research/outputs/track-b/20260427T022822Z-track-b-hybrid-sweep-canal-f33-p1x0-5-crf18-r0-960x540/contact-sheet.jpg
20260427T022749Z	canal	/Users/dennisonbertram/Develop/flipbook-research/outputs/track-v/20260425T135104Z-fal-kling-canal-city-illustration-960x540/input.png	960x540	33	24	1.0	0.5	18	1	20260427T022823Z-track-b-hybrid-sweep-canal-f33-p1x0-5-crf18-r1-960x540	pass	100.07820802275091	3.798083052970469	2.6948750019073486	0.0	93.56108296196908	329.742115211516	0.999865793350735	0.01306376326829195	0.0008905607392080128	-1.0	/Users/dennisonbertram/Develop/flipbook-research/outputs/track-b/20260427T022823Z-track-b-hybrid-sweep-canal-f33-p1x0-5-crf18-r1-960x540/output.mp4	/Users/dennisonbertram/Develop/flipbook-research/outputs/track-b/20260427T022823Z-track-b-hybrid-sweep-canal-f33-p1x0-5-crf18-r1-960x540/contact-sheet.jpg
20260427T022749Z	canal	/Users/dennisonbertram/Develop/flipbook-research/outputs/track-v/20260425T135104Z-fal-kling-canal-city-illustration-960x540/input.png	960x540	33	24	1.0	0.5	23	0	20260427T022824Z-track-b-hybrid-sweep-canal-f33-p1x0-5-crf23-r0-960x540	pass	110.01974996179342	4.608749994076788	3.0779580119997263	0.0	102.29758301284164	299.94614613703374	0.9998649550481865	0.013082864694297314	0.0013298837002366781	-1.0	/Users/dennisonbertram/Develop/flipbook-research/outputs/track-b/20260427T022824Z-track-b-hybrid-sweep-canal-f33-p1x0-5-crf23-r0-960x540/output.mp4	/Users/dennisonbertram/Develop/flipbook-research/outputs/track-b/20260427T022824Z-track-b-hybrid-sweep-canal-f33-p1x0-5-crf23-r0-960x540/contact-sheet.jpg
20260427T022749Z	canal	/Users/dennisonbertram/Develop/flipbook-research/outputs/track-v/20260425T135104Z-fal-kling-canal-city-illustration-960x540/input.png	960x540	33	24	1.0	0.5	23	1	20260427T022824Z-track-b-hybrid-sweep-canal-f33-p1x0-5-crf23-r1-960x540	pass	117.82137502450496	4.175125039182603	4.48358291760087	0.0	109.11937500350177	280.0850014960064	0.9998649550481865	0.013082864694297314	0.0013298837002366781	-1.0	/Users/dennisonbertram/Develop/flipbook-research/outputs/track-b/20260427T022824Z-track-b-hybrid-sweep-canal-f33-p1x0-5-crf23-r1-960x540/output.mp4	/Users/dennisonbertram/Develop/flipbook-research/outputs/track-b/20260427T022824Z-track-b-hybrid-sweep-canal-f33-p1x0-5-crf23-r1-960x540/contact-sheet.jpg
20260427T022749Z	canal	/Users/dennisonbertram/Develop/flipbook-research/outputs/track-v/20260425T135104Z-fal-kling-canal-city-illustration-960x540/input.png	960x540	33	24	1.0	0.5	28	0	20260427T022825Z-track-b-hybrid-sweep-canal-f33-p1x0-5-crf28-r0-960x540	pass	111.7564169690013	4.342832951806486	3.2786669908091426	0.0	104.08420895691961	295.2850574043856	0.9998634910468915	0.013073408976197243	0.002029434312134981	-1.0	/Users/dennisonbertram/Develop/flipbook-research/outputs/track-b/20260427T022825Z-track-b-hybrid-sweep-canal-f33-p1x0-5-crf28-r0-960x540/output.mp4	/Users/dennisonbertram/Develop/flipbook-research/outputs/track-b/20260427T022825Z-track-b-hybrid-sweep-canal-f33-p1x0-5-crf28-r0-960x540/contact-sheet.jpg
20260427T022749Z	canal	/Users/dennisonbertram/Develop/flipbook-research/outputs/track-v/20260425T135104Z-fal-kling-canal-city-illustration-960x540/input.png	960x540	33	24	1.0	0.5	28	1	20260427T022826Z-track-b-hybrid-sweep-canal-f33-p1x0-5-crf28-r1-960x540	pass	113.5148749453947	4.4937500497326255	3.146457951515913	0.0	105.84233293775469	290.71079905496396	0.9998634910468915	0.013073408976197243	0.002029434312134981	-1.0	/Users/dennisonbertram/Develop/flipbook-research/outputs/track-b/20260427T022826Z-track-b-hybrid-sweep-canal-f33-p1x0-5-crf28-r1-960x540/output.mp4	/Users/dennisonbertram/Develop/flipbook-research/outputs/track-b/20260427T022826Z-track-b-hybrid-sweep-canal-f33-p1x0-5-crf28-r1-960x540/contact-sheet.jpg
20260427T022749Z	canal	/Users/dennisonbertram/Develop/flipbook-research/outputs/track-v/20260425T135104Z-fal-kling-canal-city-illustration-960x540/input.png	960x540	33	24	2.0	1.0	18	0	20260427T022826Z-track-b-hybrid-sweep-canal-f33-p2x1-crf18-r0-960x540	pass	111.28387495409697	4.118915996514261	3.1126249814406037	0.0	104.00866705458611	296.53891917056296	0.9993382461986434	0.029826125130057335	0.0009011513320729136	-1.0	/Users/dennisonbertram/Develop/flipbook-research/outputs/track-b/20260427T022826Z-track-b-hybrid-sweep-canal-f33-p2x1-crf18-r0-960x540/output.mp4	/Users/dennisonbertram/Develop/flipbook-research/outputs/track-b/20260427T022826Z-track-b-hybrid-sweep-canal-f33-p2x1-crf18-r0-960x540/contact-sheet.jpg
20260427T022749Z	canal	/Users/dennisonbertram/Develop/flipbook-research/outputs/track-v/20260425T135104Z-fal-kling-canal-city-illustration-960x540/input.png	960x540	33	24	2.0	1.0	18	1	20260427T022827Z-track-b-hybrid-sweep-canal-f33-p2x1-crf18-r1-960x540	pass	108.78737503662705	3.6934170639142394	2.774834050796926	0.0	102.29066608007997	303.3440230439369	0.9993382461986434	0.029826125130057335	0.0009011513320729136	-1.0	/Users/dennisonbertram/Develop/flipbook-research/outputs/track-b/20260427T022827Z-track-b-hybrid-sweep-canal-f33-p2x1-crf18-r1-960x540/output.mp4	/Users/dennisonbertram/Develop/flipbook-research/outputs/track-b/20260427T022827Z-track-b-hybrid-sweep-canal-f33-p2x1-crf18-r1-960x540/contact-sheet.jpg
20260427T022749Z	canal	/Users/dennisonbertram/Develop/flipbook-research/outputs/track-v/20260425T135104Z-fal-kling-canal-city-illustration-960x540/input.png	960x540	33	24	2.0	1.0	23	0	20260427T022828Z-track-b-hybrid-sweep-canal-f33-p2x1-crf23-r0-960x540	pass	108.71000005863607	3.7819159915670753	4.249999998137355	0.0	100.61016702093184	303.55992992549386	0.9993380538022137	0.0297792237251997	0.001320806099101901	-1.0	/Users/dennisonbertram/Develop/flipbook-research/outputs/track-b/20260427T022828Z-track-b-hybrid-sweep-canal-f33-p2x1-crf23-r0-960x540/output.mp4	/Users/dennisonbertram/Develop/flipbook-research/outputs/track-b/20260427T022828Z-track-b-hybrid-sweep-canal-f33-p2x1-crf23-r0-960x540/contact-sheet.jpg
20260427T022749Z	canal	/Users/dennisonbertram/Develop/flipbook-research/outputs/track-v/20260425T135104Z-fal-kling-canal-city-illustration-960x540/input.png	960x540	33	24	2.0	1.0	23	1	20260427T022828Z-track-b-hybrid-sweep-canal-f33-p2x1-crf23-r1-960x540	pass	105.6858329102397	3.842958016321063	2.726166043430567	0.0	99.089749972336	312.2462026488197	0.9993380538022137	0.0297792237251997	0.001320806099101901	-1.0	/Users/dennisonbertram/Develop/flipbook-research/outputs/track-b/20260427T022828Z-track-b-hybrid-sweep-canal-f33-p2x1-crf23-r1-960x540/output.mp4	/Users/dennisonbertram/Develop/flipbook-research/outputs/track-b/20260427T022828Z-track-b-hybrid-sweep-canal-f33-p2x1-crf23-r1-960x540/contact-sheet.jpg
20260427T022749Z	canal	/Users/dennisonbertram/Develop/flipbook-research/outputs/track-v/20260425T135104Z-fal-kling-canal-city-illustration-960x540/input.png	960x540	33	24	2.0	1.0	28	0	20260427T022829Z-track-b-hybrid-sweep-canal-f33-p2x1-crf28-r0-960x540	pass	111.72066605649889	3.7473340053111315	3.2709999941289425	0.0	104.66324992012233	295.3795494139946	0.9993376871874343	0.02962244302034378	0.0019787505734711885	-1.0	/Users/dennisonbertram/Develop/flipbook-research/outputs/track-b/20260427T022829Z-track-b-hybrid-sweep-canal-f33-p2x1-crf28-r0-960x540/output.mp4	/Users/dennisonbertram/Develop/flipbook-research/outputs/track-b/20260427T022829Z-track-b-hybrid-sweep-canal-f33-p2x1-crf28-r0-960x540/contact-sheet.jpg
20260427T022749Z	canal	/Users/dennisonbertram/Develop/flipbook-research/outputs/track-v/20260425T135104Z-fal-kling-canal-city-illustration-960x540/input.png	960x540	33	24	2.0	1.0	28	1	20260427T022830Z-track-b-hybrid-sweep-canal-f33-p2x1-crf28-r1-960x540	pass	99.81370798777789	3.7880829768255353	2.883250010199845	0.0	93.10900000855327	330.61591103339055	0.9993376871874343	0.02962244302034378	0.0019787505734711885	-1.0	/Users/dennisonbertram/Develop/flipbook-research/outputs/track-b/20260427T022830Z-track-b-hybrid-sweep-canal-f33-p2x1-crf28-r1-960x540/output.mp4	/Users/dennisonbertram/Develop/flipbook-research/outputs/track-b/20260427T022830Z-track-b-hybrid-sweep-canal-f33-p2x1-crf28-r1-960x540/contact-sheet.jpg
20260427T022749Z	canal	/Users/dennisonbertram/Develop/flipbook-research/outputs/track-v/20260425T135104Z-fal-kling-canal-city-illustration-960x540/input.png	960x540	33	24	3.0	1.5	18	0	20260427T022830Z-track-b-hybrid-sweep-canal-f33-p3x1-5-crf18-r0-960x540	pass	101.22104093898088	3.8924169493839145	2.67687498126179	0.0	94.61695898789912	326.01917243563423	0.9982976284154512	0.04721125587821007	0.0008954777731560171	-1.0	/Users/dennisonbertram/Develop/flipbook-research/outputs/track-b/20260427T022830Z-track-b-hybrid-sweep-canal-f33-p3x1-5-crf18-r0-960x540/output.mp4	/Users/dennisonbertram/Develop/flipbook-research/outputs/track-b/20260427T022830Z-track-b-hybrid-sweep-canal-f33-p3x1-5-crf18-r0-960x540/contact-sheet.jpg
20260427T022749Z	canal	/Users/dennisonbertram/Develop/flipbook-research/outputs/track-v/20260425T135104Z-fal-kling-canal-city-illustration-960x540/input.png	960x540	33	24	3.0	1.5	18	1	20260427T022831Z-track-b-hybrid-sweep-canal-f33-p3x1-5-crf18-r1-960x540	pass	102.02645894605666	4.038959043100476	2.948499983176589	0.0	95.0124169467017	323.44550953638145	0.9982976284154512	0.04721125587821007	0.0008954777731560171	-1.0	/Users/dennisonbertram/Develop/flipbook-research/outputs/track-b/20260427T022831Z-track-b-hybrid-sweep-canal-f33-p3x1-5-crf18-r1-960x540/output.mp4	/Users/dennisonbertram/Develop/flipbook-research/outputs/track-b/20260427T022831Z-track-b-hybrid-sweep-canal-f33-p3x1-5-crf18-r1-960x540/contact-sheet.jpg
20260427T022749Z	canal	/Users/dennisonbertram/Develop/flipbook-research/outputs/track-v/20260425T135104Z-fal-kling-canal-city-illustration-960x540/input.png	960x540	33	24	3.0	1.5	23	0	20260427T022832Z-track-b-hybrid-sweep-canal-f33-p3x1-5-crf23-r0-960x540	pass	93.18779199384153	3.706958028487861	2.690874971449375	0.0	86.76554192788899	354.1236388794453	0.9982989438652886	0.04713163524866104	0.001343878568150103	-1.0	/Users/dennisonbertram/Develop/flipbook-research/outputs/track-b/20260427T022832Z-track-b-hybrid-sweep-canal-f33-p3x1-5-crf23-r0-960x540/output.mp4	/Users/dennisonbertram/Develop/flipbook-research/outputs/track-b/20260427T022832Z-track-b-hybrid-sweep-canal-f33-p3x1-5-crf23-r0-960x540/contact-sheet.jpg
20260427T022749Z	canal	/Users/dennisonbertram/Develop/flipbook-research/outputs/track-v/20260425T135104Z-fal-kling-canal-city-illustration-960x540/input.png	960x540	33	24	3.0	1.5	23	1	20260427T022832Z-track-b-hybrid-sweep-canal-f33-p3x1-5-crf23-r1-960x540	pass	95.84833402186632	3.706500050611794	2.833792008459568	0.0	89.24075006507337	344.29393412796884	0.9982989438652886	0.04713163524866104	0.001343878568150103	-1.0	/Users/dennisonbertram/Develop/flipbook-research/outputs/track-b/20260427T022832Z-track-b-hybrid-sweep-canal-f33-p3x1-5-crf23-r1-960x540/output.mp4	/Users/dennisonbertram/Develop/flipbook-research/outputs/track-b/20260427T022832Z-track-b-hybrid-sweep-canal-f33-p3x1-5-crf23-r1-960x540/contact-sheet.jpg
20260427T022749Z	canal	/Users/dennisonbertram/Develop/flipbook-research/outputs/track-v/20260425T135104Z-fal-kling-canal-city-illustration-960x540/input.png	960x540	33	24	3.0	1.5	28	0	20260427T022833Z-track-b-hybrid-sweep-canal-f33-p3x1-5-crf28-r0-960x540	pass	93.15912495367229	3.7100419867783785	2.9643330490216613	0.0	86.44687500782311	354.23261023985344	0.9983007940877237	0.04686819389462471	0.002014115685597062	-1.0	/Users/dennisonbertram/Develop/flipbook-research/outputs/track-b/20260427T022833Z-track-b-hybrid-sweep-canal-f33-p3x1-5-crf28-r0-960x540/output.mp4	/Users/dennisonbertram/Develop/flipbook-research/outputs/track-b/20260427T022833Z-track-b-hybrid-sweep-canal-f33-p3x1-5-crf28-r0-960x540/contact-sheet.jpg
20260427T022749Z	canal	/Users/dennisonbertram/Develop/flipbook-research/outputs/track-v/20260425T135104Z-fal-kling-canal-city-illustration-960x540/input.png	960x540	33	24	3.0	1.5	28	1	20260427T022833Z-track-b-hybrid-sweep-canal-f33-p3x1-5-crf28-r1-960x540	pass	91.31133405026048	3.575249924324453	3.0020419508218765	0.0	84.70566594041884	361.40091855229946	0.9983007940877237	0.04686819389462471	0.002014115685597062	-1.0	/Users/dennisonbertram/Develop/flipbook-research/outputs/track-b/20260427T022833Z-track-b-hybrid-sweep-canal-f33-p3x1-5-crf28-r1-960x540/output.mp4	/Users/dennisonbertram/Develop/flipbook-research/outputs/track-b/20260427T022833Z-track-b-hybrid-sweep-canal-f33-p3x1-5-crf28-r1-960x540/contact-sheet.jpg
20260427T022749Z	canal	/Users/dennisonbertram/Develop/flipbook-research/outputs/track-v/20260425T135104Z-fal-kling-canal-city-illustration-960x540/input.png	960x540	65	24	1.0	0.5	18	0	20260427T022834Z-track-b-hybrid-sweep-canal-f65-p1x0-5-crf18-r0-960x540	pass	137.95645791105926	3.881957964040339	2.762540942057967	0.0	131.28483400214463	471.1631552754537	0.9998657500870669	0.013057522475719452	0.000877700571436435	-1.0	/Users/dennisonbertram/Develop/flipbook-research/outputs/track-b/20260427T022834Z-track-b-hybrid-sweep-canal-f65-p1x0-5-crf18-r0-960x540/output.mp4	/Users/dennisonbertram/Develop/flipbook-research/outputs/track-b/20260427T022834Z-track-b-hybrid-sweep-canal-f65-p1x0-5-crf18-r0-960x540/contact-sheet.jpg
20260427T022749Z	canal	/Users/dennisonbertram/Develop/flipbook-research/outputs/track-v/20260425T135104Z-fal-kling-canal-city-illustration-960x540/input.png	960x540	65	24	1.0	0.5	18	1	20260427T022835Z-track-b-hybrid-sweep-canal-f65-p1x0-5-crf18-r1-960x540	pass	123.75975004397333	3.4708750899881124	2.618582919239998	0.0	117.6475000102073	525.2111447938827	0.9998657500870669	0.013057522475719452	0.000877700571436435	-1.0	/Users/dennisonbertram/Develop/flipbook-research/outputs/track-b/20260427T022835Z-track-b-hybrid-sweep-canal-f65-p1x0-5-crf18-r1-960x540/output.mp4	/Users/dennisonbertram/Develop/flipbook-research/outputs/track-b/20260427T022835Z-track-b-hybrid-sweep-canal-f65-p1x0-5-crf18-r1-960x540/contact-sheet.jpg
20260427T022749Z	canal	/Users/dennisonbertram/Develop/flipbook-research/outputs/track-v/20260425T135104Z-fal-kling-canal-city-illustration-960x540/input.png	960x540	65	24	1.0	0.5	23	0	20260427T022835Z-track-b-hybrid-sweep-canal-f65-p1x0-5-crf23-r0-960x540	pass	133.64637503400445	3.7123749498277903	2.945458050817251	0.0	126.95908301975578	486.35812219719134	0.9998652091795369	0.013071517460048199	0.0013514433521777391	-1.0	/Users/dennisonbertram/Develop/flipbook-research/outputs/track-b/20260427T022835Z-track-b-hybrid-sweep-canal-f65-p1x0-5-crf23-r0-960x540/output.mp4	/Users/dennisonbertram/Develop/flipbook-research/outputs/track-b/20260427T022835Z-track-b-hybrid-sweep-canal-f65-p1x0-5-crf23-r0-960x540/contact-sheet.jpg
20260427T022749Z	canal	/Users/dennisonbertram/Develop/flipbook-research/outputs/track-v/20260425T135104Z-fal-kling-canal-city-illustration-960x540/input.png	960x540	65	24	1.0	0.5	23	1	20260427T022836Z-track-b-hybrid-sweep-canal-f65-p1x0-5-crf23-r1-960x540	pass	125.06562506314367	4.220333998091519	3.098999965004623	0.0	117.71112494170666	519.7271429873917	0.9998652091795369	0.013071517460048199	0.0013514433521777391	-1.0	/Users/dennisonbertram/Develop/flipbook-research/outputs/track-b/20260427T022836Z-track-b-hybrid-sweep-canal-f65-p1x0-5-crf23-r1-960x540/output.mp4	/Users/dennisonbertram/Develop/flipbook-research/outputs/track-b/20260427T022836Z-track-b-hybrid-sweep-canal-f65-p1x0-5-crf23-r1-960x540/contact-sheet.jpg
20260427T022749Z	canal	/Users/dennisonbertram/Develop/flipbook-research/outputs/track-v/20260425T135104Z-fal-kling-canal-city-illustration-960x540/input.png	960x540	65	24	1.0	0.5	28	0	20260427T022837Z-track-b-hybrid-sweep-canal-f65-p1x0-5-crf28-r0-960x540	pass	128.11116606462747	3.7633749889209867	2.8288749745115638	0.0	121.48766708560288	507.37185521525765	0.999863369164674	0.013081351295113564	0.002007685601711273	-1.0	/Users/dennisonbertram/Develop/flipbook-research/outputs/track-b/20260427T022837Z-track-b-hybrid-sweep-canal-f65-p1x0-5-crf28-r0-960x540/output.mp4	/Users/dennisonbertram/Develop/flipbook-research/outputs/track-b/20260427T022837Z-track-b-hybrid-sweep-canal-f65-p1x0-5-crf28-r0-960x540/contact-sheet.jpg
20260427T022749Z	canal	/Users/dennisonbertram/Develop/flipbook-research/outputs/track-v/20260425T135104Z-fal-kling-canal-city-illustration-960x540/input.png	960x540	65	24	1.0	0.5	28	1	20260427T022837Z-track-b-hybrid-sweep-canal-f65-p1x0-5-crf28-r1-960x540	pass	119.59862499497831	3.682374954223633	2.8745420277118683	0.0	113.0143750924617	543.484509146566	0.999863369164674	0.013081351295113564	0.002007685601711273	-1.0	/Users/dennisonbertram/Develop/flipbook-research/outputs/track-b/20260427T022837Z-track-b-hybrid-sweep-canal-f65-p1x0-5-crf28-r1-960x540/output.mp4	/Users/dennisonbertram/Develop/flipbook-research/outputs/track-b/20260427T022837Z-track-b-hybrid-sweep-canal-f65-p1x0-5-crf28-r1-960x540/contact-sheet.jpg
20260427T022749Z	canal	/Users/dennisonbertram/Develop/flipbook-research/outputs/track-v/20260425T135104Z-fal-kling-canal-city-illustration-960x540/input.png	960x540	65	24	2.0	1.0	18	0	20260427T022838Z-track-b-hybrid-sweep-canal-f65-p2x1-crf18-r0-960x540	pass	151.67225000914186	3.9354159962385893	2.800624934025109	0.0	144.9093329720199	428.5556520463183	0.9993384476511903	0.029827069491147995	0.0008735400042496622	-1.0	/Users/dennisonbertram/Develop/flipbook-research/outputs/track-b/20260427T022838Z-track-b-hybrid-sweep-canal-f65-p2x1-crf18-r0-960x540/output.mp4	/Users/dennisonbertram/Develop/flipbook-research/outputs/track-b/20260427T022838Z-track-b-hybrid-sweep-canal-f65-p2x1-crf18-r0-960x540/contact-sheet.jpg
20260427T022749Z	canal	/Users/dennisonbertram/Develop/flipbook-research/outputs/track-v/20260425T135104Z-fal-kling-canal-city-illustration-960x540/input.png	960x540	65	24	2.0	1.0	18	1	20260427T022839Z-track-b-hybrid-sweep-canal-f65-p2x1-crf18-r1-960x540	pass	146.54470805544406	3.991125035099685	3.5267920466139913	0.0	138.98083299864084	443.5506465058278	0.9993384476511903	0.029827069491147995	0.0008735400042496622	-1.0	/Users/dennisonbertram/Develop/flipbook-research/outputs/track-b/20260427T022839Z-track-b-hybrid-sweep-canal-f65-p2x1-crf18-r1-960x540/output.mp4	/Users/dennisonbertram/Develop/flipbook-research/outputs/track-b/20260427T022839Z-track-b-hybrid-sweep-canal-f65-p2x1-crf18-r1-960x540/contact-sheet.jpg
20260427T022749Z	canal	/Users/dennisonbertram/Develop/flipbook-research/outputs/track-v/20260425T135104Z-fal-kling-canal-city-illustration-960x540/input.png	960x540	65	24	2.0	1.0	23	0	20260427T022839Z-track-b-hybrid-sweep-canal-f65-p2x1-crf23-r0-960x540	pass	133.0238749505952	3.86195897590369	2.682166057638824	0.0	126.453583012335	488.6340893628371	0.9993379065088472	0.029772792011499405	0.0013382050674408674	-1.0	/Users/dennisonbertram/Develop/flipbook-research/outputs/track-b/20260427T022839Z-track-b-hybrid-sweep-canal-f65-p2x1-crf23-r0-960x540/output.mp4	/Users/dennisonbertram/Develop/flipbook-research/outputs/track-b/20260427T022839Z-track-b-hybrid-sweep-canal-f65-p2x1-crf23-r0-960x540/contact-sheet.jpg
20260427T022749Z	canal	/Users/dennisonbertram/Develop/flipbook-research/outputs/track-v/20260425T135104Z-fal-kling-canal-city-illustration-960x540/input.png	960x540	65	24	2.0	1.0	23	1	20260427T022840Z-track-b-hybrid-sweep-canal-f65-p2x1-crf23-r1-960x540	pass	125.32862497027963	3.7546249805018306	2.919374965131283	0.0	118.63079201430082	518.6365047523187	0.9993379065088472	0.029772792011499405	0.0013382050674408674	-1.0	/Users/dennisonbertram/Develop/flipbook-research/outputs/track-b/20260427T022840Z-track-b-hybrid-sweep-canal-f65-p2x1-crf23-r1-960x540/output.mp4	/Users/dennisonbertram/Develop/flipbook-research/outputs/track-b/20260427T022840Z-track-b-hybrid-sweep-canal-f65-p2x1-crf23-r1-960x540/contact-sheet.jpg
20260427T022749Z	canal	/Users/dennisonbertram/Develop/flipbook-research/outputs/track-v/20260425T135104Z-fal-kling-canal-city-illustration-960x540/input.png	960x540	65	24	2.0	1.0	28	0	20260427T022841Z-track-b-hybrid-sweep-canal-f65-p2x1-crf28-r0-960x540	pass	123.08929197024554	3.6601669853553176	3.4692500485107303	0.0	115.91425002552569	528.0719302188569	0.9993370090914464	0.029651377350091934	0.0020324604120105505	-1.0	/Users/dennisonbertram/Develop/flipbook-research/outputs/track-b/20260427T022841Z-track-b-hybrid-sweep-canal-f65-p2x1-crf28-r0-960x540/output.mp4	/Users/dennisonbertram/Develop/flipbook-research/outputs/track-b/20260427T022841Z-track-b-hybrid-sweep-canal-f65-p2x1-crf28-r0-960x540/contact-sheet.jpg
20260427T022749Z	canal	/Users/dennisonbertram/Develop/flipbook-research/outputs/track-v/20260425T135104Z-fal-kling-canal-city-illustration-960x540/input.png	960x540	65	24	2.0	1.0	28	1	20260427T022841Z-track-b-hybrid-sweep-canal-f65-p2x1-crf28-r1-960x540	pass	130.3417910821736	3.864999976940453	2.864958019927144	0.0	123.58337501063943	498.6888660983717	0.9993370090914464	0.029651377350091934	0.0020324604120105505	-1.0	/Users/dennisonbertram/Develop/flipbook-research/outputs/track-b/20260427T022841Z-track-b-hybrid-sweep-canal-f65-p2x1-crf28-r1-960x540/output.mp4	/Users/dennisonbertram/Develop/flipbook-research/outputs/track-b/20260427T022841Z-track-b-hybrid-sweep-canal-f65-p2x1-crf28-r1-960x540/contact-sheet.jpg
20260427T022749Z	canal	/Users/dennisonbertram/Develop/flipbook-research/outputs/track-v/20260425T135104Z-fal-kling-canal-city-illustration-960x540/input.png	960x540	65	24	3.0	1.5	18	0	20260427T022842Z-track-b-hybrid-sweep-canal-f65-p3x1-5-crf18-r0-960x540	pass	137.0016250293702	3.9804159896448255	2.7900829445570707	0.0	130.20725001115352	474.4469270788971	0.9982977790171316	0.047217682003974915	0.000903231673873961	-1.0	/Users/dennisonbertram/Develop/flipbook-research/outputs/track-b/20260427T022842Z-track-b-hybrid-sweep-canal-f65-p3x1-5-crf18-r0-960x540/output.mp4	/Users/dennisonbertram/Develop/flipbook-research/outputs/track-b/20260427T022842Z-track-b-hybrid-sweep-canal-f65-p3x1-5-crf18-r0-960x540/contact-sheet.jpg
20260427T022749Z	canal	/Users/dennisonbertram/Develop/flipbook-research/outputs/track-v/20260425T135104Z-fal-kling-canal-city-illustration-960x540/input.png	960x540	65	24	3.0	1.5	18	1	20260427T022843Z-track-b-hybrid-sweep-canal-f65-p3x1-5-crf18-r1-960x540	pass	125.33879198599607	3.830416942946613	2.677874988876283	0.0	118.80358401685953	518.5944348918119	0.9982977790171316	0.047217682003974915	0.000903231673873961	-1.0	/Users/dennisonbertram/Develop/flipbook-research/outputs/track-b/20260427T022843Z-track-b-hybrid-sweep-canal-f65-p3x1-5-crf18-r1-960x540/output.mp4	/Users/dennisonbertram/Develop/flipbook-research/outputs/track-b/20260427T022843Z-track-b-hybrid-sweep-canal-f65-p3x1-5-crf18-r1-960x540/contact-sheet.jpg
20260427T022749Z	canal	/Users/dennisonbertram/Develop/flipbook-research/outputs/track-v/20260425T135104Z-fal-kling-canal-city-illustration-960x540/input.png	960x540	65	24	3.0	1.5	23	0	20260427T022843Z-track-b-hybrid-sweep-canal-f65-p3x1-5-crf23-r0-960x540	pass	126.51049997657537	3.683250048197806	2.668999950401485	0.0	120.1305000577122	513.7913454775324	0.9982984177161528	0.04714884236454964	0.001327425241470337	-1.0	/Users/dennisonbertram/Develop/flipbook-research/outputs/track-b/20260427T022843Z-track-b-hybrid-sweep-canal-f65-p3x1-5-crf23-r0-960x540/output.mp4	/Users/dennisonbertram/Develop/flipbook-research/outputs/track-b/20260427T022843Z-track-b-hybrid-sweep-canal-f65-p3x1-5-crf23-r0-960x540/contact-sheet.jpg
20260427T022749Z	canal	/Users/dennisonbertram/Develop/flipbook-research/outputs/track-v/20260425T135104Z-fal-kling-canal-city-illustration-960x540/input.png	960x540	65	24	3.0	1.5	23	1	20260427T022844Z-track-b-hybrid-sweep-canal-f65-p3x1-5-crf23-r1-960x540	pass	125.05441601388156	4.21041704248637	2.838458982296288	0.0	117.9787500295788	519.7737278848651	0.9982984177161528	0.04714884236454964	0.001327425241470337	-1.0	/Users/dennisonbertram/Develop/flipbook-research/outputs/track-b/20260427T022844Z-track-b-hybrid-sweep-canal-f65-p3x1-5-crf23-r1-960x540/output.mp4	/Users/dennisonbertram/Develop/flipbook-research/outputs/track-b/20260427T022844Z-track-b-hybrid-sweep-canal-f65-p3x1-5-crf23-r1-960x540/contact-sheet.jpg
20260427T022749Z	canal	/Users/dennisonbertram/Develop/flipbook-research/outputs/track-v/20260425T135104Z-fal-kling-canal-city-illustration-960x540/input.png	960x540	65	24	3.0	1.5	28	0	20260427T022845Z-track-b-hybrid-sweep-canal-f65-p3x1-5-crf28-r0-960x540	pass	121.24337500426918	3.910540952347219	2.6967079611495137	0.0	114.60704205092043	536.1117669127178	0.9983015467951608	0.04688067361712456	0.0019931236747652292	-1.0	/Users/dennisonbertram/Develop/flipbook-research/outputs/track-b/20260427T022845Z-track-b-hybrid-sweep-canal-f65-p3x1-5-crf28-r0-960x540/output.mp4	/Users/dennisonbertram/Develop/flipbook-research/outputs/track-b/20260427T022845Z-track-b-hybrid-sweep-canal-f65-p3x1-5-crf28-r0-960x540/contact-sheet.jpg
20260427T022749Z	canal	/Users/dennisonbertram/Develop/flipbook-research/outputs/track-v/20260425T135104Z-fal-kling-canal-city-illustration-960x540/input.png	960x540	65	24	3.0	1.5	28	1	20260427T022845Z-track-b-hybrid-sweep-canal-f65-p3x1-5-crf28-r1-960x540	pass	127.13820906355977	3.8581249536946416	2.879292005673051	0.0	120.37666700780392	511.2546454662168	0.9983015467951608	0.04688067361712456	0.0019931236747652292	-1.0	/Users/dennisonbertram/Develop/flipbook-research/outputs/track-b/20260427T022845Z-track-b-hybrid-sweep-canal-f65-p3x1-5-crf28-r1-960x540/output.mp4	/Users/dennisonbertram/Develop/flipbook-research/outputs/track-b/20260427T022845Z-track-b-hybrid-sweep-canal-f65-p3x1-5-crf28-r1-960x540/contact-sheet.jpg
20260427T022749Z	canal	/Users/dennisonbertram/Develop/flipbook-research/outputs/track-v/20260425T135104Z-fal-kling-canal-city-illustration-960x540/input.png	960x540	121	24	1.0	0.5	18	0	20260427T022846Z-track-b-hybrid-sweep-canal-f121-p1x0-5-crf18-r0-960x540	pass	190.18729194067419	3.560375072993338	2.563375048339367	0.0	184.03887504246086	636.2149582409742	0.9998654952100282	0.01306319609284401	0.0008884803974069655	-1.0	/Users/dennisonbertram/Develop/flipbook-research/outputs/track-b/20260427T022846Z-track-b-hybrid-sweep-canal-f121-p1x0-5-crf18-r0-960x540/output.mp4	/Users/dennisonbertram/Develop/flipbook-research/outputs/track-b/20260427T022846Z-track-b-hybrid-sweep-canal-f121-p1x0-5-crf18-r0-960x540/contact-sheet.jpg
20260427T022749Z	canal	/Users/dennisonbertram/Develop/flipbook-research/outputs/track-v/20260425T135104Z-fal-kling-canal-city-illustration-960x540/input.png	960x540	121	24	1.0	0.5	18	1	20260427T022847Z-track-b-hybrid-sweep-canal-f121-p1x0-5-crf18-r1-960x540	pass	188.47708404064178	4.0481670293956995	3.151416894979775	0.0	181.23762507457286	641.9878608367502	0.9998654952100282	0.01306319609284401	0.0008884803974069655	-1.0	/Users/dennisonbertram/Develop/flipbook-research/outputs/track-b/20260427T022847Z-track-b-hybrid-sweep-canal-f121-p1x0-5-crf18-r1-960x540/output.mp4	/Users/dennisonbertram/Develop/flipbook-research/outputs/track-b/20260427T022847Z-track-b-hybrid-sweep-canal-f121-p1x0-5-crf18-r1-960x540/contact-sheet.jpg
20260427T022749Z	canal	/Users/dennisonbertram/Develop/flipbook-research/outputs/track-v/20260425T135104Z-fal-kling-canal-city-illustration-960x540/input.png	960x540	121	24	1.0	0.5	23	0	20260427T022848Z-track-b-hybrid-sweep-canal-f121-p1x0-5-crf23-r0-960x540	pass	179.6749170171097	3.4329580375924706	2.6135409716516733	0.0	173.60633297357708	673.4384632468074	0.9998651377364608	0.01308097317814827	0.001345202443189919	-1.0	/Users/dennisonbertram/Develop/flipbook-research/outputs/track-b/20260427T022848Z-track-b-hybrid-sweep-canal-f121-p1x0-5-crf23-r0-960x540/output.mp4	/Users/dennisonbertram/Develop/flipbook-research/outputs/track-b/20260427T022848Z-track-b-hybrid-sweep-canal-f121-p1x0-5-crf23-r0-960x540/contact-sheet.jpg
20260427T022749Z	canal	/Users/dennisonbertram/Develop/flipbook-research/outputs/track-v/20260425T135104Z-fal-kling-canal-city-illustration-960x540/input.png	960x540	121	24	1.0	0.5	23	1	20260427T022848Z-track-b-hybrid-sweep-canal-f121-p1x0-5-crf23-r1-960x540	pass	196.97704201098531	3.5444169770926237	2.6933749904856086	0.0	190.71012502536178	614.284785499276	0.9998651377364608	0.01308097317814827	0.001345202443189919	-1.0	/Users/dennisonbertram/Develop/flipbook-research/outputs/track-b/20260427T022848Z-track-b-hybrid-sweep-canal-f121-p1x0-5-crf23-r1-960x540/output.mp4	/Users/dennisonbertram/Develop/flipbook-research/outputs/track-b/20260427T022848Z-track-b-hybrid-sweep-canal-f121-p1x0-5-crf23-r1-960x540/contact-sheet.jpg
20260427T022749Z	canal	/Users/dennisonbertram/Develop/flipbook-research/outputs/track-v/20260425T135104Z-fal-kling-canal-city-illustration-960x540/input.png	960x540	121	24	1.0	0.5	28	0	20260427T022849Z-track-b-hybrid-sweep-canal-f121-p1x0-5-crf28-r0-960x540	pass	176.9852089928463	3.682374954223633	2.8484580107033253	0.0	170.42916698846966	683.672950347454	0.9998632020449526	0.013097047805786133	0.0020256522111594677	-1.0	/Users/dennisonbertram/Develop/flipbook-research/outputs/track-b/20260427T022849Z-track-b-hybrid-sweep-canal-f121-p1x0-5-crf28-r0-960x540/output.mp4	/Users/dennisonbertram/Develop/flipbook-research/outputs/track-b/20260427T022849Z-track-b-hybrid-sweep-canal-f121-p1x0-5-crf28-r0-960x540/contact-sheet.jpg
20260427T022749Z	canal	/Users/dennisonbertram/Develop/flipbook-research/outputs/track-v/20260425T135104Z-fal-kling-canal-city-illustration-960x540/input.png	960x540	121	24	1.0	0.5	28	1	20260427T022850Z-track-b-hybrid-sweep-canal-f121-p1x0-5-crf28-r1-960x540	pass	174.42954110447317	3.6079579731449485	2.8139579808339477	0.0	167.97475004568696	693.689837362629	0.9998632020449526	0.013097047805786133	0.0020256522111594677	-1.0	/Users/dennisonbertram/Develop/flipbook-research/outputs/track-b/20260427T022850Z-track-b-hybrid-sweep-canal-f121-p1x0-5-crf28-r1-960x540/output.mp4	/Users/dennisonbertram/Develop/flipbook-research/outputs/track-b/20260427T022850Z-track-b-hybrid-sweep-canal-f121-p1x0-5-crf28-r1-960x540/contact-sheet.jpg
20260427T022749Z	canal	/Users/dennisonbertram/Develop/flipbook-research/outputs/track-v/20260425T135104Z-fal-kling-canal-city-illustration-960x540/input.png	960x540	121	24	2.0	1.0	18	0	20260427T022850Z-track-b-hybrid-sweep-canal-f121-p2x1-crf18-r0-960x540	pass	184.14416699670255	3.646792029030621	2.5563340168446302	0.0	177.9133330564946	657.0938519174856	0.999338426877486	0.029835013672709465	0.0008924518479034305	-1.0	/Users/dennisonbertram/Develop/flipbook-research/outputs/track-b/20260427T022850Z-track-b-hybrid-sweep-canal-f121-p2x1-crf18-r0-960x540/output.mp4	/Users/dennisonbertram/Develop/flipbook-research/outputs/track-b/20260427T022850Z-track-b-hybrid-sweep-canal-f121-p2x1-crf18-r0-960x540/contact-sheet.jpg
20260427T022749Z	canal	/Users/dennisonbertram/Develop/flipbook-research/outputs/track-v/20260425T135104Z-fal-kling-canal-city-illustration-960x540/input.png	960x540	121	24	2.0	1.0	18	1	20260427T022851Z-track-b-hybrid-sweep-canal-f121-p2x1-crf18-r1-960x540	pass	218.3988749748096	3.7497910670936108	3.0835000798106194	0.0	211.5295830881223	554.0321579676465	0.999338426877486	0.029835013672709465	0.0008924518479034305	-1.0	/Users/dennisonbertram/Develop/flipbook-research/outputs/track-b/20260427T022851Z-track-b-hybrid-sweep-canal-f121-p2x1-crf18-r1-960x540/output.mp4	/Users/dennisonbertram/Develop/flipbook-research/outputs/track-b/20260427T022851Z-track-b-hybrid-sweep-canal-f121-p2x1-crf18-r1-960x540/contact-sheet.jpg
20260427T022749Z	canal	/Users/dennisonbertram/Develop/flipbook-research/outputs/track-v/20260425T135104Z-fal-kling-canal-city-illustration-960x540/input.png	960x540	121	24	2.0	1.0	23	0	20260427T022852Z-track-b-hybrid-sweep-canal-f121-p2x1-crf23-r0-960x540	pass	186.30195898003876	3.419875050894916	2.559833927080035	0.0	180.29429099988192	649.4832403397567	0.9993379912753144	0.029766930267214775	0.0013597646029666066	-1.0	/Users/dennisonbertram/Develop/flipbook-research/outputs/track-b/20260427T022852Z-track-b-hybrid-sweep-canal-f121-p2x1-crf23-r0-960x540/output.mp4	/Users/dennisonbertram/Develop/flipbook-research/outputs/track-b/20260427T022852Z-track-b-hybrid-sweep-canal-f121-p2x1-crf23-r0-960x540/contact-sheet.jpg
20260427T022749Z	canal	/Users/dennisonbertram/Develop/flipbook-research/outputs/track-v/20260425T135104Z-fal-kling-canal-city-illustration-960x540/input.png	960x540	121	24	2.0	1.0	23	1	20260427T022853Z-track-b-hybrid-sweep-canal-f121-p2x1-crf23-r1-960x540	pass	206.82075002696365	3.7406249903142452	2.5930419797077775	0.0	200.46225003898144	585.0476801008843	0.9993379912753144	0.029766930267214775	0.0013597646029666066	-1.0	/Users/dennisonbertram/Develop/flipbook-research/outputs/track-b/20260427T022853Z-track-b-hybrid-sweep-canal-f121-p2x1-crf23-r1-960x540/output.mp4	/Users/dennisonbertram/Develop/flipbook-research/outputs/track-b/20260427T022853Z-track-b-hybrid-sweep-canal-f121-p2x1-crf23-r1-960x540/contact-sheet.jpg
20260427T022749Z	canal	/Users/dennisonbertram/Develop/flipbook-research/outputs/track-v/20260425T135104Z-fal-kling-canal-city-illustration-960x540/input.png	960x540	121	24	2.0	1.0	28	0	20260427T022853Z-track-b-hybrid-sweep-canal-f121-p2x1-crf28-r0-960x540	pass	189.60616597905755	3.8510420126840472	3.4333750372752547	0.0	182.28533293586224	638.1649002562751	0.9993368503644988	0.029665561392903328	0.0020084423013031483	-1.0	/Users/dennisonbertram/Develop/flipbook-research/outputs/track-b/20260427T022853Z-track-b-hybrid-sweep-canal-f121-p2x1-crf28-r0-960x540/output.mp4	/Users/dennisonbertram/Develop/flipbook-research/outputs/track-b/20260427T022853Z-track-b-hybrid-sweep-canal-f121-p2x1-crf28-r0-960x540/contact-sheet.jpg
20260427T022749Z	canal	/Users/dennisonbertram/Develop/flipbook-research/outputs/track-v/20260425T135104Z-fal-kling-canal-city-illustration-960x540/input.png	960x540	121	24	2.0	1.0	28	1	20260427T022854Z-track-b-hybrid-sweep-canal-f121-p2x1-crf28-r1-960x540	pass	232.54879203159362	4.6501250471919775	2.981457975693047	0.0	224.87991594243795	520.3209139162553	0.9993368503644988	0.029665561392903328	0.0020084423013031483	-1.0	/Users/dennisonbertram/Develop/flipbook-research/outputs/track-b/20260427T022854Z-track-b-hybrid-sweep-canal-f121-p2x1-crf28-r1-960x540/output.mp4	/Users/dennisonbertram/Develop/flipbook-research/outputs/track-b/20260427T022854Z-track-b-hybrid-sweep-canal-f121-p2x1-crf28-r1-960x540/contact-sheet.jpg
20260427T022749Z	canal	/Users/dennisonbertram/Develop/flipbook-research/outputs/track-v/20260425T135104Z-fal-kling-canal-city-illustration-960x540/input.png	960x540	121	24	3.0	1.5	18	0	20260427T022855Z-track-b-hybrid-sweep-canal-f121-p3x1-5-crf18-r0-960x540	pass	242.94512497726828	3.5601670388132334	2.7375840581953526	0.0	236.6170830791816	498.05485914286874	0.9982971968645318	0.04721503704786301	0.0008795917965471745	-1.0	/Users/dennisonbertram/Develop/flipbook-research/outputs/track-b/20260427T022855Z-track-b-hybrid-sweep-canal-f121-p3x1-5-crf18-r0-960x540/output.mp4	/Users/dennisonbertram/Develop/flipbook-research/outputs/track-b/20260427T022855Z-track-b-hybrid-sweep-canal-f121-p3x1-5-crf18-r0-960x540/contact-sheet.jpg
20260427T022749Z	canal	/Users/dennisonbertram/Develop/flipbook-research/outputs/track-v/20260425T135104Z-fal-kling-canal-city-illustration-960x540/input.png	960x540	121	24	3.0	1.5	18	1	20260427T022856Z-track-b-hybrid-sweep-canal-f121-p3x1-5-crf18-r1-960x540	pass	273.875999962911	4.114791052415967	2.8979580383747816	0.0	266.8192919809371	441.80578077811174	0.9982971968645318	0.04721503704786301	0.0008795917965471745	-1.0	/Users/dennisonbertram/Develop/flipbook-research/outputs/track-b/20260427T022856Z-track-b-hybrid-sweep-canal-f121-p3x1-5-crf18-r1-960x540/output.mp4	/Users/dennisonbertram/Develop/flipbook-research/outputs/track-b/20260427T022856Z-track-b-hybrid-sweep-canal-f121-p3x1-5-crf18-r1-960x540/contact-sheet.jpg
20260427T022749Z	canal	/Users/dennisonbertram/Develop/flipbook-research/outputs/track-v/20260425T135104Z-fal-kling-canal-city-illustration-960x540/input.png	960x540	121	24	3.0	1.5	23	0	20260427T022857Z-track-b-hybrid-sweep-canal-f121-p3x1-5-crf23-r0-960x540	pass	234.42845803219825	3.6620829487219453	2.957124961540103	0.0	227.7749580098316	516.1489394917272	0.9982986700233857	0.04713068902492523	0.0013470936100929976	-1.0	/Users/dennisonbertram/Develop/flipbook-research/outputs/track-b/20260427T022857Z-track-b-hybrid-sweep-canal-f121-p3x1-5-crf23-r0-960x540/output.mp4	/Users/dennisonbertram/Develop/flipbook-research/outputs/track-b/20260427T022857Z-track-b-hybrid-sweep-canal-f121-p3x1-5-crf23-r0-960x540/contact-sheet.jpg
20260427T022749Z	canal	/Users/dennisonbertram/Develop/flipbook-research/outputs/track-v/20260425T135104Z-fal-kling-canal-city-illustration-960x540/input.png	960x540	121	24	3.0	1.5	23	1	20260427T022857Z-track-b-hybrid-sweep-canal-f121-p3x1-5-crf23-r1-960x540	pass	229.90124998614192	4.321250016801059	2.898624981753528	0.0	222.65041689388454	526.3129278648711	0.9982986700233857	0.04713068902492523	0.0013470936100929976	-1.0	/Users/dennisonbertram/Develop/flipbook-research/outputs/track-b/20260427T022857Z-track-b-hybrid-sweep-canal-f121-p3x1-5-crf23-r1-960x540/output.mp4	/Users/dennisonbertram/Develop/flipbook-research/outputs/track-b/20260427T022857Z-track-b-hybrid-sweep-canal-f121-p3x1-5-crf23-r1-960x540/contact-sheet.jpg
20260427T022749Z	canal	/Users/dennisonbertram/Develop/flipbook-research/outputs/track-v/20260425T135104Z-fal-kling-canal-city-illustration-960x540/input.png	960x540	121	24	3.0	1.5	28	0	20260427T022858Z-track-b-hybrid-sweep-canal-f121-p3x1-5-crf28-r0-960x540	pass	201.22354198247194	4.251374979503453	2.916584024205804	0.0	194.02808300219476	601.3212907788891	0.9983004978323966	0.0469026118516922	0.0020175199024379253	-1.0	/Users/dennisonbertram/Develop/flipbook-research/outputs/track-b/20260427T022858Z-track-b-hybrid-sweep-canal-f121-p3x1-5-crf28-r0-960x540/output.mp4	/Users/dennisonbertram/Develop/flipbook-research/outputs/track-b/20260427T022858Z-track-b-hybrid-sweep-canal-f121-p3x1-5-crf28-r0-960x540/contact-sheet.jpg
20260427T022749Z	canal	/Users/dennisonbertram/Develop/flipbook-research/outputs/track-v/20260425T135104Z-fal-kling-canal-city-illustration-960x540/input.png	960x540	121	24	3.0	1.5	28	1	20260427T022859Z-track-b-hybrid-sweep-canal-f121-p3x1-5-crf28-r1-960x540	pass	191.89320807345212	3.9315420435741544	2.7322499081492424	0.0	185.20124990027398	630.5590552933177	0.9983004978323966	0.0469026118516922	0.0020175199024379253	-1.0	/Users/dennisonbertram/Develop/flipbook-research/outputs/track-b/20260427T022859Z-track-b-hybrid-sweep-canal-f121-p3x1-5-crf28-r1-960x540/output.mp4	/Users/dennisonbertram/Develop/flipbook-research/outputs/track-b/20260427T022859Z-track-b-hybrid-sweep-canal-f121-p3x1-5-crf28-r1-960x540/contact-sheet.jpg
20260427T022749Z	dense-text	/Users/dennisonbertram/Develop/flipbook-research/outputs/track-v/20260425T134237Z-fal-kling-text-fixture-smoke-960x540/input.png	960x540	33	24	1.0	0.5	18	0	20260427T022900Z-track-b-hybrid-sweep-dense-text-f33-p1x0-5-crf18-r0-960x540	pass	60.70583395194262	3.80529195535928	2.850458025932312	0.0	54.02337503619492	543.6050845809026	0.9999224948896807	0.004061327315866947	0.0003523284394759685	-1.0	/Users/dennisonbertram/Develop/flipbook-research/outputs/track-b/20260427T022900Z-track-b-hybrid-sweep-dense-text-f33-p1x0-5-crf18-r0-960x540/output.mp4	/Users/dennisonbertram/Develop/flipbook-research/outputs/track-b/20260427T022900Z-track-b-hybrid-sweep-dense-text-f33-p1x0-5-crf18-r0-960x540/contact-sheet.jpg
20260427T022749Z	dense-text	/Users/dennisonbertram/Develop/flipbook-research/outputs/track-v/20260425T134237Z-fal-kling-text-fixture-smoke-960x540/input.png	960x540	33	24	1.0	0.5	18	1	20260427T022900Z-track-b-hybrid-sweep-dense-text-f33-p1x0-5-crf18-r1-960x540	pass	62.21562495920807	3.9393750485032797	2.7260410133749247	0.0	55.52441696636379	530.4133812307854	0.9999224948896807	0.004061327315866947	0.0003523284394759685	-1.0	/Users/dennisonbertram/Develop/flipbook-research/outputs/track-b/20260427T022900Z-track-b-hybrid-sweep-dense-text-f33-p1x0-5-crf18-r1-960x540/output.mp4	/Users/dennisonbertram/Develop/flipbook-research/outputs/track-b/20260427T022900Z-track-b-hybrid-sweep-dense-text-f33-p1x0-5-crf18-r1-960x540/contact-sheet.jpg
20260427T022749Z	dense-text	/Users/dennisonbertram/Develop/flipbook-research/outputs/track-v/20260425T134237Z-fal-kling-text-fixture-smoke-960x540/input.png	960x540	33	24	1.0	0.5	23	0	20260427T022901Z-track-b-hybrid-sweep-dense-text-f33-p1x0-5-crf23-r0-960x540	pass	61.447625048458576	3.836291958577931	2.8045829385519028	0.0	54.78033307008445	537.0427249869409	0.9999218573236289	0.004297347739338875	0.0005405016709119081	-1.0	/Users/dennisonbertram/Develop/flipbook-research/outputs/track-b/20260427T022901Z-track-b-hybrid-sweep-dense-text-f33-p1x0-5-crf23-r0-960x540/output.mp4	/Users/dennisonbertram/Develop/flipbook-research/outputs/track-b/20260427T022901Z-track-b-hybrid-sweep-dense-text-f33-p1x0-5-crf23-r0-960x540/contact-sheet.jpg
20260427T022749Z	dense-text	/Users/dennisonbertram/Develop/flipbook-research/outputs/track-v/20260425T134237Z-fal-kling-text-fixture-smoke-960x540/input.png	960x540	33	24	1.0	0.5	23	1	20260427T022901Z-track-b-hybrid-sweep-dense-text-f33-p1x0-5-crf23-r1-960x540	pass	65.42466708924621	3.4293329808861017	2.6385419769212604	0.0	59.33037493377924	504.3969112595481	0.9999218573236289	0.004297347739338875	0.0005405016709119081	-1.0	/Users/dennisonbertram/Develop/flipbook-research/outputs/track-b/20260427T022901Z-track-b-hybrid-sweep-dense-text-f33-p1x0-5-crf23-r1-960x540/output.mp4	/Users/dennisonbertram/Develop/flipbook-research/outputs/track-b/20260427T022901Z-track-b-hybrid-sweep-dense-text-f33-p1x0-5-crf23-r1-960x540/contact-sheet.jpg
20260427T022749Z	dense-text	/Users/dennisonbertram/Develop/flipbook-research/outputs/track-v/20260425T134237Z-fal-kling-text-fixture-smoke-960x540/input.png	960x540	33	24	1.0	0.5	28	0	20260427T022901Z-track-b-hybrid-sweep-dense-text-f33-p1x0-5-crf28-r0-960x540	pass	69.45166597142816	5.53804193623364	5.429749959148467	0.0	58.4518329706043	475.15058909567307	0.9999210076473867	0.0043085054494440556	0.000898125465027988	-1.0	/Users/dennisonbertram/Develop/flipbook-research/outputs/track-b/20260427T022901Z-track-b-hybrid-sweep-dense-text-f33-p1x0-5-crf28-r0-960x540/output.mp4	/Users/dennisonbertram/Develop/flipbook-research/outputs/track-b/20260427T022901Z-track-b-hybrid-sweep-dense-text-f33-p1x0-5-crf28-r0-960x540/contact-sheet.jpg
20260427T022749Z	dense-text	/Users/dennisonbertram/Develop/flipbook-research/outputs/track-v/20260425T134237Z-fal-kling-text-fixture-smoke-960x540/input.png	960x540	33	24	1.0	0.5	28	1	20260427T022902Z-track-b-hybrid-sweep-dense-text-f33-p1x0-5-crf28-r1-960x540	pass	59.29187498986721	3.5774579737335443	2.7624169597402215	0.0	52.92533396277577	556.568669917077	0.9999210076473867	0.0043085054494440556	0.000898125465027988	-1.0	/Users/dennisonbertram/Develop/flipbook-research/outputs/track-b/20260427T022902Z-track-b-hybrid-sweep-dense-text-f33-p1x0-5-crf28-r1-960x540/output.mp4	/Users/dennisonbertram/Develop/flipbook-research/outputs/track-b/20260427T022902Z-track-b-hybrid-sweep-dense-text-f33-p1x0-5-crf28-r1-960x540/contact-sheet.jpg
20260427T022749Z	dense-text	/Users/dennisonbertram/Develop/flipbook-research/outputs/track-v/20260425T134237Z-fal-kling-text-fixture-smoke-960x540/input.png	960x540	33	24	2.0	1.0	18	0	20260427T022902Z-track-b-hybrid-sweep-dense-text-f33-p2x1-crf18-r0-960x540	pass	64.07974998001009	4.1068330174311996	3.213374991901219	0.0	56.72620807308704	514.9832827109105	0.9996317329155273	0.011660879477858543	0.0003708620788529515	-1.0	/Users/dennisonbertram/Develop/flipbook-research/outputs/track-b/20260427T022902Z-track-b-hybrid-sweep-dense-text-f33-p2x1-crf18-r0-960x540/output.mp4	/Users/dennisonbertram/Develop/flipbook-research/outputs/track-b/20260427T022902Z-track-b-hybrid-sweep-dense-text-f33-p2x1-crf18-r0-960x540/contact-sheet.jpg
20260427T022749Z	dense-text	/Users/dennisonbertram/Develop/flipbook-research/outputs/track-v/20260425T134237Z-fal-kling-text-fixture-smoke-960x540/input.png	960x540	33	24	2.0	1.0	18	1	20260427T022903Z-track-b-hybrid-sweep-dense-text-f33-p2x1-crf18-r1-960x540	pass	62.83112510573119	4.043958033435047	2.767750062048435	0.0	55.98333408124745	525.2173973403809	0.9996317329155273	0.011660879477858543	0.0003708620788529515	-1.0	/Users/dennisonbertram/Develop/flipbook-research/outputs/track-b/20260427T022903Z-track-b-hybrid-sweep-dense-text-f33-p2x1-crf18-r1-960x540/output.mp4	/Users/dennisonbertram/Develop/flipbook-research/outputs/track-b/20260427T022903Z-track-b-hybrid-sweep-dense-text-f33-p2x1-crf18-r1-960x540/contact-sheet.jpg
20260427T022749Z	dense-text	/Users/dennisonbertram/Develop/flipbook-research/outputs/track-v/20260425T134237Z-fal-kling-text-fixture-smoke-960x540/input.png	960x540	33	24	2.0	1.0	23	0	20260427T022903Z-track-b-hybrid-sweep-dense-text-f33-p2x1-crf23-r0-960x540	pass	59.22316596843302	3.939624992199242	2.7172500267624855	0.0	52.541458047926426	557.2143849518206	0.9996321185675857	0.011715724132955074	0.0006919858860783279	-1.0	/Users/dennisonbertram/Develop/flipbook-research/outputs/track-b/20260427T022903Z-track-b-hybrid-sweep-dense-text-f33-p2x1-crf23-r0-960x540/output.mp4	/Users/dennisonbertram/Develop/flipbook-research/outputs/track-b/20260427T022903Z-track-b-hybrid-sweep-dense-text-f33-p2x1-crf23-r0-960x540/contact-sheet.jpg
20260427T022749Z	dense-text	/Users/dennisonbertram/Develop/flipbook-research/outputs/track-v/20260425T134237Z-fal-kling-text-fixture-smoke-960x540/input.png	960x540	33	24	2.0	1.0	23	1	20260427T022903Z-track-b-hybrid-sweep-dense-text-f33-p2x1-crf23-r1-960x540	pass	58.537415927276015	3.5764160566031933	2.6076670037582517	0.0	52.329624886624515	563.742001201378	0.9996321185675857	0.011715724132955074	0.0006919858860783279	-1.0	/Users/dennisonbertram/Develop/flipbook-research/outputs/track-b/20260427T022903Z-track-b-hybrid-sweep-dense-text-f33-p2x1-crf23-r1-960x540/output.mp4	/Users/dennisonbertram/Develop/flipbook-research/outputs/track-b/20260427T022903Z-track-b-hybrid-sweep-dense-text-f33-p2x1-crf23-r1-960x540/contact-sheet.jpg
20260427T022749Z	dense-text	/Users/dennisonbertram/Develop/flipbook-research/outputs/track-v/20260425T134237Z-fal-kling-text-fixture-smoke-960x540/input.png	960x540	33	24	2.0	1.0	28	0	20260427T022904Z-track-b-hybrid-sweep-dense-text-f33-p2x1-crf28-r0-960x540	pass	57.4255830142647	3.6779589718207717	2.696207957342267	0.0	51.02287500631064	574.6567691233138	0.9996314753139233	0.011692462489008904	0.000670048117171973	-1.0	/Users/dennisonbertram/Develop/flipbook-research/outputs/track-b/20260427T022904Z-track-b-hybrid-sweep-dense-text-f33-p2x1-crf28-r0-960x540/output.mp4	/Users/dennisonbertram/Develop/flipbook-research/outputs/track-b/20260427T022904Z-track-b-hybrid-sweep-dense-text-f33-p2x1-crf28-r0-960x540/contact-sheet.jpg
20260427T022749Z	dense-text	/Users/dennisonbertram/Develop/flipbook-research/outputs/track-v/20260425T134237Z-fal-kling-text-fixture-smoke-960x540/input.png	960x540	33	24	2.0	1.0	28	1	20260427T022904Z-track-b-hybrid-sweep-dense-text-f33-p2x1-crf28-r1-960x540	pass	60.483125038444996	3.7310830084607005	2.8657499933615327	0.0	53.86229092255235	545.6067288028545	0.9996314753139233	0.011692462489008904	0.000670048117171973	-1.0	/Users/dennisonbertram/Develop/flipbook-research/outputs/track-b/20260427T022904Z-track-b-hybrid-sweep-dense-text-f33-p2x1-crf28-r1-960x540/output.mp4	/Users/dennisonbertram/Develop/flipbook-research/outputs/track-b/20260427T022904Z-track-b-hybrid-sweep-dense-text-f33-p2x1-crf28-r1-960x540/contact-sheet.jpg
20260427T022749Z	dense-text	/Users/dennisonbertram/Develop/flipbook-research/outputs/track-v/20260425T134237Z-fal-kling-text-fixture-smoke-960x540/input.png	960x540	33	24	3.0	1.5	18	0	20260427T022904Z-track-b-hybrid-sweep-dense-text-f33-p3x1-5-crf18-r0-960x540	pass	60.40645798202604	3.7899171002209187	2.6479170192033052	0.0	53.94500005058944	546.2992054561312	0.9990994476685383	0.01951252855360508	0.0004115226329304278	-1.0	/Users/dennisonbertram/Develop/flipbook-research/outputs/track-b/20260427T022904Z-track-b-hybrid-sweep-dense-text-f33-p3x1-5-crf18-r0-960x540/output.mp4	/Users/dennisonbertram/Develop/flipbook-research/outputs/track-b/20260427T022904Z-track-b-hybrid-sweep-dense-text-f33-p3x1-5-crf18-r0-960x540/contact-sheet.jpg
20260427T022749Z	dense-text	/Users/dennisonbertram/Develop/flipbook-research/outputs/track-v/20260425T134237Z-fal-kling-text-fixture-smoke-960x540/input.png	960x540	33	24	3.0	1.5	18	1	20260427T022905Z-track-b-hybrid-sweep-dense-text-f33-p3x1-5-crf18-r1-960x540	pass	60.97925000358373	3.4914579009637237	2.6406669057905674	0.0	54.82233397196978	541.1676922569661	0.9990994476685383	0.01951252855360508	0.0004115226329304278	-1.0	/Users/dennisonbertram/Develop/flipbook-research/outputs/track-b/20260427T022905Z-track-b-hybrid-sweep-dense-text-f33-p3x1-5-crf18-r1-960x540/output.mp4	/Users/dennisonbertram/Develop/flipbook-research/outputs/track-b/20260427T022905Z-track-b-hybrid-sweep-dense-text-f33-p3x1-5-crf18-r1-960x540/contact-sheet.jpg
20260427T022749Z	dense-text	/Users/dennisonbertram/Develop/flipbook-research/outputs/track-v/20260425T134237Z-fal-kling-text-fixture-smoke-960x540/input.png	960x540	33	24	3.0	1.5	23	0	20260427T022905Z-track-b-hybrid-sweep-dense-text-f33-p3x1-5-crf23-r0-960x540	pass	58.270332985557616	3.7478330777958035	2.83912499435246	0.0	51.66008300147951	566.3259210854192	0.9991001274563419	0.01961427368223667	0.0006823408184573054	-1.0	/Users/dennisonbertram/Develop/flipbook-research/outputs/track-b/20260427T022905Z-track-b-hybrid-sweep-dense-text-f33-p3x1-5-crf23-r0-960x540/output.mp4	/Users/dennisonbertram/Develop/flipbook-research/outputs/track-b/20260427T022905Z-track-b-hybrid-sweep-dense-text-f33-p3x1-5-crf23-r0-960x540/contact-sheet.jpg
20260427T022749Z	dense-text	/Users/dennisonbertram/Develop/flipbook-research/outputs/track-v/20260425T134237Z-fal-kling-text-fixture-smoke-960x540/input.png	960x540	33	24	3.0	1.5	23	1	20260427T022906Z-track-b-hybrid-sweep-dense-text-f33-p3x1-5-crf23-r1-960x540	pass	66.32974999956787	4.5009159948676825	2.9250000370666385	0.0	58.875625021755695	497.5143129623584	0.9991001274563419	0.01961427368223667	0.0006823408184573054	-1.0	/Users/dennisonbertram/Develop/flipbook-research/outputs/track-b/20260427T022906Z-track-b-hybrid-sweep-dense-text-f33-p3x1-5-crf23-r1-960x540/output.mp4	/Users/dennisonbertram/Develop/flipbook-research/outputs/track-b/20260427T022906Z-track-b-hybrid-sweep-dense-text-f33-p3x1-5-crf23-r1-960x540/contact-sheet.jpg
20260427T022749Z	dense-text	/Users/dennisonbertram/Develop/flipbook-research/outputs/track-v/20260425T134237Z-fal-kling-text-fixture-smoke-960x540/input.png	960x540	33	24	3.0	1.5	28	0	20260427T022906Z-track-b-hybrid-sweep-dense-text-f33-p3x1-5-crf28-r0-960x540	pass	60.17187505494803	3.433499950915575	2.756666042841971	0.0	53.9568749954924	548.4289789850309	0.9990988175058982	0.01953635737299919	0.0007666878518648446	-1.0	/Users/dennisonbertram/Develop/flipbook-research/outputs/track-b/20260427T022906Z-track-b-hybrid-sweep-dense-text-f33-p3x1-5-crf28-r0-960x540/output.mp4	/Users/dennisonbertram/Develop/flipbook-research/outputs/track-b/20260427T022906Z-track-b-hybrid-sweep-dense-text-f33-p3x1-5-crf28-r0-960x540/contact-sheet.jpg
20260427T022749Z	dense-text	/Users/dennisonbertram/Develop/flipbook-research/outputs/track-v/20260425T134237Z-fal-kling-text-fixture-smoke-960x540/input.png	960x540	33	24	3.0	1.5	28	1	20260427T022906Z-track-b-hybrid-sweep-dense-text-f33-p3x1-5-crf28-r1-960x540	pass	60.909666935913265	3.996749990619719	2.8419169830158353	0.0	54.04254200402647	541.7859210217205	0.9990988175058982	0.01953635737299919	0.0007666878518648446	-1.0	/Users/dennisonbertram/Develop/flipbook-research/outputs/track-b/20260427T022906Z-track-b-hybrid-sweep-dense-text-f33-p3x1-5-crf28-r1-960x540/output.mp4	/Users/dennisonbertram/Develop/flipbook-research/outputs/track-b/20260427T022906Z-track-b-hybrid-sweep-dense-text-f33-p3x1-5-crf28-r1-960x540/contact-sheet.jpg
20260427T022749Z	dense-text	/Users/dennisonbertram/Develop/flipbook-research/outputs/track-v/20260425T134237Z-fal-kling-text-fixture-smoke-960x540/input.png	960x540	65	24	1.0	0.5	18	0	20260427T022907Z-track-b-hybrid-sweep-dense-text-f65-p1x0-5-crf18-r0-960x540	pass	84.08354199491441	3.8650420028716326	2.6544169522821903	0.0	77.53833406604826	773.0406980706327	0.9999222664620407	0.004080239683389664	0.00034589838469401	-1.0	/Users/dennisonbertram/Develop/flipbook-research/outputs/track-b/20260427T022907Z-track-b-hybrid-sweep-dense-text-f65-p1x0-5-crf18-r0-960x540/output.mp4	/Users/dennisonbertram/Develop/flipbook-research/outputs/track-b/20260427T022907Z-track-b-hybrid-sweep-dense-text-f65-p1x0-5-crf18-r0-960x540/contact-sheet.jpg
20260427T022749Z	dense-text	/Users/dennisonbertram/Develop/flipbook-research/outputs/track-v/20260425T134237Z-fal-kling-text-fixture-smoke-960x540/input.png	960x540	65	24	1.0	0.5	18	1	20260427T022907Z-track-b-hybrid-sweep-dense-text-f65-p1x0-5-crf18-r1-960x540	pass	78.99029098916799	3.5017080372199416	2.5613330071792006	0.0	72.90258293505758	822.8859418800408	0.9999222664620407	0.004080239683389664	0.00034589838469401	-1.0	/Users/dennisonbertram/Develop/flipbook-research/outputs/track-b/20260427T022907Z-track-b-hybrid-sweep-dense-text-f65-p1x0-5-crf18-r1-960x540/output.mp4	/Users/dennisonbertram/Develop/flipbook-research/outputs/track-b/20260427T022907Z-track-b-hybrid-sweep-dense-text-f65-p1x0-5-crf18-r1-960x540/contact-sheet.jpg
20260427T022749Z	dense-text	/Users/dennisonbertram/Develop/flipbook-research/outputs/track-v/20260425T134237Z-fal-kling-text-fixture-smoke-960x540/input.png	960x540	65	24	1.0	0.5	23	0	20260427T022908Z-track-b-hybrid-sweep-dense-text-f65-p1x0-5-crf23-r0-960x540	pass	74.39720898400992	3.7769589107483625	2.7660829946398735	0.0	67.82433402258903	873.688689235242	0.9999217589320425	0.004320042207837105	0.0005461752298288047	-1.0	/Users/dennisonbertram/Develop/flipbook-research/outputs/track-b/20260427T022908Z-track-b-hybrid-sweep-dense-text-f65-p1x0-5-crf23-r0-960x540/output.mp4	/Users/dennisonbertram/Develop/flipbook-research/outputs/track-b/20260427T022908Z-track-b-hybrid-sweep-dense-text-f65-p1x0-5-crf23-r0-960x540/contact-sheet.jpg
20260427T022749Z	dense-text	/Users/dennisonbertram/Develop/flipbook-research/outputs/track-v/20260425T134237Z-fal-kling-text-fixture-smoke-960x540/input.png	960x540	65	24	1.0	0.5	23	1	20260427T022908Z-track-b-hybrid-sweep-dense-text-f65-p1x0-5-crf23-r1-960x540	pass	74.14170796982944	3.6932920338585973	2.8695830842480063	0.0	67.5535419723019	876.699522844153	0.9999217589320425	0.004320042207837105	0.0005461752298288047	-1.0	/Users/dennisonbertram/Develop/flipbook-research/outputs/track-b/20260427T022908Z-track-b-hybrid-sweep-dense-text-f65-p1x0-5-crf23-r1-960x540/output.mp4	/Users/dennisonbertram/Develop/flipbook-research/outputs/track-b/20260427T022908Z-track-b-hybrid-sweep-dense-text-f65-p1x0-5-crf23-r1-960x540/contact-sheet.jpg
20260427T022749Z	dense-text	/Users/dennisonbertram/Develop/flipbook-research/outputs/track-v/20260425T134237Z-fal-kling-text-fixture-smoke-960x540/input.png	960x540	65	24	1.0	0.5	28	0	20260427T022909Z-track-b-hybrid-sweep-dense-text-f65-p1x0-5-crf28-r0-960x540	pass	72.0272499602288	3.753375029191375	2.8712080093100667	0.0	65.37633307743818	902.4362312304158	0.9999212276704889	0.004274275153875351	0.000919874117244035	-1.0	/Users/dennisonbertram/Develop/flipbook-research/outputs/track-b/20260427T022909Z-track-b-hybrid-sweep-dense-text-f65-p1x0-5-crf28-r0-960x540/output.mp4	/Users/dennisonbertram/Develop/flipbook-research/outputs/track-b/20260427T022909Z-track-b-hybrid-sweep-dense-text-f65-p1x0-5-crf28-r0-960x540/contact-sheet.jpg
20260427T022749Z	dense-text	/Users/dennisonbertram/Develop/flipbook-research/outputs/track-v/20260425T134237Z-fal-kling-text-fixture-smoke-960x540/input.png	960x540	65	24	1.0	0.5	28	1	20260427T022909Z-track-b-hybrid-sweep-dense-text-f65-p1x0-5-crf28-r1-960x540	pass	73.00320803187788	3.803584026172757	2.7472079964354634	0.0	66.42766704317182	890.3718309422353	0.9999212276704889	0.004274275153875351	0.000919874117244035	-1.0	/Users/dennisonbertram/Develop/flipbook-research/outputs/track-b/20260427T022909Z-track-b-hybrid-sweep-dense-text-f65-p1x0-5-crf28-r1-960x540/output.mp4	/Users/dennisonbertram/Develop/flipbook-research/outputs/track-b/20260427T022909Z-track-b-hybrid-sweep-dense-text-f65-p1x0-5-crf28-r1-960x540/contact-sheet.jpg
20260427T022749Z	dense-text	/Users/dennisonbertram/Develop/flipbook-research/outputs/track-v/20260425T134237Z-fal-kling-text-fixture-smoke-960x540/input.png	960x540	65	24	2.0	1.0	18	0	20260427T022909Z-track-b-hybrid-sweep-dense-text-f65-p2x1-crf18-r0-960x540	pass	74.57270903978497	3.6900839768350124	2.8759579872712493	0.0	67.98141705803573	871.6325427486097	0.9996323348785935	0.01164726261049509	0.000426652142778039	-1.0	/Users/dennisonbertram/Develop/flipbook-research/outputs/track-b/20260427T022909Z-track-b-hybrid-sweep-dense-text-f65-p2x1-crf18-r0-960x540/output.mp4	/Users/dennisonbertram/Develop/flipbook-research/outputs/track-b/20260427T022909Z-track-b-hybrid-sweep-dense-text-f65-p2x1-crf18-r0-960x540/contact-sheet.jpg
20260427T022749Z	dense-text	/Users/dennisonbertram/Develop/flipbook-research/outputs/track-v/20260425T134237Z-fal-kling-text-fixture-smoke-960x540/input.png	960x540	65	24	2.0	1.0	18	1	20260427T022910Z-track-b-hybrid-sweep-dense-text-f65-p2x1-crf18-r1-960x540	pass	72.75654200930148	3.594374982640147	2.6673750253394246	0.0	66.47204200271517	893.3904526645885	0.9996323348785935	0.01164726261049509	0.000426652142778039	-1.0	/Users/dennisonbertram/Develop/flipbook-research/outputs/track-b/20260427T022910Z-track-b-hybrid-sweep-dense-text-f65-p2x1-crf18-r1-960x540/output.mp4	/Users/dennisonbertram/Develop/flipbook-research/outputs/track-b/20260427T022910Z-track-b-hybrid-sweep-dense-text-f65-p2x1-crf18-r1-960x540/contact-sheet.jpg
20260427T022749Z	dense-text	/Users/dennisonbertram/Develop/flipbook-research/outputs/track-v/20260425T134237Z-fal-kling-text-fixture-smoke-960x540/input.png	960x540	65	24	2.0	1.0	23	0	20260427T022910Z-track-b-hybrid-sweep-dense-text-f65-p2x1-crf23-r0-960x540	pass	73.57045903336257	3.6612919066101313	2.812499995343387	0.0	67.07250000908971	883.506788649014	0.9996314226852294	0.011755249463021755	0.0006908511859364808	-1.0	/Users/dennisonbertram/Develop/flipbook-research/outputs/track-b/20260427T022910Z-track-b-hybrid-sweep-dense-text-f65-p2x1-crf23-r0-960x540/output.mp4	/Users/dennisonbertram/Develop/flipbook-research/outputs/track-b/20260427T022910Z-track-b-hybrid-sweep-dense-text-f65-p2x1-crf23-r0-960x540/contact-sheet.jpg
20260427T022749Z	dense-text	/Users/dennisonbertram/Develop/flipbook-research/outputs/track-v/20260425T134237Z-fal-kling-text-fixture-smoke-960x540/input.png	960x540	65	24	2.0	1.0	23	1	20260427T022911Z-track-b-hybrid-sweep-dense-text-f65-p2x1-crf23-r1-960x540	pass	74.50833299662918	3.6769999423995614	2.889250055886805	0.0	67.91516696102917	872.3856431325696	0.9996314226852294	0.011755249463021755	0.0006908511859364808	-1.0	/Users/dennisonbertram/Develop/flipbook-research/outputs/track-b/20260427T022911Z-track-b-hybrid-sweep-dense-text-f65-p2x1-crf23-r1-960x540/output.mp4	/Users/dennisonbertram/Develop/flipbook-research/outputs/track-b/20260427T022911Z-track-b-hybrid-sweep-dense-text-f65-p2x1-crf23-r1-960x540/contact-sheet.jpg
20260427T022749Z	dense-text	/Users/dennisonbertram/Develop/flipbook-research/outputs/track-v/20260425T134237Z-fal-kling-text-fixture-smoke-960x540/input.png	960x540	65	24	2.0	1.0	28	0	20260427T022911Z-track-b-hybrid-sweep-dense-text-f65-p2x1-crf28-r0-960x540	pass	70.8195420447737	3.620833973400295	2.624084008857608	0.0	64.5509579917416	917.8257599986392	0.9996316241639005	0.011675630696117878	0.0008037551306188107	-1.0	/Users/dennisonbertram/Develop/flipbook-research/outputs/track-b/20260427T022911Z-track-b-hybrid-sweep-dense-text-f65-p2x1-crf28-r0-960x540/output.mp4	/Users/dennisonbertram/Develop/flipbook-research/outputs/track-b/20260427T022911Z-track-b-hybrid-sweep-dense-text-f65-p2x1-crf28-r0-960x540/contact-sheet.jpg
20260427T022749Z	dense-text	/Users/dennisonbertram/Develop/flipbook-research/outputs/track-v/20260425T134237Z-fal-kling-text-fixture-smoke-960x540/input.png	960x540	65	24	2.0	1.0	28	1	20260427T022911Z-track-b-hybrid-sweep-dense-text-f65-p2x1-crf28-r1-960x540	pass	73.41554202139378	3.648624988272786	2.846042043529451	0.0	66.89329200889915	885.3711109434917	0.9996316241639005	0.011675630696117878	0.0008037551306188107	-1.0	/Users/dennisonbertram/Develop/flipbook-research/outputs/track-b/20260427T022911Z-track-b-hybrid-sweep-dense-text-f65-p2x1-crf28-r1-960x540/output.mp4	/Users/dennisonbertram/Develop/flipbook-research/outputs/track-b/20260427T022911Z-track-b-hybrid-sweep-dense-text-f65-p2x1-crf28-r1-960x540/contact-sheet.jpg
20260427T022749Z	dense-text	/Users/dennisonbertram/Develop/flipbook-research/outputs/track-v/20260425T134237Z-fal-kling-text-fixture-smoke-960x540/input.png	960x540	65	24	3.0	1.5	18	0	20260427T022912Z-track-b-hybrid-sweep-dense-text-f65-p3x1-5-crf18-r0-960x540	pass	77.90475001093	3.7207079585641623	2.767999889329076	0.0	71.3919170666486	834.3522056213585	0.9991001524530159	0.019512906670570374	0.0003946910728700459	-1.0	/Users/dennisonbertram/Develop/flipbook-research/outputs/track-b/20260427T022912Z-track-b-hybrid-sweep-dense-text-f65-p3x1-5-crf18-r0-960x540/output.mp4	/Users/dennisonbertram/Develop/flipbook-research/outputs/track-b/20260427T022912Z-track-b-hybrid-sweep-dense-text-f65-p3x1-5-crf18-r0-960x540/contact-sheet.jpg
20260427T022749Z	dense-text	/Users/dennisonbertram/Develop/flipbook-research/outputs/track-v/20260425T134237Z-fal-kling-text-fixture-smoke-960x540/input.png	960x540	65	24	3.0	1.5	18	1	20260427T022912Z-track-b-hybrid-sweep-dense-text-f65-p3x1-5-crf18-r1-960x540	pass	80.415082979016	3.841165918856859	2.6430829893797636	0.0	73.90708301682025	808.3060738364405	0.9991001524530159	0.019512906670570374	0.0003946910728700459	-1.0	/Users/dennisonbertram/Develop/flipbook-research/outputs/track-b/20260427T022912Z-track-b-hybrid-sweep-dense-text-f65-p3x1-5-crf18-r1-960x540/output.mp4	/Users/dennisonbertram/Develop/flipbook-research/outputs/track-b/20260427T022912Z-track-b-hybrid-sweep-dense-text-f65-p3x1-5-crf18-r1-960x540/contact-sheet.jpg
20260427T022749Z	dense-text	/Users/dennisonbertram/Develop/flipbook-research/outputs/track-v/20260425T134237Z-fal-kling-text-fixture-smoke-960x540/input.png	960x540	65	24	3.0	1.5	23	0	20260427T022913Z-track-b-hybrid-sweep-dense-text-f65-p3x1-5-crf23-r0-960x540	pass	78.81041604559869	3.8416250608861446	2.9099169187247753	0.0	72.02799990773201	824.7640763930474	0.9990996780122655	0.019638480618596077	0.0006955791614018381	-1.0	/Users/dennisonbertram/Develop/flipbook-research/outputs/track-b/20260427T022913Z-track-b-hybrid-sweep-dense-text-f65-p3x1-5-crf23-r0-960x540/output.mp4	/Users/dennisonbertram/Develop/flipbook-research/outputs/track-b/20260427T022913Z-track-b-hybrid-sweep-dense-text-f65-p3x1-5-crf23-r0-960x540/contact-sheet.jpg
20260427T022749Z	dense-text	/Users/dennisonbertram/Develop/flipbook-research/outputs/track-v/20260425T134237Z-fal-kling-text-fixture-smoke-960x540/input.png	960x540	65	24	3.0	1.5	23	1	20260427T022913Z-track-b-hybrid-sweep-dense-text-f65-p3x1-5-crf23-r1-960x540	pass	78.9839590433985	3.896875074133277	2.7958330465480685	0.0	72.25787499919534	822.9519105807943	0.9990996780122655	0.019638480618596077	0.0006955791614018381	-1.0	/Users/dennisonbertram/Develop/flipbook-research/outputs/track-b/20260427T022913Z-track-b-hybrid-sweep-dense-text-f65-p3x1-5-crf23-r1-960x540/output.mp4	/Users/dennisonbertram/Develop/flipbook-research/outputs/track-b/20260427T022913Z-track-b-hybrid-sweep-dense-text-f65-p3x1-5-crf23-r1-960x540/contact-sheet.jpg
20260427T022749Z	dense-text	/Users/dennisonbertram/Develop/flipbook-research/outputs/track-v/20260425T134237Z-fal-kling-text-fixture-smoke-960x540/input.png	960x540	65	24	3.0	1.5	28	0	20260427T022913Z-track-b-hybrid-sweep-dense-text-f65-p3x1-5-crf28-r0-960x540	pass	76.75045903306454	3.7639159709215164	2.6686249766498804	0.0	70.29366702772677	846.9004722433989	0.9990994258625422	0.019524063915014267	0.0007489107083529234	-1.0	/Users/dennisonbertram/Develop/flipbook-research/outputs/track-b/20260427T022913Z-track-b-hybrid-sweep-dense-text-f65-p3x1-5-crf28-r0-960x540/output.mp4	/Users/dennisonbertram/Develop/flipbook-research/outputs/track-b/20260427T022913Z-track-b-hybrid-sweep-dense-text-f65-p3x1-5-crf28-r0-960x540/contact-sheet.jpg
20260427T022749Z	dense-text	/Users/dennisonbertram/Develop/flipbook-research/outputs/track-v/20260425T134237Z-fal-kling-text-fixture-smoke-960x540/input.png	960x540	65	24	3.0	1.5	28	1	20260427T022914Z-track-b-hybrid-sweep-dense-text-f65-p3x1-5-crf28-r1-960x540	pass	80.61220904346555	3.8241250440478325	2.8431250248104334	0.0	73.91270902007818	806.3294725610663	0.9990994258625422	0.019524063915014267	0.0007489107083529234	-1.0	/Users/dennisonbertram/Develop/flipbook-research/outputs/track-b/20260427T022914Z-track-b-hybrid-sweep-dense-text-f65-p3x1-5-crf28-r1-960x540/output.mp4	/Users/dennisonbertram/Develop/flipbook-research/outputs/track-b/20260427T022914Z-track-b-hybrid-sweep-dense-text-f65-p3x1-5-crf28-r1-960x540/contact-sheet.jpg
20260427T022749Z	dense-text	/Users/dennisonbertram/Develop/flipbook-research/outputs/track-v/20260425T134237Z-fal-kling-text-fixture-smoke-960x540/input.png	960x540	121	24	1.0	0.5	18	0	20260427T022914Z-track-b-hybrid-sweep-dense-text-f121-p1x0-5-crf18-r0-960x540	pass	103.40754094067961	3.635166911408305	2.6762919733300805	0.0	97.07220899872482	1170.1274288053364	0.9999222503954458	0.004080239683389664	0.00034570926800370216	-1.0	/Users/dennisonbertram/Develop/flipbook-research/outputs/track-b/20260427T022914Z-track-b-hybrid-sweep-dense-text-f121-p1x0-5-crf18-r0-960x540/output.mp4	/Users/dennisonbertram/Develop/flipbook-research/outputs/track-b/20260427T022914Z-track-b-hybrid-sweep-dense-text-f121-p1x0-5-crf18-r0-960x540/contact-sheet.jpg
20260427T022749Z	dense-text	/Users/dennisonbertram/Develop/flipbook-research/outputs/track-v/20260425T134237Z-fal-kling-text-fixture-smoke-960x540/input.png	960x540	121	24	1.0	0.5	18	1	20260427T022915Z-track-b-hybrid-sweep-dense-text-f121-p1x0-5-crf18-r1-960x540	pass	110.80191703513265	3.8713329704478383	2.6479169027879834	0.0	104.25587499048561	1092.0388675372267	0.9999222503954458	0.004080239683389664	0.00034570926800370216	-1.0	/Users/dennisonbertram/Develop/flipbook-research/outputs/track-b/20260427T022915Z-track-b-hybrid-sweep-dense-text-f121-p1x0-5-crf18-r1-960x540/output.mp4	/Users/dennisonbertram/Develop/flipbook-research/outputs/track-b/20260427T022915Z-track-b-hybrid-sweep-dense-text-f121-p1x0-5-crf18-r1-960x540/contact-sheet.jpg
20260427T022749Z	dense-text	/Users/dennisonbertram/Develop/flipbook-research/outputs/track-v/20260425T134237Z-fal-kling-text-fixture-smoke-960x540/input.png	960x540	121	24	1.0	0.5	23	0	20260427T022915Z-track-b-hybrid-sweep-dense-text-f121-p1x0-5-crf23-r0-960x540	pass	108.16974996123463	4.148582927882671	3.22833308018744	0.0	100.76383303385228	1118.6121817177484	0.999921758193229	0.004319853149354458	0.0005461752298288047	-1.0	/Users/dennisonbertram/Develop/flipbook-research/outputs/track-b/20260427T022915Z-track-b-hybrid-sweep-dense-text-f121-p1x0-5-crf23-r0-960x540/output.mp4	/Users/dennisonbertram/Develop/flipbook-research/outputs/track-b/20260427T022915Z-track-b-hybrid-sweep-dense-text-f121-p1x0-5-crf23-r0-960x540/contact-sheet.jpg
20260427T022749Z	dense-text	/Users/dennisonbertram/Develop/flipbook-research/outputs/track-v/20260425T134237Z-fal-kling-text-fixture-smoke-960x540/input.png	960x540	121	24	1.0	0.5	23	1	20260427T022916Z-track-b-hybrid-sweep-dense-text-f121-p1x0-5-crf23-r1-960x540	pass	110.22341600619256	3.5315409768372774	2.671582973562181	0.0	103.99500001221895	1097.7703684415114	0.999921758193229	0.004319853149354458	0.0005461752298288047	-1.0	/Users/dennisonbertram/Develop/flipbook-research/outputs/track-b/20260427T022916Z-track-b-hybrid-sweep-dense-text-f121-p1x0-5-crf23-r1-960x540/output.mp4	/Users/dennisonbertram/Develop/flipbook-research/outputs/track-b/20260427T022916Z-track-b-hybrid-sweep-dense-text-f121-p1x0-5-crf23-r1-960x540/contact-sheet.jpg
20260427T022749Z	dense-text	/Users/dennisonbertram/Develop/flipbook-research/outputs/track-v/20260425T134237Z-fal-kling-text-fixture-smoke-960x540/input.png	960x540	121	24	1.0	0.5	28	0	20260427T022916Z-track-b-hybrid-sweep-dense-text-f121-p1x0-5-crf28-r0-960x540	pass	105.76033301185817	3.4664999693632126	2.771875006146729	0.0	99.49154208879918	1144.096246240385	0.9999212276704889	0.004274275153875351	0.000919874117244035	-1.0	/Users/dennisonbertram/Develop/flipbook-research/outputs/track-b/20260427T022916Z-track-b-hybrid-sweep-dense-text-f121-p1x0-5-crf28-r0-960x540/output.mp4	/Users/dennisonbertram/Develop/flipbook-research/outputs/track-b/20260427T022916Z-track-b-hybrid-sweep-dense-text-f121-p1x0-5-crf28-r0-960x540/contact-sheet.jpg
20260427T022749Z	dense-text	/Users/dennisonbertram/Develop/flipbook-research/outputs/track-v/20260425T134237Z-fal-kling-text-fixture-smoke-960x540/input.png	960x540	121	24	1.0	0.5	28	1	20260427T022916Z-track-b-hybrid-sweep-dense-text-f121-p1x0-5-crf28-r1-960x540	pass	100.09029193315655	3.775916062295437	2.683917060494423	0.0	93.60479097813368	1208.908453187524	0.9999212276704889	0.004274275153875351	0.000919874117244035	-1.0	/Users/dennisonbertram/Develop/flipbook-research/outputs/track-b/20260427T022916Z-track-b-hybrid-sweep-dense-text-f121-p1x0-5-crf28-r1-960x540/output.mp4	/Users/dennisonbertram/Develop/flipbook-research/outputs/track-b/20260427T022916Z-track-b-hybrid-sweep-dense-text-f121-p1x0-5-crf28-r1-960x540/contact-sheet.jpg
20260427T022749Z	dense-text	/Users/dennisonbertram/Develop/flipbook-research/outputs/track-v/20260425T134237Z-fal-kling-text-fixture-smoke-960x540/input.png	960x540	121	24	2.0	1.0	18	0	20260427T022917Z-track-b-hybrid-sweep-dense-text-f121-p2x1-crf18-r0-960x540	pass	133.86895810253918	3.8958340883255005	2.9654999962076545	0.0	126.9788749050349	903.8689903548664	0.9996325368864727	0.011640076525509357	0.0004264630260877311	-1.0	/Users/dennisonbertram/Develop/flipbook-research/outputs/track-b/20260427T022917Z-track-b-hybrid-sweep-dense-text-f121-p2x1-crf18-r0-960x540/output.mp4	/Users/dennisonbertram/Develop/flipbook-research/outputs/track-b/20260427T022917Z-track-b-hybrid-sweep-dense-text-f121-p2x1-crf18-r0-960x540/contact-sheet.jpg
20260427T022749Z	dense-text	/Users/dennisonbertram/Develop/flipbook-research/outputs/track-v/20260425T134237Z-fal-kling-text-fixture-smoke-960x540/input.png	960x540	121	24	2.0	1.0	18	1	20260427T022917Z-track-b-hybrid-sweep-dense-text-f121-p2x1-crf18-r1-960x540	pass	102.70325001329184	3.5057920031249523	2.606000052765012	0.0	96.56491689383984	1178.1516162764099	0.9996325368864727	0.011640076525509357	0.0004264630260877311	-1.0	/Users/dennisonbertram/Develop/flipbook-research/outputs/track-b/20260427T022917Z-track-b-hybrid-sweep-dense-text-f121-p2x1-crf18-r1-960x540/output.mp4	/Users/dennisonbertram/Develop/flipbook-research/outputs/track-b/20260427T022917Z-track-b-hybrid-sweep-dense-text-f121-p2x1-crf18-r1-960x540/contact-sheet.jpg
20260427T022749Z	dense-text	/Users/dennisonbertram/Develop/flipbook-research/outputs/track-v/20260425T134237Z-fal-kling-text-fixture-smoke-960x540/input.png	960x540	121	24	2.0	1.0	23	0	20260427T022918Z-track-b-hybrid-sweep-dense-text-f121-p2x1-crf23-r0-960x540	pass	120.12508301995695	3.378082998096943	2.6026670821011066	0.0	114.11674995906651	1007.283382937581	0.9996318300734663	0.011770946905016899	0.0006774237263016403	-1.0	/Users/dennisonbertram/Develop/flipbook-research/outputs/track-b/20260427T022918Z-track-b-hybrid-sweep-dense-text-f121-p2x1-crf23-r0-960x540/output.mp4	/Users/dennisonbertram/Develop/flipbook-research/outputs/track-b/20260427T022918Z-track-b-hybrid-sweep-dense-text-f121-p2x1-crf23-r0-960x540/contact-sheet.jpg
20260427T022749Z	dense-text	/Users/dennisonbertram/Develop/flipbook-research/outputs/track-v/20260425T134237Z-fal-kling-text-fixture-smoke-960x540/input.png	960x540	121	24	2.0	1.0	23	1	20260427T022918Z-track-b-hybrid-sweep-dense-text-f121-p2x1-crf23-r1-960x540	pass	105.2422079956159	3.922708914615214	3.005499951541424	0.0	98.28791592735797	1149.7288236772886	0.9996318300734663	0.011770946905016899	0.0006774237263016403	-1.0	/Users/dennisonbertram/Develop/flipbook-research/outputs/track-b/20260427T022918Z-track-b-hybrid-sweep-dense-text-f121-p2x1-crf23-r1-960x540/output.mp4	/Users/dennisonbertram/Develop/flipbook-research/outputs/track-b/20260427T022918Z-track-b-hybrid-sweep-dense-text-f121-p2x1-crf23-r1-960x540/contact-sheet.jpg
20260427T022749Z	dense-text	/Users/dennisonbertram/Develop/flipbook-research/outputs/track-v/20260425T134237Z-fal-kling-text-fixture-smoke-960x540/input.png	960x540	121	24	2.0	1.0	28	0	20260427T022919Z-track-b-hybrid-sweep-dense-text-f121-p2x1-crf28-r0-960x540	pass	97.83929109107703	3.839625045657158	2.884416957385838	0.0	91.09141596127301	1236.7219616029622	0.9996315304749932	0.01171931717544794	0.0007511801086366177	-1.0	/Users/dennisonbertram/Develop/flipbook-research/outputs/track-b/20260427T022919Z-track-b-hybrid-sweep-dense-text-f121-p2x1-crf28-r0-960x540/output.mp4	/Users/dennisonbertram/Develop/flipbook-research/outputs/track-b/20260427T022919Z-track-b-hybrid-sweep-dense-text-f121-p2x1-crf28-r0-960x540/contact-sheet.jpg
20260427T022749Z	dense-text	/Users/dennisonbertram/Develop/flipbook-research/outputs/track-v/20260425T134237Z-fal-kling-text-fixture-smoke-960x540/input.png	960x540	121	24	2.0	1.0	28	1	20260427T022919Z-track-b-hybrid-sweep-dense-text-f121-p2x1-crf28-r1-960x540	pass	97.4067080533132	3.7046249490231276	2.6419160421937704	0.0	91.03691705968231	1242.214241895677	0.9996315304749932	0.01171931717544794	0.0007511801086366177	-1.0	/Users/dennisonbertram/Develop/flipbook-research/outputs/track-b/20260427T022919Z-track-b-hybrid-sweep-dense-text-f121-p2x1-crf28-r1-960x540/output.mp4	/Users/dennisonbertram/Develop/flipbook-research/outputs/track-b/20260427T022919Z-track-b-hybrid-sweep-dense-text-f121-p2x1-crf28-r1-960x540/contact-sheet.jpg
20260427T022749Z	dense-text	/Users/dennisonbertram/Develop/flipbook-research/outputs/track-v/20260425T134237Z-fal-kling-text-fixture-smoke-960x540/input.png	960x540	121	24	3.0	1.5	18	0	20260427T022920Z-track-b-hybrid-sweep-dense-text-f121-p3x1-5-crf18-r0-960x540	pass	112.43966605979949	3.7879159208387136	2.8901250334456563	0.0	105.71820905897766	1076.13268733516	0.9991000298241935	0.019521983340382576	0.00040982055361382663	-1.0	/Users/dennisonbertram/Develop/flipbook-research/outputs/track-b/20260427T022920Z-track-b-hybrid-sweep-dense-text-f121-p3x1-5-crf18-r0-960x540/output.mp4	/Users/dennisonbertram/Develop/flipbook-research/outputs/track-b/20260427T022920Z-track-b-hybrid-sweep-dense-text-f121-p3x1-5-crf18-r0-960x540/contact-sheet.jpg
20260427T022749Z	dense-text	/Users/dennisonbertram/Develop/flipbook-research/outputs/track-v/20260425T134237Z-fal-kling-text-fixture-smoke-960x540/input.png	960x540	121	24	3.0	1.5	18	1	20260427T022920Z-track-b-hybrid-sweep-dense-text-f121-p3x1-5-crf18-r1-960x540	pass	117.97841708175838	3.7901659961789846	2.9663339955732226	0.0	111.1919580725953	1025.6113193665556	0.9991000298241935	0.019521983340382576	0.00040982055361382663	-1.0	/Users/dennisonbertram/Develop/flipbook-research/outputs/track-b/20260427T022920Z-track-b-hybrid-sweep-dense-text-f121-p3x1-5-crf18-r1-960x540/output.mp4	/Users/dennisonbertram/Develop/flipbook-research/outputs/track-b/20260427T022920Z-track-b-hybrid-sweep-dense-text-f121-p3x1-5-crf18-r1-960x540/contact-sheet.jpg
20260427T022749Z	dense-text	/Users/dennisonbertram/Develop/flipbook-research/outputs/track-v/20260425T134237Z-fal-kling-text-fixture-smoke-960x540/input.png	960x540	121	24	3.0	1.5	23	0	20260427T022921Z-track-b-hybrid-sweep-dense-text-f121-p3x1-5-crf23-r0-960x540	pass	109.246667008847	3.809291054494679	3.064541961066425	0.0	102.34316706191748	1107.5852775462815	0.9990994971248869	0.019686706364154816	0.0007593122427351773	-1.0	/Users/dennisonbertram/Develop/flipbook-research/outputs/track-b/20260427T022921Z-track-b-hybrid-sweep-dense-text-f121-p3x1-5-crf23-r0-960x540/output.mp4	/Users/dennisonbertram/Develop/flipbook-research/outputs/track-b/20260427T022921Z-track-b-hybrid-sweep-dense-text-f121-p3x1-5-crf23-r0-960x540/contact-sheet.jpg
20260427T022749Z	dense-text	/Users/dennisonbertram/Develop/flipbook-research/outputs/track-v/20260425T134237Z-fal-kling-text-fixture-smoke-960x540/input.png	960x540	121	24	3.0	1.5	23	1	20260427T022921Z-track-b-hybrid-sweep-dense-text-f121-p3x1-5-crf23-r1-960x540	pass	102.83316695131361	3.5886670229956508	2.8457079315558076	0.0	96.36816696729511	1176.663167996056	0.9990994971248869	0.019686706364154816	0.0007593122427351773	-1.0	/Users/dennisonbertram/Develop/flipbook-research/outputs/track-b/20260427T022921Z-track-b-hybrid-sweep-dense-text-f121-p3x1-5-crf23-r1-960x540/output.mp4	/Users/dennisonbertram/Develop/flipbook-research/outputs/track-b/20260427T022921Z-track-b-hybrid-sweep-dense-text-f121-p3x1-5-crf23-r1-960x540/contact-sheet.jpg
20260427T022749Z	dense-text	/Users/dennisonbertram/Develop/flipbook-research/outputs/track-v/20260425T134237Z-fal-kling-text-fixture-smoke-960x540/input.png	960x540	121	24	3.0	1.5	28	0	20260427T022921Z-track-b-hybrid-sweep-dense-text-f121-p3x1-5-crf28-r0-960x540	pass	109.05812494456768	3.939833026379347	2.953207935206592	0.0	102.12649998720735	1109.5000951236066	0.9990989945094646	0.0195804201066494	0.0008447939180769026	-1.0	/Users/dennisonbertram/Develop/flipbook-research/outputs/track-b/20260427T022921Z-track-b-hybrid-sweep-dense-text-f121-p3x1-5-crf28-r0-960x540/output.mp4	/Users/dennisonbertram/Develop/flipbook-research/outputs/track-b/20260427T022921Z-track-b-hybrid-sweep-dense-text-f121-p3x1-5-crf28-r0-960x540/contact-sheet.jpg
20260427T022749Z	dense-text	/Users/dennisonbertram/Develop/flipbook-research/outputs/track-v/20260425T134237Z-fal-kling-text-fixture-smoke-960x540/input.png	960x540	121	24	3.0	1.5	28	1	20260427T022922Z-track-b-hybrid-sweep-dense-text-f121-p3x1-5-crf28-r1-960x540	pass	106.17762501351535	3.97208402864635	3.03445803001523	0.0	99.13154097739607	1139.599797834976	0.9990989945094646	0.0195804201066494	0.0008447939180769026	-1.0	/Users/dennisonbertram/Develop/flipbook-research/outputs/track-b/20260427T022922Z-track-b-hybrid-sweep-dense-text-f121-p3x1-5-crf28-r1-960x540/output.mp4	/Users/dennisonbertram/Develop/flipbook-research/outputs/track-b/20260427T022922Z-track-b-hybrid-sweep-dense-text-f121-p3x1-5-crf28-r1-960x540/contact-sheet.jpg
20260427T022749Z	article	/Users/dennisonbertram/Develop/flipbook-research/fixtures/track-d/pages/trackd-0000-article.png	960x540	33	24	1.0	0.5	18	0	20260427T022922Z-track-b-hybrid-sweep-article-f33-p1x0-5-crf18-r0-960x540	quality_fail	58.15329193137586	3.7585829850286245	2.6312089757993817	0.0	51.73900001682341	567.4657255678982	0.9999350729028981	0.003360642120242119	0.00030391401378437877	-1.0	/Users/dennisonbertram/Develop/flipbook-research/outputs/track-b/20260427T022922Z-track-b-hybrid-sweep-article-f33-p1x0-5-crf18-r0-960x540/output.mp4	/Users/dennisonbertram/Develop/flipbook-research/outputs/track-b/20260427T022922Z-track-b-hybrid-sweep-article-f33-p1x0-5-crf18-r0-960x540/contact-sheet.jpg
20260427T022749Z	article	/Users/dennisonbertram/Develop/flipbook-research/fixtures/track-d/pages/trackd-0000-article.png	960x540	33	24	1.0	0.5	18	1	20260427T022923Z-track-b-hybrid-sweep-article-f33-p1x0-5-crf18-r1-960x540	quality_fail	58.075667009688914	3.5911250161007047	2.7044169837608933	0.0	51.75404192414135	568.2242098828503	0.9999350729028981	0.003360642120242119	0.00030391401378437877	-1.0	/Users/dennisonbertram/Develop/flipbook-research/outputs/track-b/20260427T022923Z-track-b-hybrid-sweep-article-f33-p1x0-5-crf18-r1-960x540/output.mp4	/Users/dennisonbertram/Develop/flipbook-research/outputs/track-b/20260427T022923Z-track-b-hybrid-sweep-article-f33-p1x0-5-crf18-r1-960x540/contact-sheet.jpg
20260427T022749Z	article	/Users/dennisonbertram/Develop/flipbook-research/fixtures/track-d/pages/trackd-0000-article.png	960x540	33	24	1.0	0.5	23	0	20260427T022923Z-track-b-hybrid-sweep-article-f33-p1x0-5-crf23-r0-960x540	quality_fail	56.506625027395785	3.6864590365439653	2.7010419871658087	0.0	50.09399994742125	584.0023180290948	0.9999347992336293	0.003415108425542712	0.0004652323841582984	-1.0	/Users/dennisonbertram/Develop/flipbook-research/outputs/track-b/20260427T022923Z-track-b-hybrid-sweep-article-f33-p1x0-5-crf23-r0-960x540/output.mp4	/Users/dennisonbertram/Develop/flipbook-research/outputs/track-b/20260427T022923Z-track-b-hybrid-sweep-article-f33-p1x0-5-crf23-r0-960x540/contact-sheet.jpg
20260427T022749Z	article	/Users/dennisonbertram/Develop/flipbook-research/fixtures/track-d/pages/trackd-0000-article.png	960x540	33	24	1.0	0.5	23	1	20260427T022923Z-track-b-hybrid-sweep-article-f33-p1x0-5-crf23-r1-960x540	quality_fail	55.28674996457994	3.6420830292627215	2.654333016835153	0.0	48.967290902510285	596.8880431774668	0.9999347992336293	0.003415108425542712	0.0004652323841582984	-1.0	/Users/dennisonbertram/Develop/flipbook-research/outputs/track-b/20260427T022923Z-track-b-hybrid-sweep-article-f33-p1x0-5-crf23-r1-960x540/output.mp4	/Users/dennisonbertram/Develop/flipbook-research/outputs/track-b/20260427T022923Z-track-b-hybrid-sweep-article-f33-p1x0-5-crf23-r1-960x540/contact-sheet.jpg
20260427T022749Z	article	/Users/dennisonbertram/Develop/flipbook-research/fixtures/track-d/pages/trackd-0000-article.png	960x540	33	24	1.0	0.5	28	0	20260427T022924Z-track-b-hybrid-sweep-article-f33-p1x0-5-crf28-r0-960x540	quality_fail	57.91679199319333	3.515666932798922	2.8086669044569135	0.0	51.56074999831617	569.7829397021562	0.9999345366920888	0.0035845588427037	0.0007905168458819389	-1.0	/Users/dennisonbertram/Develop/flipbook-research/outputs/track-b/20260427T022924Z-track-b-hybrid-sweep-article-f33-p1x0-5-crf28-r0-960x540/output.mp4	/Users/dennisonbertram/Develop/flipbook-research/outputs/track-b/20260427T022924Z-track-b-hybrid-sweep-article-f33-p1x0-5-crf28-r0-960x540/contact-sheet.jpg
20260427T022749Z	article	/Users/dennisonbertram/Develop/flipbook-research/fixtures/track-d/pages/trackd-0000-article.png	960x540	33	24	1.0	0.5	28	1	20260427T022924Z-track-b-hybrid-sweep-article-f33-p1x0-5-crf28-r1-960x540	quality_fail	54.53295796178281	3.6250000121071935	2.586167072877288	0.0	48.299542046152055	605.1386397034743	0.9999345366920888	0.0035845588427037	0.0007905168458819389	-1.0	/Users/dennisonbertram/Develop/flipbook-research/outputs/track-b/20260427T022924Z-track-b-hybrid-sweep-article-f33-p1x0-5-crf28-r1-960x540/output.mp4	/Users/dennisonbertram/Develop/flipbook-research/outputs/track-b/20260427T022924Z-track-b-hybrid-sweep-article-f33-p1x0-5-crf28-r1-960x540/contact-sheet.jpg
20260427T022749Z	article	/Users/dennisonbertram/Develop/flipbook-research/fixtures/track-d/pages/trackd-0000-article.png	960x540	33	24	2.0	1.0	18	0	20260427T022925Z-track-b-hybrid-sweep-article-f33-p2x1-crf18-r0-960x540	pass	61.55991705600172	3.7784160813316703	2.7647080132737756	0.0	54.98587491456419	536.0631004421195	0.9997018423741038	0.009504357352852821	0.00033890100894495845	-1.0	/Users/dennisonbertram/Develop/flipbook-research/outputs/track-b/20260427T022925Z-track-b-hybrid-sweep-article-f33-p2x1-crf18-r0-960x540/output.mp4	/Users/dennisonbertram/Develop/flipbook-research/outputs/track-b/20260427T022925Z-track-b-hybrid-sweep-article-f33-p2x1-crf18-r0-960x540/contact-sheet.jpg
20260427T022749Z	article	/Users/dennisonbertram/Develop/flipbook-research/fixtures/track-d/pages/trackd-0000-article.png	960x540	33	24	2.0	1.0	18	1	20260427T022925Z-track-b-hybrid-sweep-article-f33-p2x1-crf18-r1-960x540	pass	55.49904203508049	3.907624981366098	2.7694590389728546	0.0	48.79724991042167	594.6048578485547	0.9997018423741038	0.009504357352852821	0.00033890100894495845	-1.0	/Users/dennisonbertram/Develop/flipbook-research/outputs/track-b/20260427T022925Z-track-b-hybrid-sweep-article-f33-p2x1-crf18-r1-960x540/output.mp4	/Users/dennisonbertram/Develop/flipbook-research/outputs/track-b/20260427T022925Z-track-b-hybrid-sweep-article-f33-p2x1-crf18-r1-960x540/contact-sheet.jpg
20260427T022749Z	article	/Users/dennisonbertram/Develop/flipbook-research/fixtures/track-d/pages/trackd-0000-article.png	960x540	33	24	2.0	1.0	23	0	20260427T022925Z-track-b-hybrid-sweep-article-f33-p2x1-crf23-r0-960x540	pass	63.50141693837941	3.6990420194342732	2.7194999856874347	0.0	57.05145897809416	519.673443381942	0.9997020015942045	0.009416795335710049	0.0004279759887140244	-1.0	/Users/dennisonbertram/Develop/flipbook-research/outputs/track-b/20260427T022925Z-track-b-hybrid-sweep-article-f33-p2x1-crf23-r0-960x540/output.mp4	/Users/dennisonbertram/Develop/flipbook-research/outputs/track-b/20260427T022925Z-track-b-hybrid-sweep-article-f33-p2x1-crf23-r0-960x540/contact-sheet.jpg
20260427T022749Z	article	/Users/dennisonbertram/Develop/flipbook-research/fixtures/track-d/pages/trackd-0000-article.png	960x540	33	24	2.0	1.0	23	1	20260427T022926Z-track-b-hybrid-sweep-article-f33-p2x1-crf23-r1-960x540	pass	66.23683392535895	3.832958987914026	2.7091250522062182	0.0	59.667041990906	498.212218856763	0.9997020015942045	0.009416795335710049	0.0004279759887140244	-1.0	/Users/dennisonbertram/Develop/flipbook-research/outputs/track-b/20260427T022926Z-track-b-hybrid-sweep-article-f33-p2x1-crf23-r1-960x540/output.mp4	/Users/dennisonbertram/Develop/flipbook-research/outputs/track-b/20260427T022926Z-track-b-hybrid-sweep-article-f33-p2x1-crf23-r1-960x540/contact-sheet.jpg
20260427T022749Z	article	/Users/dennisonbertram/Develop/flipbook-research/fixtures/track-d/pages/trackd-0000-article.png	960x540	33	24	2.0	1.0	28	0	20260427T022926Z-track-b-hybrid-sweep-article-f33-p2x1-crf28-r0-960x540	pass	56.75700004212558	3.6363749532029033	2.6501669781282544	0.0	50.438374979421496	581.4260791709761	0.9997014364593689	0.00955901201814413	0.0007804935448803008	-1.0	/Users/dennisonbertram/Develop/flipbook-research/outputs/track-b/20260427T022926Z-track-b-hybrid-sweep-article-f33-p2x1-crf28-r0-960x540/output.mp4	/Users/dennisonbertram/Develop/flipbook-research/outputs/track-b/20260427T022926Z-track-b-hybrid-sweep-article-f33-p2x1-crf28-r0-960x540/contact-sheet.jpg
20260427T022749Z	article	/Users/dennisonbertram/Develop/flipbook-research/fixtures/track-d/pages/trackd-0000-article.png	960x540	33	24	2.0	1.0	28	1	20260427T022926Z-track-b-hybrid-sweep-article-f33-p2x1-crf28-r1-960x540	pass	56.78341700695455	3.659958951175213	2.779416972771287	0.0	50.31070893164724	581.1555862507944	0.9997014364593689	0.00955901201814413	0.0007804935448803008	-1.0	/Users/dennisonbertram/Develop/flipbook-research/outputs/track-b/20260427T022926Z-track-b-hybrid-sweep-article-f33-p2x1-crf28-r1-960x540/output.mp4	/Users/dennisonbertram/Develop/flipbook-research/outputs/track-b/20260427T022926Z-track-b-hybrid-sweep-article-f33-p2x1-crf28-r1-960x540/contact-sheet.jpg
20260427T022749Z	article	/Users/dennisonbertram/Develop/flipbook-research/fixtures/track-d/pages/trackd-0000-article.png	960x540	33	24	3.0	1.5	18	0	20260427T022927Z-track-b-hybrid-sweep-article-f33-p3x1-5-crf18-r0-960x540	pass	61.11158290877938	3.687666030600667	2.613208955153823	0.0	54.7872920287773	539.9958310564259	0.999290527937795	0.015834733843803406	0.0003213129530195147	-1.0	/Users/dennisonbertram/Develop/flipbook-research/outputs/track-b/20260427T022927Z-track-b-hybrid-sweep-article-f33-p3x1-5-crf18-r0-960x540/output.mp4	/Users/dennisonbertram/Develop/flipbook-research/outputs/track-b/20260427T022927Z-track-b-hybrid-sweep-article-f33-p3x1-5-crf18-r0-960x540/contact-sheet.jpg
20260427T022749Z	article	/Users/dennisonbertram/Develop/flipbook-research/fixtures/track-d/pages/trackd-0000-article.png	960x540	33	24	3.0	1.5	18	1	20260427T022927Z-track-b-hybrid-sweep-article-f33-p3x1-5-crf18-r1-960x540	pass	58.41391591820866	4.026666050776839	2.87220801692456	0.0	51.49070895276964	564.9338771639055	0.999290527937795	0.015834733843803406	0.0003213129530195147	-1.0	/Users/dennisonbertram/Develop/flipbook-research/outputs/track-b/20260427T022927Z-track-b-hybrid-sweep-article-f33-p3x1-5-crf18-r1-960x540/output.mp4	/Users/dennisonbertram/Develop/flipbook-research/outputs/track-b/20260427T022927Z-track-b-hybrid-sweep-article-f33-p3x1-5-crf18-r1-960x540/contact-sheet.jpg
20260427T022749Z	article	/Users/dennisonbertram/Develop/flipbook-research/fixtures/track-d/pages/trackd-0000-article.png	960x540	33	24	3.0	1.5	23	0	20260427T022928Z-track-b-hybrid-sweep-article-f33-p3x1-5-crf23-r0-960x540	pass	57.097749901004136	3.538832999765873	2.601834014058113	0.0	50.9349579224363	577.9562251965318	0.9992905172469997	0.01570764370262623	0.00047204067232087255	-1.0	/Users/dennisonbertram/Develop/flipbook-research/outputs/track-b/20260427T022928Z-track-b-hybrid-sweep-article-f33-p3x1-5-crf23-r0-960x540/output.mp4	/Users/dennisonbertram/Develop/flipbook-research/outputs/track-b/20260427T022928Z-track-b-hybrid-sweep-article-f33-p3x1-5-crf23-r0-960x540/contact-sheet.jpg
20260427T022749Z	article	/Users/dennisonbertram/Develop/flipbook-research/fixtures/track-d/pages/trackd-0000-article.png	960x540	33	24	3.0	1.5	23	1	20260427T022928Z-track-b-hybrid-sweep-article-f33-p3x1-5-crf23-r1-960x540	pass	57.00725002679974	3.7576659815385938	2.790750004351139	0.0	50.43466703500599	578.8737394714941	0.9992905172469997	0.01570764370262623	0.00047204067232087255	-1.0	/Users/dennisonbertram/Develop/flipbook-research/outputs/track-b/20260427T022928Z-track-b-hybrid-sweep-article-f33-p3x1-5-crf23-r1-960x540/output.mp4	/Users/dennisonbertram/Develop/flipbook-research/outputs/track-b/20260427T022928Z-track-b-hybrid-sweep-article-f33-p3x1-5-crf23-r1-960x540/contact-sheet.jpg
20260427T022749Z	article	/Users/dennisonbertram/Develop/flipbook-research/fixtures/track-d/pages/trackd-0000-article.png	960x540	33	24	3.0	1.5	28	0	20260427T022928Z-track-b-hybrid-sweep-article-f33-p3x1-5-crf28-r0-960x540	pass	60.742917004972696	4.214250016957521	2.8156249318271875	0.0	53.67804097477347	543.2732181317283	0.9992902035925857	0.015892980620265007	0.0007165713468566537	-1.0	/Users/dennisonbertram/Develop/flipbook-research/outputs/track-b/20260427T022928Z-track-b-hybrid-sweep-article-f33-p3x1-5-crf28-r0-960x540/output.mp4	/Users/dennisonbertram/Develop/flipbook-research/outputs/track-b/20260427T022928Z-track-b-hybrid-sweep-article-f33-p3x1-5-crf28-r0-960x540/contact-sheet.jpg
20260427T022749Z	article	/Users/dennisonbertram/Develop/flipbook-research/fixtures/track-d/pages/trackd-0000-article.png	960x540	33	24	3.0	1.5	28	1	20260427T022929Z-track-b-hybrid-sweep-article-f33-p3x1-5-crf28-r1-960x540	pass	58.81287495139986	3.8597090169787407	2.8767919866368175	0.0	52.050416939891875	561.1016299963165	0.9992902035925857	0.015892980620265007	0.0007165713468566537	-1.0	/Users/dennisonbertram/Develop/flipbook-research/outputs/track-b/20260427T022929Z-track-b-hybrid-sweep-article-f33-p3x1-5-crf28-r1-960x540/output.mp4	/Users/dennisonbertram/Develop/flipbook-research/outputs/track-b/20260427T022929Z-track-b-hybrid-sweep-article-f33-p3x1-5-crf28-r1-960x540/contact-sheet.jpg
20260427T022749Z	article	/Users/dennisonbertram/Develop/flipbook-research/fixtures/track-d/pages/trackd-0000-article.png	960x540	65	24	1.0	0.5	18	0	20260427T022929Z-track-b-hybrid-sweep-article-f65-p1x0-5-crf18-r0-960x540	quality_fail	72.18716701027006	3.810458001680672	2.988083055242896	0.0	65.35270903259516	900.4370540092322	0.9999352360630316	0.0033561033196747303	0.0003065616765525192	-1.0	/Users/dennisonbertram/Develop/flipbook-research/outputs/track-b/20260427T022929Z-track-b-hybrid-sweep-article-f65-p1x0-5-crf18-r0-960x540/output.mp4	/Users/dennisonbertram/Develop/flipbook-research/outputs/track-b/20260427T022929Z-track-b-hybrid-sweep-article-f65-p1x0-5-crf18-r0-960x540/contact-sheet.jpg
20260427T022749Z	article	/Users/dennisonbertram/Develop/flipbook-research/fixtures/track-d/pages/trackd-0000-article.png	960x540	65	24	1.0	0.5	18	1	20260427T022929Z-track-b-hybrid-sweep-article-f65-p1x0-5-crf18-r1-960x540	quality_fail	72.28295807726681	3.9185830391943455	2.7144160121679306	0.0	65.62520796433091	899.2437737608677	0.9999352360630316	0.0033561033196747303	0.0003065616765525192	-1.0	/Users/dennisonbertram/Develop/flipbook-research/outputs/track-b/20260427T022929Z-track-b-hybrid-sweep-article-f65-p1x0-5-crf18-r1-960x540/output.mp4	/Users/dennisonbertram/Develop/flipbook-research/outputs/track-b/20260427T022929Z-track-b-hybrid-sweep-article-f65-p1x0-5-crf18-r1-960x540/contact-sheet.jpg
20260427T022749Z	article	/Users/dennisonbertram/Develop/flipbook-research/fixtures/track-d/pages/trackd-0000-article.png	960x540	65	24	1.0	0.5	23	0	20260427T022930Z-track-b-hybrid-sweep-article-f65-p1x0-5-crf23-r0-960x540	quality_fail	71.16333406884223	3.6620409227907658	2.646500011906028	0.0	64.82920807320625	913.3917185094233	0.9999349517643826	0.003378230147063732	0.0004383775230962783	-1.0	/Users/dennisonbertram/Develop/flipbook-research/outputs/track-b/20260427T022930Z-track-b-hybrid-sweep-article-f65-p1x0-5-crf23-r0-960x540/output.mp4	/Users/dennisonbertram/Develop/flipbook-research/outputs/track-b/20260427T022930Z-track-b-hybrid-sweep-article-f65-p1x0-5-crf23-r0-960x540/contact-sheet.jpg
20260427T022749Z	article	/Users/dennisonbertram/Develop/flipbook-research/fixtures/track-d/pages/trackd-0000-article.png	960x540	65	24	1.0	0.5	23	1	20260427T022930Z-track-b-hybrid-sweep-article-f65-p1x0-5-crf23-r1-960x540	quality_fail	70.69329195655882	3.6644169595092535	2.624375047162175	0.0	64.37958299648017	919.4648912366769	0.9999349517643826	0.003378230147063732	0.0004383775230962783	-1.0	/Users/dennisonbertram/Develop/flipbook-research/outputs/track-b/20260427T022930Z-track-b-hybrid-sweep-article-f65-p1x0-5-crf23-r1-960x540/output.mp4	/Users/dennisonbertram/Develop/flipbook-research/outputs/track-b/20260427T022930Z-track-b-hybrid-sweep-article-f65-p1x0-5-crf23-r1-960x540/contact-sheet.jpg
20260427T022749Z	article	/Users/dennisonbertram/Develop/flipbook-research/fixtures/track-d/pages/trackd-0000-article.png	960x540	65	24	1.0	0.5	28	0	20260427T022931Z-track-b-hybrid-sweep-article-f65-p1x0-5-crf28-r0-960x540	quality_fail	70.88683301117271	3.784624976105988	2.825999981723726	0.0	64.24779200460762	916.9544926595202	0.9999347423743273	0.003579452633857727	0.0007944882963784039	-1.0	/Users/dennisonbertram/Develop/flipbook-research/outputs/track-b/20260427T022931Z-track-b-hybrid-sweep-article-f65-p1x0-5-crf28-r0-960x540/output.mp4	/Users/dennisonbertram/Develop/flipbook-research/outputs/track-b/20260427T022931Z-track-b-hybrid-sweep-article-f65-p1x0-5-crf28-r0-960x540/contact-sheet.jpg
20260427T022749Z	article	/Users/dennisonbertram/Develop/flipbook-research/fixtures/track-d/pages/trackd-0000-article.png	960x540	65	24	1.0	0.5	28	1	20260427T022931Z-track-b-hybrid-sweep-article-f65-p1x0-5-crf28-r1-960x540	quality_fail	74.61720902938396	3.995833918452263	3.0762499663978815	0.0	67.5136250210926	871.112721120449	0.9999347423743273	0.003579452633857727	0.0007944882963784039	-1.0	/Users/dennisonbertram/Develop/flipbook-research/outputs/track-b/20260427T022931Z-track-b-hybrid-sweep-article-f65-p1x0-5-crf28-r1-960x540/output.mp4	/Users/dennisonbertram/Develop/flipbook-research/outputs/track-b/20260427T022931Z-track-b-hybrid-sweep-article-f65-p1x0-5-crf28-r1-960x540/contact-sheet.jpg
20260427T022749Z	article	/Users/dennisonbertram/Develop/flipbook-research/fixtures/track-d/pages/trackd-0000-article.png	960x540	65	24	2.0	1.0	18	0	20260427T022931Z-track-b-hybrid-sweep-article-f65-p2x1-crf18-r0-960x540	pass	76.18908293079585	3.853165893815458	2.6711660902947187	0.0	69.63808403816074	853.1406009840133	0.9997017981207678	0.009519864805042744	0.00034476365544833243	-1.0	/Users/dennisonbertram/Develop/flipbook-research/outputs/track-b/20260427T022931Z-track-b-hybrid-sweep-article-f65-p2x1-crf18-r0-960x540/output.mp4	/Users/dennisonbertram/Develop/flipbook-research/outputs/track-b/20260427T022931Z-track-b-hybrid-sweep-article-f65-p2x1-crf18-r0-960x540/contact-sheet.jpg
20260427T022749Z	article	/Users/dennisonbertram/Develop/flipbook-research/fixtures/track-d/pages/trackd-0000-article.png	960x540	65	24	2.0	1.0	18	1	20260427T022932Z-track-b-hybrid-sweep-article-f65-p2x1-crf18-r1-960x540	pass	72.22574995830655	3.5648749908432364	2.7103329775854945	0.0	65.92625007033348	899.9560411282994	0.9997017981207678	0.009519864805042744	0.00034476365544833243	-1.0	/Users/dennisonbertram/Develop/flipbook-research/outputs/track-b/20260427T022932Z-track-b-hybrid-sweep-article-f65-p2x1-crf18-r1-960x540/output.mp4	/Users/dennisonbertram/Develop/flipbook-research/outputs/track-b/20260427T022932Z-track-b-hybrid-sweep-article-f65-p2x1-crf18-r1-960x540/contact-sheet.jpg
20260427T022749Z	article	/Users/dennisonbertram/Develop/flipbook-research/fixtures/track-d/pages/trackd-0000-article.png	960x540	65	24	2.0	1.0	23	0	20260427T022932Z-track-b-hybrid-sweep-article-f65-p2x1-crf23-r0-960x540	pass	72.37083301879466	3.886666032485664	2.7087919879704714	0.0	65.75120892375708	898.15188368938	0.9997015234771087	0.009490173310041428	0.0004794163105543703	-1.0	/Users/dennisonbertram/Develop/flipbook-research/outputs/track-b/20260427T022932Z-track-b-hybrid-sweep-article-f65-p2x1-crf23-r0-960x540/output.mp4	/Users/dennisonbertram/Develop/flipbook-research/outputs/track-b/20260427T022932Z-track-b-hybrid-sweep-article-f65-p2x1-crf23-r0-960x540/contact-sheet.jpg
20260427T022749Z	article	/Users/dennisonbertram/Develop/flipbook-research/fixtures/track-d/pages/trackd-0000-article.png	960x540	65	24	2.0	1.0	23	1	20260427T022933Z-track-b-hybrid-sweep-article-f65-p2x1-crf23-r1-960x540	pass	77.32162496540695	4.050791962072253	2.704167040064931	0.0	70.5402500461787	840.6445160597757	0.9997015234771087	0.009490173310041428	0.0004794163105543703	-1.0	/Users/dennisonbertram/Develop/flipbook-research/outputs/track-b/20260427T022933Z-track-b-hybrid-sweep-article-f65-p2x1-crf23-r1-960x540/output.mp4	/Users/dennisonbertram/Develop/flipbook-research/outputs/track-b/20260427T022933Z-track-b-hybrid-sweep-article-f65-p2x1-crf23-r1-960x540/contact-sheet.jpg
20260427T022749Z	article	/Users/dennisonbertram/Develop/flipbook-research/fixtures/track-d/pages/trackd-0000-article.png	960x540	65	24	2.0	1.0	28	0	20260427T022933Z-track-b-hybrid-sweep-article-f65-p2x1-crf28-r0-960x540	pass	74.26341704558581	3.6747079575434327	2.772207953967154	0.0	67.78270797803998	875.2627146162752	0.9997017526360761	0.009579437784850597	0.0008325012167915702	-1.0	/Users/dennisonbertram/Develop/flipbook-research/outputs/track-b/20260427T022933Z-track-b-hybrid-sweep-article-f65-p2x1-crf28-r0-960x540/output.mp4	/Users/dennisonbertram/Develop/flipbook-research/outputs/track-b/20260427T022933Z-track-b-hybrid-sweep-article-f65-p2x1-crf28-r0-960x540/contact-sheet.jpg
20260427T022749Z	article	/Users/dennisonbertram/Develop/flipbook-research/fixtures/track-d/pages/trackd-0000-article.png	960x540	65	24	2.0	1.0	28	1	20260427T022933Z-track-b-hybrid-sweep-article-f65-p2x1-crf28-r1-960x540	pass	71.64745789486915	3.2385418890044093	2.612708951346576	0.0	65.77250000555068	907.2199057693966	0.9997017526360761	0.009579437784850597	0.0008325012167915702	-1.0	/Users/dennisonbertram/Develop/flipbook-research/outputs/track-b/20260427T022933Z-track-b-hybrid-sweep-article-f65-p2x1-crf28-r1-960x540/output.mp4	/Users/dennisonbertram/Develop/flipbook-research/outputs/track-b/20260427T022933Z-track-b-hybrid-sweep-article-f65-p2x1-crf28-r1-960x540/contact-sheet.jpg
20260427T022749Z	article	/Users/dennisonbertram/Develop/flipbook-research/fixtures/track-d/pages/trackd-0000-article.png	960x540	65	24	3.0	1.5	18	0	20260427T022934Z-track-b-hybrid-sweep-article-f65-p3x1-5-crf18-r0-960x540	pass	76.09241700265557	3.6373749608173966	3.0438749818131328	0.0	69.38212504610419	854.2244097428467	0.9992906979922987	0.015855345875024796	0.000347222201526165	-1.0	/Users/dennisonbertram/Develop/flipbook-research/outputs/track-b/20260427T022934Z-track-b-hybrid-sweep-article-f65-p3x1-5-crf18-r0-960x540/output.mp4	/Users/dennisonbertram/Develop/flipbook-research/outputs/track-b/20260427T022934Z-track-b-hybrid-sweep-article-f65-p3x1-5-crf18-r0-960x540/contact-sheet.jpg
20260427T022749Z	article	/Users/dennisonbertram/Develop/flipbook-research/fixtures/track-d/pages/trackd-0000-article.png	960x540	65	24	3.0	1.5	18	1	20260427T022934Z-track-b-hybrid-sweep-article-f65-p3x1-5-crf18-r1-960x540	pass	75.44279098510742	3.8859170163050294	2.8725420124828815	0.0	68.65616596769542	861.5800018961539	0.9992906979922987	0.015855345875024796	0.000347222201526165	-1.0	/Users/dennisonbertram/Develop/flipbook-research/outputs/track-b/20260427T022934Z-track-b-hybrid-sweep-article-f65-p3x1-5-crf18-r1-960x540/output.mp4	/Users/dennisonbertram/Develop/flipbook-research/outputs/track-b/20260427T022934Z-track-b-hybrid-sweep-article-f65-p3x1-5-crf18-r1-960x540/contact-sheet.jpg
20260427T022749Z	article	/Users/dennisonbertram/Develop/flipbook-research/fixtures/track-d/pages/trackd-0000-article.png	960x540	65	24	3.0	1.5	23	0	20260427T022935Z-track-b-hybrid-sweep-article-f65-p3x1-5-crf23-r0-960x540	pass	79.71829199232161	3.857749979943037	2.766083925962448	0.0	73.06595903355628	815.3712074797179	0.9992894796996366	0.01578575000166893	0.0004553982289507985	-1.0	/Users/dennisonbertram/Develop/flipbook-research/outputs/track-b/20260427T022935Z-track-b-hybrid-sweep-article-f65-p3x1-5-crf23-r0-960x540/output.mp4	/Users/dennisonbertram/Develop/flipbook-research/outputs/track-b/20260427T022935Z-track-b-hybrid-sweep-article-f65-p3x1-5-crf23-r0-960x540/contact-sheet.jpg
20260427T022749Z	article	/Users/dennisonbertram/Develop/flipbook-research/fixtures/track-d/pages/trackd-0000-article.png	960x540	65	24	3.0	1.5	23	1	20260427T022935Z-track-b-hybrid-sweep-article-f65-p3x1-5-crf23-r1-960x540	pass	76.37620798777789	3.785541979596019	3.0850829789415	0.0	69.46337502449751	851.050369120206	0.9992894796996366	0.01578575000166893	0.0004553982289507985	-1.0	/Users/dennisonbertram/Develop/flipbook-research/outputs/track-b/20260427T022935Z-track-b-hybrid-sweep-article-f65-p3x1-5-crf23-r1-960x540/output.mp4	/Users/dennisonbertram/Develop/flipbook-research/outputs/track-b/20260427T022935Z-track-b-hybrid-sweep-article-f65-p3x1-5-crf23-r1-960x540/contact-sheet.jpg
20260427T022749Z	article	/Users/dennisonbertram/Develop/flipbook-research/fixtures/track-d/pages/trackd-0000-article.png	960x540	65	24	3.0	1.5	28	0	20260427T022935Z-track-b-hybrid-sweep-article-f65-p3x1-5-crf28-r0-960x540	pass	77.10687501821667	4.317000042647123	3.0512920347973704	0.0	69.7089999448508	842.9857906268878	0.9992898218775047	0.015888631343841553	0.0008226670324802399	-1.0	/Users/dennisonbertram/Develop/flipbook-research/outputs/track-b/20260427T022935Z-track-b-hybrid-sweep-article-f65-p3x1-5-crf28-r0-960x540/output.mp4	/Users/dennisonbertram/Develop/flipbook-research/outputs/track-b/20260427T022935Z-track-b-hybrid-sweep-article-f65-p3x1-5-crf28-r0-960x540/contact-sheet.jpg
20260427T022749Z	article	/Users/dennisonbertram/Develop/flipbook-research/fixtures/track-d/pages/trackd-0000-article.png	960x540	65	24	3.0	1.5	28	1	20260427T022936Z-track-b-hybrid-sweep-article-f65-p3x1-5-crf28-r1-960x540	pass	83.60641705803573	4.165499936789274	3.3374170307070017	0.0	76.06958399992436	777.4522852101171	0.9992898218775047	0.015888631343841553	0.0008226670324802399	-1.0	/Users/dennisonbertram/Develop/flipbook-research/outputs/track-b/20260427T022936Z-track-b-hybrid-sweep-article-f65-p3x1-5-crf28-r1-960x540/output.mp4	/Users/dennisonbertram/Develop/flipbook-research/outputs/track-b/20260427T022936Z-track-b-hybrid-sweep-article-f65-p3x1-5-crf28-r1-960x540/contact-sheet.jpg
20260427T022749Z	article	/Users/dennisonbertram/Develop/flipbook-research/fixtures/track-d/pages/trackd-0000-article.png	960x540	121	24	1.0	0.5	18	0	20260427T022936Z-track-b-hybrid-sweep-article-f121-p1x0-5-crf18-r0-960x540	quality_fail	99.67070899438113	3.6667080130428076	2.581459004431963	0.0	93.40045799035579	1213.997584855359	0.9999352353178018	0.0033561033196747303	0.00030599432648159564	-1.0	/Users/dennisonbertram/Develop/flipbook-research/outputs/track-b/20260427T022936Z-track-b-hybrid-sweep-article-f121-p1x0-5-crf18-r0-960x540/output.mp4	/Users/dennisonbertram/Develop/flipbook-research/outputs/track-b/20260427T022936Z-track-b-hybrid-sweep-article-f121-p1x0-5-crf18-r0-960x540/contact-sheet.jpg
20260427T022749Z	article	/Users/dennisonbertram/Develop/flipbook-research/fixtures/track-d/pages/trackd-0000-article.png	960x540	121	24	1.0	0.5	18	1	20260427T022937Z-track-b-hybrid-sweep-article-f121-p1x0-5-crf18-r1-960x540	quality_fail	103.96220802795142	3.746083937585354	2.635583048686385	0.0	97.55020798183978	1163.8844758613416	0.9999352353178018	0.0033561033196747303	0.00030599432648159564	-1.0	/Users/dennisonbertram/Develop/flipbook-research/outputs/track-b/20260427T022937Z-track-b-hybrid-sweep-article-f121-p1x0-5-crf18-r1-960x540/output.mp4	/Users/dennisonbertram/Develop/flipbook-research/outputs/track-b/20260427T022937Z-track-b-hybrid-sweep-article-f121-p1x0-5-crf18-r1-960x540/contact-sheet.jpg
20260427T022749Z	article	/Users/dennisonbertram/Develop/flipbook-research/fixtures/track-d/pages/trackd-0000-article.png	960x540	121	24	1.0	0.5	23	0	20260427T022937Z-track-b-hybrid-sweep-article-f121-p1x0-5-crf23-r0-960x540	quality_fail	104.9583749845624	4.1884999955073	2.7520839357748628	0.0	97.994374926202	1152.8379704601664	0.9999349517643826	0.003378230147063732	0.0004383775230962783	-1.0	/Users/dennisonbertram/Develop/flipbook-research/outputs/track-b/20260427T022937Z-track-b-hybrid-sweep-article-f121-p1x0-5-crf23-r0-960x540/output.mp4	/Users/dennisonbertram/Develop/flipbook-research/outputs/track-b/20260427T022937Z-track-b-hybrid-sweep-article-f121-p1x0-5-crf23-r0-960x540/contact-sheet.jpg
20260427T022749Z	article	/Users/dennisonbertram/Develop/flipbook-research/fixtures/track-d/pages/trackd-0000-article.png	960x540	121	24	1.0	0.5	23	1	20260427T022937Z-track-b-hybrid-sweep-article-f121-p1x0-5-crf23-r1-960x540	quality_fail	97.4661250365898	3.9809170411899686	2.896458958275616	0.0	90.5607909662649	1241.4569672753005	0.9999349517643826	0.003378230147063732	0.0004383775230962783	-1.0	/Users/dennisonbertram/Develop/flipbook-research/outputs/track-b/20260427T022937Z-track-b-hybrid-sweep-article-f121-p1x0-5-crf23-r1-960x540/output.mp4	/Users/dennisonbertram/Develop/flipbook-research/outputs/track-b/20260427T022937Z-track-b-hybrid-sweep-article-f121-p1x0-5-crf23-r1-960x540/contact-sheet.jpg
20260427T022749Z	article	/Users/dennisonbertram/Develop/flipbook-research/fixtures/track-d/pages/trackd-0000-article.png	960x540	121	24	1.0	0.5	28	0	20260427T022938Z-track-b-hybrid-sweep-article-f121-p1x0-5-crf28-r0-960x540	quality_fail	96.90866700839251	3.5342919873073697	2.6308749802410603	0.0	90.71795805357397	1248.5983321751926	0.9999347423743273	0.003579452633857727	0.0007944882963784039	-1.0	/Users/dennisonbertram/Develop/flipbook-research/outputs/track-b/20260427T022938Z-track-b-hybrid-sweep-article-f121-p1x0-5-crf28-r0-960x540/output.mp4	/Users/dennisonbertram/Develop/flipbook-research/outputs/track-b/20260427T022938Z-track-b-hybrid-sweep-article-f121-p1x0-5-crf28-r0-960x540/contact-sheet.jpg
20260427T022749Z	article	/Users/dennisonbertram/Develop/flipbook-research/fixtures/track-d/pages/trackd-0000-article.png	960x540	121	24	1.0	0.5	28	1	20260427T022938Z-track-b-hybrid-sweep-article-f121-p1x0-5-crf28-r1-960x540	quality_fail	104.7369580483064	4.005957976914942	2.7823339914903045	0.0	97.91712497826666	1155.2751030270788	0.9999347423743273	0.003579452633857727	0.0007944882963784039	-1.0	/Users/dennisonbertram/Develop/flipbook-research/outputs/track-b/20260427T022938Z-track-b-hybrid-sweep-article-f121-p1x0-5-crf28-r1-960x540/output.mp4	/Users/dennisonbertram/Develop/flipbook-research/outputs/track-b/20260427T022938Z-track-b-hybrid-sweep-article-f121-p1x0-5-crf28-r1-960x540/contact-sheet.jpg
20260427T022749Z	article	/Users/dennisonbertram/Develop/flipbook-research/fixtures/track-d/pages/trackd-0000-article.png	960x540	121	24	2.0	1.0	18	0	20260427T022939Z-track-b-hybrid-sweep-article-f121-p2x1-crf18-r0-960x540	pass	105.08629097603261	4.041415988467634	3.013832960277796	0.0	98.00474997609854	1151.4346816902776	0.999701728169374	0.009526862762868404	0.0003515719436109066	-1.0	/Users/dennisonbertram/Develop/flipbook-research/outputs/track-b/20260427T022939Z-track-b-hybrid-sweep-article-f121-p2x1-crf18-r0-960x540/output.mp4	/Users/dennisonbertram/Develop/flipbook-research/outputs/track-b/20260427T022939Z-track-b-hybrid-sweep-article-f121-p2x1-crf18-r0-960x540/contact-sheet.jpg
20260427T022749Z	article	/Users/dennisonbertram/Develop/flipbook-research/fixtures/track-d/pages/trackd-0000-article.png	960x540	121	24	2.0	1.0	18	1	20260427T022939Z-track-b-hybrid-sweep-article-f121-p2x1-crf18-r1-960x540	pass	98.6616670852527	3.7333329673856497	2.6368750259280205	0.0	92.26725006010383	1226.413495480924	0.999701728169374	0.009526862762868404	0.0003515719436109066	-1.0	/Users/dennisonbertram/Develop/flipbook-research/outputs/track-b/20260427T022939Z-track-b-hybrid-sweep-article-f121-p2x1-crf18-r1-960x540/output.mp4	/Users/dennisonbertram/Develop/flipbook-research/outputs/track-b/20260427T022939Z-track-b-hybrid-sweep-article-f121-p2x1-crf18-r1-960x540/contact-sheet.jpg
20260427T022749Z	article	/Users/dennisonbertram/Develop/flipbook-research/fixtures/track-d/pages/trackd-0000-article.png	960x540	121	24	2.0	1.0	23	0	20260427T022940Z-track-b-hybrid-sweep-article-f121-p2x1-crf23-r0-960x540	pass	97.34179207589477	3.8656670367345214	2.6845410466194153	0.0	90.7660840312019	1243.0426584468423	0.9997018690819957	0.009425494819879532	0.0004533178871497512	-1.0	/Users/dennisonbertram/Develop/flipbook-research/outputs/track-b/20260427T022940Z-track-b-hybrid-sweep-article-f121-p2x1-crf23-r0-960x540/output.mp4	/Users/dennisonbertram/Develop/flipbook-research/outputs/track-b/20260427T022940Z-track-b-hybrid-sweep-article-f121-p2x1-crf23-r0-960x540/contact-sheet.jpg
20260427T022749Z	article	/Users/dennisonbertram/Develop/flipbook-research/fixtures/track-d/pages/trackd-0000-article.png	960x540	121	24	2.0	1.0	23	1	20260427T022940Z-track-b-hybrid-sweep-article-f121-p2x1-crf23-r1-960x540	pass	99.71412492450327	3.7976669846102595	2.6982079725712538	0.0	93.19358400534838	1213.469005435418	0.9997018690819957	0.009425494819879532	0.0004533178871497512	-1.0	/Users/dennisonbertram/Develop/flipbook-research/outputs/track-b/20260427T022940Z-track-b-hybrid-sweep-article-f121-p2x1-crf23-r1-960x540/output.mp4	/Users/dennisonbertram/Develop/flipbook-research/outputs/track-b/20260427T022940Z-track-b-hybrid-sweep-article-f121-p2x1-crf23-r1-960x540/contact-sheet.jpg
20260427T022749Z	article	/Users/dennisonbertram/Develop/flipbook-research/fixtures/track-d/pages/trackd-0000-article.png	960x540	121	24	2.0	1.0	28	0	20260427T022940Z-track-b-hybrid-sweep-article-f121-p2x1-crf28-r0-960x540	pass	103.053875034675	4.127832944504917	2.93049996253103	0.0	95.96758300904185	1174.1431359013582	0.9997020928135258	0.009535183198750019	0.0007810608949512243	-1.0	/Users/dennisonbertram/Develop/flipbook-research/outputs/track-b/20260427T022940Z-track-b-hybrid-sweep-article-f121-p2x1-crf28-r0-960x540/output.mp4	/Users/dennisonbertram/Develop/flipbook-research/outputs/track-b/20260427T022940Z-track-b-hybrid-sweep-article-f121-p2x1-crf28-r0-960x540/contact-sheet.jpg
20260427T022749Z	article	/Users/dennisonbertram/Develop/flipbook-research/fixtures/track-d/pages/trackd-0000-article.png	960x540	121	24	2.0	1.0	28	1	20260427T022941Z-track-b-hybrid-sweep-article-f121-p2x1-crf28-r1-960x540	pass	95.3151669818908	4.01254091411829	2.808458055369556	0.0	88.46508397255093	1269.4726750359587	0.9997020928135258	0.009535183198750019	0.0007810608949512243	-1.0	/Users/dennisonbertram/Develop/flipbook-research/outputs/track-b/20260427T022941Z-track-b-hybrid-sweep-article-f121-p2x1-crf28-r1-960x540/output.mp4	/Users/dennisonbertram/Develop/flipbook-research/outputs/track-b/20260427T022941Z-track-b-hybrid-sweep-article-f121-p2x1-crf28-r1-960x540/contact-sheet.jpg
20260427T022749Z	article	/Users/dennisonbertram/Develop/flipbook-research/fixtures/track-d/pages/trackd-0000-article.png	960x540	121	24	3.0	1.5	18	0	20260427T022941Z-track-b-hybrid-sweep-article-f121-p3x1-5-crf18-r0-960x540	pass	108.73404203448445	3.428083029575646	3.667582990601659	0.0	101.56033304519951	1112.8069713588452	0.9992901783045722	0.015825655311346054	0.00036443202407099307	-1.0	/Users/dennisonbertram/Develop/flipbook-research/outputs/track-b/20260427T022941Z-track-b-hybrid-sweep-article-f121-p3x1-5-crf18-r0-960x540/output.mp4	/Users/dennisonbertram/Develop/flipbook-research/outputs/track-b/20260427T022941Z-track-b-hybrid-sweep-article-f121-p3x1-5-crf18-r0-960x540/contact-sheet.jpg
20260427T022749Z	article	/Users/dennisonbertram/Develop/flipbook-research/fixtures/track-d/pages/trackd-0000-article.png	960x540	121	24	3.0	1.5	18	1	20260427T022942Z-track-b-hybrid-sweep-article-f121-p3x1-5-crf18-r1-960x540	pass	107.132124947384	4.247000091709197	2.91366595774889	0.0	99.94766698218882	1129.4464667757402	0.9992901783045722	0.015825655311346054	0.00036443202407099307	-1.0	/Users/dennisonbertram/Develop/flipbook-research/outputs/track-b/20260427T022942Z-track-b-hybrid-sweep-article-f121-p3x1-5-crf18-r1-960x540/output.mp4	/Users/dennisonbertram/Develop/flipbook-research/outputs/track-b/20260427T022942Z-track-b-hybrid-sweep-article-f121-p3x1-5-crf18-r1-960x540/contact-sheet.jpg
20260427T022749Z	article	/Users/dennisonbertram/Develop/flipbook-research/fixtures/track-d/pages/trackd-0000-article.png	960x540	121	24	3.0	1.5	23	0	20260427T022942Z-track-b-hybrid-sweep-article-f121-p3x1-5-crf23-r0-960x540	pass	110.53779197391123	3.7247079890221357	2.8908749809488654	0.0	103.88737497851253	1094.6482450866943	0.9992897234545998	0.01579180359840393	0.000489439582452178	-1.0	/Users/dennisonbertram/Develop/flipbook-research/outputs/track-b/20260427T022942Z-track-b-hybrid-sweep-article-f121-p3x1-5-crf23-r0-960x540/output.mp4	/Users/dennisonbertram/Develop/flipbook-research/outputs/track-b/20260427T022942Z-track-b-hybrid-sweep-article-f121-p3x1-5-crf23-r0-960x540/contact-sheet.jpg
20260427T022749Z	article	/Users/dennisonbertram/Develop/flipbook-research/fixtures/track-d/pages/trackd-0000-article.png	960x540	121	24	3.0	1.5	23	1	20260427T022943Z-track-b-hybrid-sweep-article-f121-p3x1-5-crf23-r1-960x540	pass	103.5781669197604	4.712624941021204	3.0081250006332994	0.0	95.82816704642028	1168.1998590855144	0.9992897234545998	0.01579180359840393	0.000489439582452178	-1.0	/Users/dennisonbertram/Develop/flipbook-research/outputs/track-b/20260427T022943Z-track-b-hybrid-sweep-article-f121-p3x1-5-crf23-r1-960x540/output.mp4	/Users/dennisonbertram/Develop/flipbook-research/outputs/track-b/20260427T022943Z-track-b-hybrid-sweep-article-f121-p3x1-5-crf23-r1-960x540/contact-sheet.jpg
20260427T022749Z	article	/Users/dennisonbertram/Develop/flipbook-research/fixtures/track-d/pages/trackd-0000-article.png	960x540	121	24	3.0	1.5	28	0	20260427T022943Z-track-b-hybrid-sweep-article-f121-p3x1-5-crf28-r0-960x540	pass	102.60862507857382	3.9440420223399997	2.801500027999282	0.0	95.83324997220188	1179.2380992079638	0.999289984248104	0.015898656100034714	0.0007666878518648446	-1.0	/Users/dennisonbertram/Develop/flipbook-research/outputs/track-b/20260427T022943Z-track-b-hybrid-sweep-article-f121-p3x1-5-crf28-r0-960x540/output.mp4	/Users/dennisonbertram/Develop/flipbook-research/outputs/track-b/20260427T022943Z-track-b-hybrid-sweep-article-f121-p3x1-5-crf28-r0-960x540/contact-sheet.jpg
20260427T022749Z	article	/Users/dennisonbertram/Develop/flipbook-research/fixtures/track-d/pages/trackd-0000-article.png	960x540	121	24	3.0	1.5	28	1	20260427T022943Z-track-b-hybrid-sweep-article-f121-p3x1-5-crf28-r1-960x540	pass	96.22937510721385	3.9744999958202243	2.8059169417247176	0.0	89.42220907192677	1257.4123012353346	0.999289984248104	0.015898656100034714	0.0007666878518648446	-1.0	/Users/dennisonbertram/Develop/flipbook-research/outputs/track-b/20260427T022943Z-track-b-hybrid-sweep-article-f121-p3x1-5-crf28-r1-960x540/output.mp4	/Users/dennisonbertram/Develop/flipbook-research/outputs/track-b/20260427T022943Z-track-b-hybrid-sweep-article-f121-p3x1-5-crf28-r1-960x540/contact-sheet.jpg
20260427T022749Z	dashboard	/Users/dennisonbertram/Develop/flipbook-research/fixtures/track-d/pages/trackd-0001-dashboard.png	960x540	33	24	1.0	0.5	18	0	20260427T022944Z-track-b-hybrid-sweep-dashboard-f33-p1x0-5-crf18-r0-960x540	quality_fail	57.490917039103806	3.5583749413490295	2.7991250390186906	0.0	51.10820790287107	574.0037157096358	0.9999530458664201	0.002873850055038929	0.0001633986976230517	-1.0	/Users/dennisonbertram/Develop/flipbook-research/outputs/track-b/20260427T022944Z-track-b-hybrid-sweep-dashboard-f33-p1x0-5-crf18-r0-960x540/output.mp4	/Users/dennisonbertram/Develop/flipbook-research/outputs/track-b/20260427T022944Z-track-b-hybrid-sweep-dashboard-f33-p1x0-5-crf18-r0-960x540/contact-sheet.jpg
20260427T022749Z	dashboard	/Users/dennisonbertram/Develop/flipbook-research/fixtures/track-d/pages/trackd-0001-dashboard.png	960x540	33	24	1.0	0.5	18	1	20260427T022944Z-track-b-hybrid-sweep-dashboard-f33-p1x0-5-crf18-r1-960x540	quality_fail	62.217541970312595	3.9664580253884196	2.7518339920789003	0.0	55.46649999450892	530.3970384388716	0.9999530458664201	0.002873850055038929	0.0001633986976230517	-1.0	/Users/dennisonbertram/Develop/flipbook-research/outputs/track-b/20260427T022944Z-track-b-hybrid-sweep-dashboard-f33-p1x0-5-crf18-r1-960x540/output.mp4	/Users/dennisonbertram/Develop/flipbook-research/outputs/track-b/20260427T022944Z-track-b-hybrid-sweep-dashboard-f33-p1x0-5-crf18-r1-960x540/contact-sheet.jpg
20260427T022749Z	dashboard	/Users/dennisonbertram/Develop/flipbook-research/fixtures/track-d/pages/trackd-0001-dashboard.png	960x540	33	24	1.0	0.5	23	0	20260427T022945Z-track-b-hybrid-sweep-dashboard-f33-p1x0-5-crf23-r0-960x540	quality_fail	60.08637498598546	4.005082999356091	2.7894999366253614	0.0	53.26629104092717	549.2093674763524	0.9999528629300412	0.0029368267860263586	0.00030164458439685404	-1.0	/Users/dennisonbertram/Develop/flipbook-research/outputs/track-b/20260427T022945Z-track-b-hybrid-sweep-dashboard-f33-p1x0-5-crf23-r0-960x540/output.mp4	/Users/dennisonbertram/Develop/flipbook-research/outputs/track-b/20260427T022945Z-track-b-hybrid-sweep-dashboard-f33-p1x0-5-crf23-r0-960x540/contact-sheet.jpg
20260427T022749Z	dashboard	/Users/dennisonbertram/Develop/flipbook-research/fixtures/track-d/pages/trackd-0001-dashboard.png	960x540	33	24	1.0	0.5	23	1	20260427T022945Z-track-b-hybrid-sweep-dashboard-f33-p1x0-5-crf23-r1-960x540	quality_fail	57.579000014811754	3.715875092893839	2.673500101082027	0.0	51.16220796480775	573.1256185677245	0.9999528629300412	0.0029368267860263586	0.00030164458439685404	-1.0	/Users/dennisonbertram/Develop/flipbook-research/outputs/track-b/20260427T022945Z-track-b-hybrid-sweep-dashboard-f33-p1x0-5-crf23-r1-960x540/output.mp4	/Users/dennisonbertram/Develop/flipbook-research/outputs/track-b/20260427T022945Z-track-b-hybrid-sweep-dashboard-f33-p1x0-5-crf23-r1-960x540/contact-sheet.jpg
20260427T022749Z	dashboard	/Users/dennisonbertram/Develop/flipbook-research/fixtures/track-d/pages/trackd-0001-dashboard.png	960x540	33	24	1.0	0.5	28	0	20260427T022945Z-track-b-hybrid-sweep-dashboard-f33-p1x0-5-crf28-r0-960x540	quality_fail	55.537958978675306	3.643207950517535	2.631459035910666	0.0	49.2371249711141	594.1882022108678	0.999951780376779	0.003119515487924218	0.0005361519870348275	-1.0	/Users/dennisonbertram/Develop/flipbook-research/outputs/track-b/20260427T022945Z-track-b-hybrid-sweep-dashboard-f33-p1x0-5-crf28-r0-960x540/output.mp4	/Users/dennisonbertram/Develop/flipbook-research/outputs/track-b/20260427T022945Z-track-b-hybrid-sweep-dashboard-f33-p1x0-5-crf28-r0-960x540/contact-sheet.jpg
20260427T022749Z	dashboard	/Users/dennisonbertram/Develop/flipbook-research/fixtures/track-d/pages/trackd-0001-dashboard.png	960x540	33	24	1.0	0.5	28	1	20260427T022946Z-track-b-hybrid-sweep-dashboard-f33-p1x0-5-crf28-r1-960x540	quality_fail	62.227207934483886	3.9509159978479147	2.8373749228194356	0.0	55.40958303026855	530.3146500602141	0.999951780376779	0.003119515487924218	0.0005361519870348275	-1.0	/Users/dennisonbertram/Develop/flipbook-research/outputs/track-b/20260427T022946Z-track-b-hybrid-sweep-dashboard-f33-p1x0-5-crf28-r1-960x540/output.mp4	/Users/dennisonbertram/Develop/flipbook-research/outputs/track-b/20260427T022946Z-track-b-hybrid-sweep-dashboard-f33-p1x0-5-crf28-r1-960x540/contact-sheet.jpg
20260427T022749Z	dashboard	/Users/dennisonbertram/Develop/flipbook-research/fixtures/track-d/pages/trackd-0001-dashboard.png	960x540	33	24	2.0	1.0	18	0	20260427T022946Z-track-b-hybrid-sweep-dashboard-f33-p2x1-crf18-r0-960x540	pass	57.991832960397005	3.8001249777153134	2.871957956813276	0.0	51.296915975399315	569.0456451434447	0.9997839451868932	0.0079428032040596	0.00016037280147429556	-1.0	/Users/dennisonbertram/Develop/flipbook-research/outputs/track-b/20260427T022946Z-track-b-hybrid-sweep-dashboard-f33-p2x1-crf18-r0-960x540/output.mp4	/Users/dennisonbertram/Develop/flipbook-research/outputs/track-b/20260427T022946Z-track-b-hybrid-sweep-dashboard-f33-p2x1-crf18-r0-960x540/contact-sheet.jpg
20260427T022749Z	dashboard	/Users/dennisonbertram/Develop/flipbook-research/fixtures/track-d/pages/trackd-0001-dashboard.png	960x540	33	24	2.0	1.0	18	1	20260427T022946Z-track-b-hybrid-sweep-dashboard-f33-p2x1-crf18-r1-960x540	pass	56.91958393435925	4.052083007991314	2.852040925063193	0.0	49.989207996986806	579.765306051011	0.9997839451868932	0.0079428032040596	0.00016037280147429556	-1.0	/Users/dennisonbertram/Develop/flipbook-research/outputs/track-b/20260427T022946Z-track-b-hybrid-sweep-dashboard-f33-p2x1-crf18-r1-960x540/output.mp4	/Users/dennisonbertram/Develop/flipbook-research/outputs/track-b/20260427T022946Z-track-b-hybrid-sweep-dashboard-f33-p2x1-crf18-r1-960x540/contact-sheet.jpg
20260427T022749Z	dashboard	/Users/dennisonbertram/Develop/flipbook-research/fixtures/track-d/pages/trackd-0001-dashboard.png	960x540	33	24	2.0	1.0	23	0	20260427T022947Z-track-b-hybrid-sweep-dashboard-f33-p2x1-crf23-r0-960x540	pass	57.54995800089091	3.903375007212162	3.093124949373305	0.0	50.5273750750348	573.4148407109027	0.9997825469430496	0.008034336380660534	0.00029313424602150917	-1.0	/Users/dennisonbertram/Develop/flipbook-research/outputs/track-b/20260427T022947Z-track-b-hybrid-sweep-dashboard-f33-p2x1-crf23-r0-960x540/output.mp4	/Users/dennisonbertram/Develop/flipbook-research/outputs/track-b/20260427T022947Z-track-b-hybrid-sweep-dashboard-f33-p2x1-crf23-r0-960x540/contact-sheet.jpg
20260427T022749Z	dashboard	/Users/dennisonbertram/Develop/flipbook-research/fixtures/track-d/pages/trackd-0001-dashboard.png	960x540	33	24	2.0	1.0	23	1	20260427T022947Z-track-b-hybrid-sweep-dashboard-f33-p2x1-crf23-r1-960x540	pass	61.23354099690914	3.921666997484863	3.222999977879226	0.0	54.05712500214577	538.9203280219533	0.9997825469430496	0.008034336380660534	0.00029313424602150917	-1.0	/Users/dennisonbertram/Develop/flipbook-research/outputs/track-b/20260427T022947Z-track-b-hybrid-sweep-dashboard-f33-p2x1-crf23-r1-960x540/output.mp4	/Users/dennisonbertram/Develop/flipbook-research/outputs/track-b/20260427T022947Z-track-b-hybrid-sweep-dashboard-f33-p2x1-crf23-r1-960x540/contact-sheet.jpg
20260427T022749Z	dashboard	/Users/dennisonbertram/Develop/flipbook-research/fixtures/track-d/pages/trackd-0001-dashboard.png	960x540	33	24	2.0	1.0	28	0	20260427T022947Z-track-b-hybrid-sweep-dashboard-f33-p2x1-crf28-r0-960x540	pass	59.828000026755035	3.5734580596908927	2.594499965198338	0.0	53.63204097375274	551.5811991917234	0.9997830999580452	0.007942614145576954	0.0005433384794741869	-1.0	/Users/dennisonbertram/Develop/flipbook-research/outputs/track-b/20260427T022947Z-track-b-hybrid-sweep-dashboard-f33-p2x1-crf28-r0-960x540/output.mp4	/Users/dennisonbertram/Develop/flipbook-research/outputs/track-b/20260427T022947Z-track-b-hybrid-sweep-dashboard-f33-p2x1-crf28-r0-960x540/contact-sheet.jpg
20260427T022749Z	dashboard	/Users/dennisonbertram/Develop/flipbook-research/fixtures/track-d/pages/trackd-0001-dashboard.png	960x540	33	24	2.0	1.0	28	1	20260427T022948Z-track-b-hybrid-sweep-dashboard-f33-p2x1-crf28-r1-960x540	pass	58.03616705816239	3.663916024379432	2.6350419502705336	0.0	51.703832927159965	568.6109485302196	0.9997830999580452	0.007942614145576954	0.0005433384794741869	-1.0	/Users/dennisonbertram/Develop/flipbook-research/outputs/track-b/20260427T022948Z-track-b-hybrid-sweep-dashboard-f33-p2x1-crf28-r1-960x540/output.mp4	/Users/dennisonbertram/Develop/flipbook-research/outputs/track-b/20260427T022948Z-track-b-hybrid-sweep-dashboard-f33-p2x1-crf28-r1-960x540/contact-sheet.jpg
20260427T022749Z	dashboard	/Users/dennisonbertram/Develop/flipbook-research/fixtures/track-d/pages/trackd-0001-dashboard.png	960x540	33	24	3.0	1.5	18	0	20260427T022948Z-track-b-hybrid-sweep-dashboard-f33-p3x1-5-crf18-r0-960x540	pass	60.65537501126528	4.221000010147691	2.830042038112879	0.0	53.57325007207692	544.0573072686641	0.9994922779010654	0.012823392637073994	0.00016131838492583483	-1.0	/Users/dennisonbertram/Develop/flipbook-research/outputs/track-b/20260427T022948Z-track-b-hybrid-sweep-dashboard-f33-p3x1-5-crf18-r0-960x540/output.mp4	/Users/dennisonbertram/Develop/flipbook-research/outputs/track-b/20260427T022948Z-track-b-hybrid-sweep-dashboard-f33-p3x1-5-crf18-r0-960x540/contact-sheet.jpg
20260427T022749Z	dashboard	/Users/dennisonbertram/Develop/flipbook-research/fixtures/track-d/pages/trackd-0001-dashboard.png	960x540	33	24	3.0	1.5	18	1	20260427T022949Z-track-b-hybrid-sweep-dashboard-f33-p3x1-5-crf18-r1-960x540	pass	60.86541700642556	3.620209055952728	2.601708984002471	0.0	54.61658304557204	542.179806252148	0.9994922779010654	0.012823392637073994	0.00016131838492583483	-1.0	/Users/dennisonbertram/Develop/flipbook-research/outputs/track-b/20260427T022949Z-track-b-hybrid-sweep-dashboard-f33-p3x1-5-crf18-r1-960x540/output.mp4	/Users/dennisonbertram/Develop/flipbook-research/outputs/track-b/20260427T022949Z-track-b-hybrid-sweep-dashboard-f33-p3x1-5-crf18-r1-960x540/contact-sheet.jpg
20260427T022749Z	dashboard	/Users/dennisonbertram/Develop/flipbook-research/fixtures/track-d/pages/trackd-0001-dashboard.png	960x540	33	24	3.0	1.5	23	0	20260427T022949Z-track-b-hybrid-sweep-dashboard-f33-p3x1-5-crf23-r0-960x540	pass	59.60304103791714	3.999292035587132	2.729667001403868	0.0	52.850374951958656	553.6630249957662	0.9994917859558141	0.01286840345710516	0.0003012663219124079	-1.0	/Users/dennisonbertram/Develop/flipbook-research/outputs/track-b/20260427T022949Z-track-b-hybrid-sweep-dashboard-f33-p3x1-5-crf23-r0-960x540/output.mp4	/Users/dennisonbertram/Develop/flipbook-research/outputs/track-b/20260427T022949Z-track-b-hybrid-sweep-dashboard-f33-p3x1-5-crf23-r0-960x540/contact-sheet.jpg
20260427T022749Z	dashboard	/Users/dennisonbertram/Develop/flipbook-research/fixtures/track-d/pages/trackd-0001-dashboard.png	960x540	33	24	3.0	1.5	23	1	20260427T022949Z-track-b-hybrid-sweep-dashboard-f33-p3x1-5-crf23-r1-960x540	pass	58.81741701159626	4.129374981857836	2.6948750019073486	0.0	51.967083010822535	561.0583000184082	0.9994917859558141	0.01286840345710516	0.0003012663219124079	-1.0	/Users/dennisonbertram/Develop/flipbook-research/outputs/track-b/20260427T022949Z-track-b-hybrid-sweep-dashboard-f33-p3x1-5-crf23-r1-960x540/output.mp4	/Users/dennisonbertram/Develop/flipbook-research/outputs/track-b/20260427T022949Z-track-b-hybrid-sweep-dashboard-f33-p3x1-5-crf23-r1-960x540/contact-sheet.jpg
20260427T022749Z	dashboard	/Users/dennisonbertram/Develop/flipbook-research/fixtures/track-d/pages/trackd-0001-dashboard.png	960x540	33	24	3.0	1.5	28	0	20260427T022950Z-track-b-hybrid-sweep-dashboard-f33-p3x1-5-crf28-r0-960x540	pass	59.804791933856905	3.911459003575146	2.7838340029120445	0.0	53.083333070389926	551.7952480546617	0.9994916423351263	0.012799374759197235	0.0005333151784725487	-1.0	/Users/dennisonbertram/Develop/flipbook-research/outputs/track-b/20260427T022950Z-track-b-hybrid-sweep-dashboard-f33-p3x1-5-crf28-r0-960x540/output.mp4	/Users/dennisonbertram/Develop/flipbook-research/outputs/track-b/20260427T022950Z-track-b-hybrid-sweep-dashboard-f33-p3x1-5-crf28-r0-960x540/contact-sheet.jpg
20260427T022749Z	dashboard	/Users/dennisonbertram/Develop/flipbook-research/fixtures/track-d/pages/trackd-0001-dashboard.png	960x540	33	24	3.0	1.5	28	1	20260427T022950Z-track-b-hybrid-sweep-dashboard-f33-p3x1-5-crf28-r1-960x540	pass	60.74004201218486	3.9067500038072467	2.8357089031487703	0.0	53.96841699257493	543.2989327432467	0.9994916423351263	0.012799374759197235	0.0005333151784725487	-1.0	/Users/dennisonbertram/Develop/flipbook-research/outputs/track-b/20260427T022950Z-track-b-hybrid-sweep-dashboard-f33-p3x1-5-crf28-r1-960x540/output.mp4	/Users/dennisonbertram/Develop/flipbook-research/outputs/track-b/20260427T022950Z-track-b-hybrid-sweep-dashboard-f33-p3x1-5-crf28-r1-960x540/contact-sheet.jpg
20260427T022749Z	dashboard	/Users/dennisonbertram/Develop/flipbook-research/fixtures/track-d/pages/trackd-0001-dashboard.png	960x540	65	24	1.0	0.5	18	0	20260427T022950Z-track-b-hybrid-sweep-dashboard-f65-p1x0-5-crf18-r0-960x540	quality_fail	77.05941691529006	3.4064999781548977	2.605333924293518	0.0	71.02158304769546	843.5049550329878	0.9999529897477647	0.0028768761549144983	0.00016018367023207247	-1.0	/Users/dennisonbertram/Develop/flipbook-research/outputs/track-b/20260427T022950Z-track-b-hybrid-sweep-dashboard-f65-p1x0-5-crf18-r0-960x540/output.mp4	/Users/dennisonbertram/Develop/flipbook-research/outputs/track-b/20260427T022950Z-track-b-hybrid-sweep-dashboard-f65-p1x0-5-crf18-r0-960x540/contact-sheet.jpg
20260427T022749Z	dashboard	/Users/dennisonbertram/Develop/flipbook-research/fixtures/track-d/pages/trackd-0001-dashboard.png	960x540	65	24	1.0	0.5	18	1	20260427T022951Z-track-b-hybrid-sweep-dashboard-f65-p1x0-5-crf18-r1-960x540	quality_fail	78.05324997752905	3.7722080014646053	3.010125015862286	0.0	71.2411249987781	832.7648114423553	0.9999529897477647	0.0028768761549144983	0.00016018367023207247	-1.0	/Users/dennisonbertram/Develop/flipbook-research/outputs/track-b/20260427T022951Z-track-b-hybrid-sweep-dashboard-f65-p1x0-5-crf18-r1-960x540/output.mp4	/Users/dennisonbertram/Develop/flipbook-research/outputs/track-b/20260427T022951Z-track-b-hybrid-sweep-dashboard-f65-p1x0-5-crf18-r1-960x540/contact-sheet.jpg
20260427T022749Z	dashboard	/Users/dennisonbertram/Develop/flipbook-research/fixtures/track-d/pages/trackd-0001-dashboard.png	960x540	65	24	1.0	0.5	23	0	20260427T022951Z-track-b-hybrid-sweep-dashboard-f65-p1x0-5-crf23-r0-960x540	quality_fail	77.21904199570417	3.9542500162497163	3.0457910615950823	0.0	70.18337503541261	841.7612847827879	0.9999527311618399	0.0029230210930109024	0.0002899192040786147	-1.0	/Users/dennisonbertram/Develop/flipbook-research/outputs/track-b/20260427T022951Z-track-b-hybrid-sweep-dashboard-f65-p1x0-5-crf23-r0-960x540/output.mp4	/Users/dennisonbertram/Develop/flipbook-research/outputs/track-b/20260427T022951Z-track-b-hybrid-sweep-dashboard-f65-p1x0-5-crf23-r0-960x540/contact-sheet.jpg
20260427T022749Z	dashboard	/Users/dennisonbertram/Develop/flipbook-research/fixtures/track-d/pages/trackd-0001-dashboard.png	960x540	65	24	1.0	0.5	23	1	20260427T022952Z-track-b-hybrid-sweep-dashboard-f65-p1x0-5-crf23-r1-960x540	quality_fail	71.52495894115418	3.91745800152421	2.6859589852392673	0.0	64.89641696680337	908.7736779195851	0.9999527311618399	0.0029230210930109024	0.0002899192040786147	-1.0	/Users/dennisonbertram/Develop/flipbook-research/outputs/track-b/20260427T022952Z-track-b-hybrid-sweep-dashboard-f65-p1x0-5-crf23-r1-960x540/output.mp4	/Users/dennisonbertram/Develop/flipbook-research/outputs/track-b/20260427T022952Z-track-b-hybrid-sweep-dashboard-f65-p1x0-5-crf23-r1-960x540/contact-sheet.jpg
20260427T022749Z	dashboard	/Users/dennisonbertram/Develop/flipbook-research/fixtures/track-d/pages/trackd-0001-dashboard.png	960x540	65	24	1.0	0.5	28	0	20260427T022952Z-track-b-hybrid-sweep-dashboard-f65-p1x0-5-crf28-r0-960x540	quality_fail	73.03900003898889	3.692291909828782	2.753250068053603	0.0	66.56520906835794	889.9355134284752	0.9999518233920371	0.0031418316066265106	0.0005516596720553935	-1.0	/Users/dennisonbertram/Develop/flipbook-research/outputs/track-b/20260427T022952Z-track-b-hybrid-sweep-dashboard-f65-p1x0-5-crf28-r0-960x540/output.mp4	/Users/dennisonbertram/Develop/flipbook-research/outputs/track-b/20260427T022952Z-track-b-hybrid-sweep-dashboard-f65-p1x0-5-crf28-r0-960x540/contact-sheet.jpg
20260427T022749Z	dashboard	/Users/dennisonbertram/Develop/flipbook-research/fixtures/track-d/pages/trackd-0001-dashboard.png	960x540	65	24	1.0	0.5	28	1	20260427T022952Z-track-b-hybrid-sweep-dashboard-f65-p1x0-5-crf28-r1-960x540	quality_fail	70.51862496882677	3.5769580863416195	2.8890829998999834	0.0	64.01295796968043	921.7423060749367	0.9999518233920371	0.0031418316066265106	0.0005516596720553935	-1.0	/Users/dennisonbertram/Develop/flipbook-research/outputs/track-b/20260427T022952Z-track-b-hybrid-sweep-dashboard-f65-p1x0-5-crf28-r1-960x540/output.mp4	/Users/dennisonbertram/Develop/flipbook-research/outputs/track-b/20260427T022952Z-track-b-hybrid-sweep-dashboard-f65-p1x0-5-crf28-r1-960x540/contact-sheet.jpg
20260427T022749Z	dashboard	/Users/dennisonbertram/Develop/flipbook-research/fixtures/track-d/pages/trackd-0001-dashboard.png	960x540	65	24	2.0	1.0	18	0	20260427T022953Z-track-b-hybrid-sweep-dashboard-f65-p2x1-crf18-r0-960x540	pass	73.12195806298405	3.951749997213483	2.720374963246286	0.0	66.42062496393919	888.9258674393244	0.9997839968512796	0.007943937554955482	0.00015753600746393204	-1.0	/Users/dennisonbertram/Develop/flipbook-research/outputs/track-b/20260427T022953Z-track-b-hybrid-sweep-dashboard-f65-p2x1-crf18-r0-960x540/output.mp4	/Users/dennisonbertram/Develop/flipbook-research/outputs/track-b/20260427T022953Z-track-b-hybrid-sweep-dashboard-f65-p2x1-crf18-r0-960x540/contact-sheet.jpg
20260427T022749Z	dashboard	/Users/dennisonbertram/Develop/flipbook-research/fixtures/track-d/pages/trackd-0001-dashboard.png	960x540	65	24	2.0	1.0	18	1	20260427T022953Z-track-b-hybrid-sweep-dashboard-f65-p2x1-crf18-r1-960x540	pass	71.66099990718067	3.6162090254947543	2.586000016890466	0.0	65.42745803017169	907.0484654720368	0.9997839968512796	0.007943937554955482	0.00015753600746393204	-1.0	/Users/dennisonbertram/Develop/flipbook-research/outputs/track-b/20260427T022953Z-track-b-hybrid-sweep-dashboard-f65-p2x1-crf18-r1-960x540/output.mp4	/Users/dennisonbertram/Develop/flipbook-research/outputs/track-b/20260427T022953Z-track-b-hybrid-sweep-dashboard-f65-p2x1-crf18-r1-960x540/contact-sheet.jpg
20260427T022749Z	dashboard	/Users/dennisonbertram/Develop/flipbook-research/fixtures/track-d/pages/trackd-0001-dashboard.png	960x540	65	24	2.0	1.0	23	0	20260427T022954Z-track-b-hybrid-sweep-dashboard-f65-p2x1-crf23-r0-960x540	pass	78.58974998816848	3.979666973464191	2.743458957411349	0.0	71.83800009079278	827.0798674100072	0.9997836218169908	0.007953393273055553	0.00030712902662344277	-1.0	/Users/dennisonbertram/Develop/flipbook-research/outputs/track-b/20260427T022954Z-track-b-hybrid-sweep-dashboard-f65-p2x1-crf23-r0-960x540/output.mp4	/Users/dennisonbertram/Develop/flipbook-research/outputs/track-b/20260427T022954Z-track-b-hybrid-sweep-dashboard-f65-p2x1-crf23-r0-960x540/contact-sheet.jpg
20260427T022749Z	dashboard	/Users/dennisonbertram/Develop/flipbook-research/fixtures/track-d/pages/trackd-0001-dashboard.png	960x540	65	24	2.0	1.0	23	1	20260427T022954Z-track-b-hybrid-sweep-dashboard-f65-p2x1-crf23-r1-960x540	pass	72.62158405501395	3.3138339640572667	2.675083000212908	0.0	66.60474999807775	895.050704908333	0.9997836218169908	0.007953393273055553	0.00030712902662344277	-1.0	/Users/dennisonbertram/Develop/flipbook-research/outputs/track-b/20260427T022954Z-track-b-hybrid-sweep-dashboard-f65-p2x1-crf23-r1-960x540/output.mp4	/Users/dennisonbertram/Develop/flipbook-research/outputs/track-b/20260427T022954Z-track-b-hybrid-sweep-dashboard-f65-p2x1-crf23-r1-960x540/contact-sheet.jpg
20260427T022749Z	dashboard	/Users/dennisonbertram/Develop/flipbook-research/fixtures/track-d/pages/trackd-0001-dashboard.png	960x540	65	24	2.0	1.0	28	0	20260427T022954Z-track-b-hybrid-sweep-dashboard-f65-p2x1-crf28-r0-960x540	pass	71.10891700722277	3.7700829561799765	2.6512499898672104	0.0	64.66183403972536	914.0907038901707	0.9997828287624876	0.008014289662241936	0.0005543073639273643	-1.0	/Users/dennisonbertram/Develop/flipbook-research/outputs/track-b/20260427T022954Z-track-b-hybrid-sweep-dashboard-f65-p2x1-crf28-r0-960x540/output.mp4	/Users/dennisonbertram/Develop/flipbook-research/outputs/track-b/20260427T022954Z-track-b-hybrid-sweep-dashboard-f65-p2x1-crf28-r0-960x540/contact-sheet.jpg
20260427T022749Z	dashboard	/Users/dennisonbertram/Develop/flipbook-research/fixtures/track-d/pages/trackd-0001-dashboard.png	960x540	65	24	2.0	1.0	28	1	20260427T022955Z-track-b-hybrid-sweep-dashboard-f65-p2x1-crf28-r1-960x540	pass	70.15954202506691	3.7461250321939588	2.734582987613976	0.0	63.653332996182144	926.4598673802134	0.9997828287624876	0.008014289662241936	0.0005543073639273643	-1.0	/Users/dennisonbertram/Develop/flipbook-research/outputs/track-b/20260427T022955Z-track-b-hybrid-sweep-dashboard-f65-p2x1-crf28-r1-960x540/output.mp4	/Users/dennisonbertram/Develop/flipbook-research/outputs/track-b/20260427T022955Z-track-b-hybrid-sweep-dashboard-f65-p2x1-crf28-r1-960x540/contact-sheet.jpg
20260427T022749Z	dashboard	/Users/dennisonbertram/Develop/flipbook-research/fixtures/track-d/pages/trackd-0001-dashboard.png	960x540	65	24	3.0	1.5	18	0	20260427T022955Z-track-b-hybrid-sweep-dashboard-f65-p3x1-5-crf18-r0-960x540	pass	73.01879196893424	4.011542070657015	2.997000003233552	0.0	65.9830829827115	890.1818045367578	0.999492005499207	0.01285554375499487	0.00016585724370088428	-1.0	/Users/dennisonbertram/Develop/flipbook-research/outputs/track-b/20260427T022955Z-track-b-hybrid-sweep-dashboard-f65-p3x1-5-crf18-r0-960x540/output.mp4	/Users/dennisonbertram/Develop/flipbook-research/outputs/track-b/20260427T022955Z-track-b-hybrid-sweep-dashboard-f65-p3x1-5-crf18-r0-960x540/contact-sheet.jpg
20260427T022749Z	dashboard	/Users/dennisonbertram/Develop/flipbook-research/fixtures/track-d/pages/trackd-0001-dashboard.png	960x540	65	24	3.0	1.5	18	1	20260427T022956Z-track-b-hybrid-sweep-dashboard-f65-p3x1-5-crf18-r1-960x540	pass	73.24104104191065	4.08070906996727	2.7829169994220138	0.0	66.34991697501391	887.4805583771688	0.999492005499207	0.01285554375499487	0.00016585724370088428	-1.0	/Users/dennisonbertram/Develop/flipbook-research/outputs/track-b/20260427T022956Z-track-b-hybrid-sweep-dashboard-f65-p3x1-5-crf18-r1-960x540/output.mp4	/Users/dennisonbertram/Develop/flipbook-research/outputs/track-b/20260427T022956Z-track-b-hybrid-sweep-dashboard-f65-p3x1-5-crf18-r1-960x540/contact-sheet.jpg
20260427T022749Z	dashboard	/Users/dennisonbertram/Develop/flipbook-research/fixtures/track-d/pages/trackd-0001-dashboard.png	960x540	65	24	3.0	1.5	23	0	20260427T022956Z-track-b-hybrid-sweep-dashboard-f65-p3x1-5-crf23-r0-960x540	pass	77.09416595753282	4.152082954533398	3.2930419547483325	0.0	69.61870798841119	843.124757790429	0.9994903461798389	0.012903768569231033	0.0003112896520178765	-1.0	/Users/dennisonbertram/Develop/flipbook-research/outputs/track-b/20260427T022956Z-track-b-hybrid-sweep-dashboard-f65-p3x1-5-crf23-r0-960x540/output.mp4	/Users/dennisonbertram/Develop/flipbook-research/outputs/track-b/20260427T022956Z-track-b-hybrid-sweep-dashboard-f65-p3x1-5-crf23-r0-960x540/contact-sheet.jpg
20260427T022749Z	dashboard	/Users/dennisonbertram/Develop/flipbook-research/fixtures/track-d/pages/trackd-0001-dashboard.png	960x540	65	24	3.0	1.5	23	1	20260427T022956Z-track-b-hybrid-sweep-dashboard-f65-p3x1-5-crf23-r1-960x540	pass	71.81979098822922	3.6910829367116094	2.738917013630271	0.0	65.36612496711314	905.0430125959718	0.9994903461798389	0.012903768569231033	0.0003112896520178765	-1.0	/Users/dennisonbertram/Develop/flipbook-research/outputs/track-b/20260427T022956Z-track-b-hybrid-sweep-dashboard-f65-p3x1-5-crf23-r1-960x540/output.mp4	/Users/dennisonbertram/Develop/flipbook-research/outputs/track-b/20260427T022956Z-track-b-hybrid-sweep-dashboard-f65-p3x1-5-crf23-r1-960x540/contact-sheet.jpg
20260427T022749Z	dashboard	/Users/dennisonbertram/Develop/flipbook-research/fixtures/track-d/pages/trackd-0001-dashboard.png	960x540	65	24	3.0	1.5	28	0	20260427T022957Z-track-b-hybrid-sweep-dashboard-f65-p3x1-5-crf28-r0-960x540	pass	94.11654097493738	4.205791046842933	2.87891598418355	0.0	87.00062497518957	690.633116417964	0.9994910742181485	0.012895447202026844	0.0005378540372475982	-1.0	/Users/dennisonbertram/Develop/flipbook-research/outputs/track-b/20260427T022957Z-track-b-hybrid-sweep-dashboard-f65-p3x1-5-crf28-r0-960x540/output.mp4	/Users/dennisonbertram/Develop/flipbook-research/outputs/track-b/20260427T022957Z-track-b-hybrid-sweep-dashboard-f65-p3x1-5-crf28-r0-960x540/contact-sheet.jpg
20260427T022749Z	dashboard	/Users/dennisonbertram/Develop/flipbook-research/fixtures/track-d/pages/trackd-0001-dashboard.png	960x540	65	24	3.0	1.5	28	1	20260427T022957Z-track-b-hybrid-sweep-dashboard-f65-p3x1-5-crf28-r1-960x540	pass	82.84666703548282	3.365540993399918	2.603875007480383	0.0	76.85254199896008	784.5819551456526	0.9994910742181485	0.012895447202026844	0.0005378540372475982	-1.0	/Users/dennisonbertram/Develop/flipbook-research/outputs/track-b/20260427T022957Z-track-b-hybrid-sweep-dashboard-f65-p3x1-5-crf28-r1-960x540/output.mp4	/Users/dennisonbertram/Develop/flipbook-research/outputs/track-b/20260427T022957Z-track-b-hybrid-sweep-dashboard-f65-p3x1-5-crf28-r1-960x540/contact-sheet.jpg
20260427T022749Z	dashboard	/Users/dennisonbertram/Develop/flipbook-research/fixtures/track-d/pages/trackd-0001-dashboard.png	960x540	121	24	1.0	0.5	18	0	20260427T022958Z-track-b-hybrid-sweep-dashboard-f121-p1x0-5-crf18-r0-960x540	quality_fail	109.67029095627367	3.893915913067758	2.840499975718558	0.0	102.909000008367	1103.307002698147	0.9999529988967684	0.002876497805118561	0.00015999455354176462	-1.0	/Users/dennisonbertram/Develop/flipbook-research/outputs/track-b/20260427T022958Z-track-b-hybrid-sweep-dashboard-f121-p1x0-5-crf18-r0-960x540/output.mp4	/Users/dennisonbertram/Develop/flipbook-research/outputs/track-b/20260427T022958Z-track-b-hybrid-sweep-dashboard-f121-p1x0-5-crf18-r0-960x540/contact-sheet.jpg
20260427T022749Z	dashboard	/Users/dennisonbertram/Develop/flipbook-research/fixtures/track-d/pages/trackd-0001-dashboard.png	960x540	121	24	1.0	0.5	18	1	20260427T022958Z-track-b-hybrid-sweep-dashboard-f121-p1x0-5-crf18-r1-960x540	quality_fail	105.78374995384365	3.4213749459013343	2.624833956360817	0.0	99.70512497238815	1143.8429820534402	0.9999529988967684	0.002876497805118561	0.00015999455354176462	-1.0	/Users/dennisonbertram/Develop/flipbook-research/outputs/track-b/20260427T022958Z-track-b-hybrid-sweep-dashboard-f121-p1x0-5-crf18-r1-960x540/output.mp4	/Users/dennisonbertram/Develop/flipbook-research/outputs/track-b/20260427T022958Z-track-b-hybrid-sweep-dashboard-f121-p1x0-5-crf18-r1-960x540/contact-sheet.jpg
20260427T022749Z	dashboard	/Users/dennisonbertram/Develop/flipbook-research/fixtures/track-d/pages/trackd-0001-dashboard.png	960x540	121	24	1.0	0.5	23	0	20260427T022958Z-track-b-hybrid-sweep-dashboard-f121-p1x0-5-crf23-r0-960x540	quality_fail	114.70512498635799	3.9962499868124723	2.915582968853414	0.0	107.75645799003541	1054.8787599018847	0.9999527311618399	0.0029230210930109024	0.0002899192040786147	-1.0	/Users/dennisonbertram/Develop/flipbook-research/outputs/track-b/20260427T022958Z-track-b-hybrid-sweep-dashboard-f121-p1x0-5-crf23-r0-960x540/output.mp4	/Users/dennisonbertram/Develop/flipbook-research/outputs/track-b/20260427T022958Z-track-b-hybrid-sweep-dashboard-f121-p1x0-5-crf23-r0-960x540/contact-sheet.jpg
20260427T022749Z	dashboard	/Users/dennisonbertram/Develop/flipbook-research/fixtures/track-d/pages/trackd-0001-dashboard.png	960x540	121	24	1.0	0.5	23	1	20260427T022959Z-track-b-hybrid-sweep-dashboard-f121-p1x0-5-crf23-r1-960x540	quality_fail	100.28583405073732	4.044290981255472	2.7663339860737324	0.0	93.4500420698896	1206.5512656431897	0.9999527311618399	0.0029230210930109024	0.0002899192040786147	-1.0	/Users/dennisonbertram/Develop/flipbook-research/outputs/track-b/20260427T022959Z-track-b-hybrid-sweep-dashboard-f121-p1x0-5-crf23-r1-960x540/output.mp4	/Users/dennisonbertram/Develop/flipbook-research/outputs/track-b/20260427T022959Z-track-b-hybrid-sweep-dashboard-f121-p1x0-5-crf23-r1-960x540/contact-sheet.jpg
20260427T022749Z	dashboard	/Users/dennisonbertram/Develop/flipbook-research/fixtures/track-d/pages/trackd-0001-dashboard.png	960x540	121	24	1.0	0.5	28	0	20260427T022959Z-track-b-hybrid-sweep-dashboard-f121-p1x0-5-crf28-r0-960x540	quality_fail	104.18995900545269	4.008292104117572	2.899874933063984	0.0	97.23575005773455	1161.3403168117916	0.9999518233920371	0.0031418316066265106	0.0005516596720553935	-1.0	/Users/dennisonbertram/Develop/flipbook-research/outputs/track-b/20260427T022959Z-track-b-hybrid-sweep-dashboard-f121-p1x0-5-crf28-r0-960x540/output.mp4	/Users/dennisonbertram/Develop/flipbook-research/outputs/track-b/20260427T022959Z-track-b-hybrid-sweep-dashboard-f121-p1x0-5-crf28-r0-960x540/contact-sheet.jpg
20260427T022749Z	dashboard	/Users/dennisonbertram/Develop/flipbook-research/fixtures/track-d/pages/trackd-0001-dashboard.png	960x540	121	24	1.0	0.5	28	1	20260427T023000Z-track-b-hybrid-sweep-dashboard-f121-p1x0-5-crf28-r1-960x540	quality_fail	106.65212501771748	3.751290962100029	2.707500010728836	0.0	100.16124998219311	1134.529668113964	0.9999518233920371	0.0031418316066265106	0.0005516596720553935	-1.0	/Users/dennisonbertram/Develop/flipbook-research/outputs/track-b/20260427T023000Z-track-b-hybrid-sweep-dashboard-f121-p1x0-5-crf28-r1-960x540/output.mp4	/Users/dennisonbertram/Develop/flipbook-research/outputs/track-b/20260427T023000Z-track-b-hybrid-sweep-dashboard-f121-p1x0-5-crf28-r1-960x540/contact-sheet.jpg
20260427T022749Z	dashboard	/Users/dennisonbertram/Develop/flipbook-research/fixtures/track-d/pages/trackd-0001-dashboard.png	960x540	121	24	2.0	1.0	18	0	20260427T023000Z-track-b-hybrid-sweep-dashboard-f121-p2x1-crf18-r0-960x540	pass	101.32420796435326	4.181165946647525	2.9683749889954925	0.0	94.14616599678993	1194.186487424297	0.9997838947382794	0.007944505661725998	0.0001533753820694983	-1.0	/Users/dennisonbertram/Develop/flipbook-research/outputs/track-b/20260427T023000Z-track-b-hybrid-sweep-dashboard-f121-p2x1-crf18-r0-960x540/output.mp4	/Users/dennisonbertram/Develop/flipbook-research/outputs/track-b/20260427T023000Z-track-b-hybrid-sweep-dashboard-f121-p2x1-crf18-r0-960x540/contact-sheet.jpg
20260427T022749Z	dashboard	/Users/dennisonbertram/Develop/flipbook-research/fixtures/track-d/pages/trackd-0001-dashboard.png	960x540	121	24	2.0	1.0	18	1	20260427T023000Z-track-b-hybrid-sweep-dashboard-f121-p2x1-crf18-r1-960x540	pass	100.77070805709809	3.578374977223575	2.635749988257885	0.0	94.53000000212342	1200.7457557154378	0.9997838947382794	0.007944505661725998	0.0001533753820694983	-1.0	/Users/dennisonbertram/Develop/flipbook-research/outputs/track-b/20260427T023000Z-track-b-hybrid-sweep-dashboard-f121-p2x1-crf18-r1-960x540/output.mp4	/Users/dennisonbertram/Develop/flipbook-research/outputs/track-b/20260427T023000Z-track-b-hybrid-sweep-dashboard-f121-p2x1-crf18-r1-960x540/contact-sheet.jpg
20260427T022749Z	dashboard	/Users/dennisonbertram/Develop/flipbook-research/fixtures/track-d/pages/trackd-0001-dashboard.png	960x540	121	24	2.0	1.0	23	0	20260427T023001Z-track-b-hybrid-sweep-dashboard-f121-p2x1-crf23-r0-960x540	pass	98.46641693729907	3.9296249160543084	2.8855829732492566	0.0	91.62841702345759	1228.845364374838	0.9997832193537185	0.007986489683389664	0.000304292218061164	-1.0	/Users/dennisonbertram/Develop/flipbook-research/outputs/track-b/20260427T023001Z-track-b-hybrid-sweep-dashboard-f121-p2x1-crf23-r0-960x540/output.mp4	/Users/dennisonbertram/Develop/flipbook-research/outputs/track-b/20260427T023001Z-track-b-hybrid-sweep-dashboard-f121-p2x1-crf23-r0-960x540/contact-sheet.jpg
20260427T022749Z	dashboard	/Users/dennisonbertram/Develop/flipbook-research/fixtures/track-d/pages/trackd-0001-dashboard.png	960x540	121	24	2.0	1.0	23	1	20260427T023001Z-track-b-hybrid-sweep-dashboard-f121-p2x1-crf23-r1-960x540	pass	99.84699997585267	3.932334017008543	3.0697500333189964	0.0	92.81320800073445	1211.8541371224278	0.9997832193537185	0.007986489683389664	0.000304292218061164	-1.0	/Users/dennisonbertram/Develop/flipbook-research/outputs/track-b/20260427T023001Z-track-b-hybrid-sweep-dashboard-f121-p2x1-crf23-r1-960x540/output.mp4	/Users/dennisonbertram/Develop/flipbook-research/outputs/track-b/20260427T023001Z-track-b-hybrid-sweep-dashboard-f121-p2x1-crf23-r1-960x540/contact-sheet.jpg
20260427T022749Z	dashboard	/Users/dennisonbertram/Develop/flipbook-research/fixtures/track-d/pages/trackd-0001-dashboard.png	960x540	121	24	2.0	1.0	28	0	20260427T023002Z-track-b-hybrid-sweep-dashboard-f121-p2x1-crf28-r0-960x540	pass	99.25395797472447	3.639166010543704	2.791083068586886	0.0	92.79291692655534	1219.0949607351001	0.9997822960144461	0.008045494556427002	0.0005660327733494341	-1.0	/Users/dennisonbertram/Develop/flipbook-research/outputs/track-b/20260427T023002Z-track-b-hybrid-sweep-dashboard-f121-p2x1-crf28-r0-960x540/output.mp4	/Users/dennisonbertram/Develop/flipbook-research/outputs/track-b/20260427T023002Z-track-b-hybrid-sweep-dashboard-f121-p2x1-crf28-r0-960x540/contact-sheet.jpg
20260427T022749Z	dashboard	/Users/dennisonbertram/Develop/flipbook-research/fixtures/track-d/pages/trackd-0001-dashboard.png	960x540	121	24	2.0	1.0	28	1	20260427T023002Z-track-b-hybrid-sweep-dashboard-f121-p2x1-crf28-r1-960x540	pass	97.56837505847216	3.72208293993026	2.7147920336574316	0.0	91.10616706311703	1240.1559411795615	0.9997822960144461	0.008045494556427002	0.0005660327733494341	-1.0	/Users/dennisonbertram/Develop/flipbook-research/outputs/track-b/20260427T023002Z-track-b-hybrid-sweep-dashboard-f121-p2x1-crf28-r1-960x540/output.mp4	/Users/dennisonbertram/Develop/flipbook-research/outputs/track-b/20260427T023002Z-track-b-hybrid-sweep-dashboard-f121-p2x1-crf28-r1-960x540/contact-sheet.jpg
20260427T022749Z	dashboard	/Users/dennisonbertram/Develop/flipbook-research/fixtures/track-d/pages/trackd-0001-dashboard.png	960x540	121	24	3.0	1.5	18	0	20260427T023003Z-track-b-hybrid-sweep-dashboard-f121-p3x1-5-crf18-r0-960x540	pass	100.2679169178009	3.431708086282015	2.607292030006647	0.0	94.20441603288054	1206.766867403809	0.999491788424331	0.012853652238845825	0.0001643442956265062	-1.0	/Users/dennisonbertram/Develop/flipbook-research/outputs/track-b/20260427T023003Z-track-b-hybrid-sweep-dashboard-f121-p3x1-5-crf18-r0-960x540/output.mp4	/Users/dennisonbertram/Develop/flipbook-research/outputs/track-b/20260427T023003Z-track-b-hybrid-sweep-dashboard-f121-p3x1-5-crf18-r0-960x540/contact-sheet.jpg
20260427T022749Z	dashboard	/Users/dennisonbertram/Develop/flipbook-research/fixtures/track-d/pages/trackd-0001-dashboard.png	960x540	121	24	3.0	1.5	18	1	20260427T023003Z-track-b-hybrid-sweep-dashboard-f121-p3x1-5-crf18-r1-960x540	pass	99.67783303000033	3.566000028513372	2.5919999461621046	0.0	93.49175007082522	1213.910819706346	0.999491788424331	0.012853652238845825	0.0001643442956265062	-1.0	/Users/dennisonbertram/Develop/flipbook-research/outputs/track-b/20260427T023003Z-track-b-hybrid-sweep-dashboard-f121-p3x1-5-crf18-r1-960x540/output.mp4	/Users/dennisonbertram/Develop/flipbook-research/outputs/track-b/20260427T023003Z-track-b-hybrid-sweep-dashboard-f121-p3x1-5-crf18-r1-960x540/contact-sheet.jpg
20260427T022749Z	dashboard	/Users/dennisonbertram/Develop/flipbook-research/fixtures/track-d/pages/trackd-0001-dashboard.png	960x540	121	24	3.0	1.5	23	0	20260427T023003Z-track-b-hybrid-sweep-dashboard-f121-p3x1-5-crf23-r0-960x540	pass	97.35920804087073	3.7294579669833183	2.762999967671931	0.0	90.84158309269696	1242.8202985094645	0.9994906248001966	0.012872563675045967	0.00029124305001460016	-1.0	/Users/dennisonbertram/Develop/flipbook-research/outputs/track-b/20260427T023003Z-track-b-hybrid-sweep-dashboard-f121-p3x1-5-crf23-r0-960x540/output.mp4	/Users/dennisonbertram/Develop/flipbook-research/outputs/track-b/20260427T023003Z-track-b-hybrid-sweep-dashboard-f121-p3x1-5-crf23-r0-960x540/contact-sheet.jpg
20260427T022749Z	dashboard	/Users/dennisonbertram/Develop/flipbook-research/fixtures/track-d/pages/trackd-0001-dashboard.png	960x540	121	24	3.0	1.5	23	1	20260427T023004Z-track-b-hybrid-sweep-dashboard-f121-p3x1-5-crf23-r1-960x540	pass	97.71220805123448	3.8611249765381217	2.7163749327883124	0.0	91.10795799642801	1238.330423733284	0.9994906248001966	0.012872563675045967	0.00029124305001460016	-1.0	/Users/dennisonbertram/Develop/flipbook-research/outputs/track-b/20260427T023004Z-track-b-hybrid-sweep-dashboard-f121-p3x1-5-crf23-r1-960x540/output.mp4	/Users/dennisonbertram/Develop/flipbook-research/outputs/track-b/20260427T023004Z-track-b-hybrid-sweep-dashboard-f121-p3x1-5-crf23-r1-960x540/contact-sheet.jpg
20260427T022749Z	dashboard	/Users/dennisonbertram/Develop/flipbook-research/fixtures/track-d/pages/trackd-0001-dashboard.png	960x540	121	24	3.0	1.5	28	0	20260427T023004Z-track-b-hybrid-sweep-dashboard-f121-p3x1-5-crf28-r0-960x540	pass	99.7983330162242	3.585500060580671	2.6054580230265856	0.0	93.58233399689198	1212.445101466064	0.999491383238632	0.012853652238845825	0.0005312348948791623	-1.0	/Users/dennisonbertram/Develop/flipbook-research/outputs/track-b/20260427T023004Z-track-b-hybrid-sweep-dashboard-f121-p3x1-5-crf28-r0-960x540/output.mp4	/Users/dennisonbertram/Develop/flipbook-research/outputs/track-b/20260427T023004Z-track-b-hybrid-sweep-dashboard-f121-p3x1-5-crf28-r0-960x540/contact-sheet.jpg
20260427T022749Z	dashboard	/Users/dennisonbertram/Develop/flipbook-research/fixtures/track-d/pages/trackd-0001-dashboard.png	960x540	121	24	3.0	1.5	28	1	20260427T023005Z-track-b-hybrid-sweep-dashboard-f121-p3x1-5-crf28-r1-960x540	pass	96.95525001734495	3.7599169882014394	2.6676669949665666	0.0	90.503333020024	1247.9984320431697	0.999491383238632	0.012853652238845825	0.0005312348948791623	-1.0	/Users/dennisonbertram/Develop/flipbook-research/outputs/track-b/20260427T023005Z-track-b-hybrid-sweep-dashboard-f121-p3x1-5-crf28-r1-960x540/output.mp4	/Users/dennisonbertram/Develop/flipbook-research/outputs/track-b/20260427T023005Z-track-b-hybrid-sweep-dashboard-f121-p3x1-5-crf28-r1-960x540/contact-sheet.jpg
20260427T022749Z	diagram	/Users/dennisonbertram/Develop/flipbook-research/fixtures/track-d/pages/trackd-0002-diagram.png	960x540	33	24	1.0	0.5	18	0	20260427T023005Z-track-b-hybrid-sweep-diagram-f33-p1x0-5-crf18-r0-960x540	quality_fail	55.590708972886205	3.648041980341077	2.609292045235634	0.0	49.30854099802673	593.624377341462	0.9999652317968772	0.0021171853877604008	0.0001741784653859213	-1.0	/Users/dennisonbertram/Develop/flipbook-research/outputs/track-b/20260427T023005Z-track-b-hybrid-sweep-diagram-f33-p1x0-5-crf18-r0-960x540/output.mp4	/Users/dennisonbertram/Develop/flipbook-research/outputs/track-b/20260427T023005Z-track-b-hybrid-sweep-diagram-f33-p1x0-5-crf18-r0-960x540/contact-sheet.jpg
20260427T022749Z	diagram	/Users/dennisonbertram/Develop/flipbook-research/fixtures/track-d/pages/trackd-0002-diagram.png	960x540	33	24	1.0	0.5	18	1	20260427T023005Z-track-b-hybrid-sweep-diagram-f33-p1x0-5-crf18-r1-960x540	quality_fail	54.513500072062016	3.505416912958026	2.5879170279949903	0.0	48.394666984677315	605.3546361245733	0.9999652317968772	0.0021171853877604008	0.0001741784653859213	-1.0	/Users/dennisonbertram/Develop/flipbook-research/outputs/track-b/20260427T023005Z-track-b-hybrid-sweep-diagram-f33-p1x0-5-crf18-r1-960x540/output.mp4	/Users/dennisonbertram/Develop/flipbook-research/outputs/track-b/20260427T023005Z-track-b-hybrid-sweep-diagram-f33-p1x0-5-crf18-r1-960x540/contact-sheet.jpg
20260427T022749Z	diagram	/Users/dennisonbertram/Develop/flipbook-research/fixtures/track-d/pages/trackd-0002-diagram.png	960x540	33	24	1.0	0.5	23	0	20260427T023006Z-track-b-hybrid-sweep-diagram-f33-p1x0-5-crf23-r0-960x540	quality_fail	63.60729201696813	4.147375002503395	2.9721250757575035	0.0	56.45791604183614	518.8084408812246	0.9999647010283242	0.0023310789838433266	0.00046769093023613095	-1.0	/Users/dennisonbertram/Develop/flipbook-research/outputs/track-b/20260427T023006Z-track-b-hybrid-sweep-diagram-f33-p1x0-5-crf23-r0-960x540/output.mp4	/Users/dennisonbertram/Develop/flipbook-research/outputs/track-b/20260427T023006Z-track-b-hybrid-sweep-diagram-f33-p1x0-5-crf23-r0-960x540/contact-sheet.jpg
20260427T022749Z	diagram	/Users/dennisonbertram/Develop/flipbook-research/fixtures/track-d/pages/trackd-0002-diagram.png	960x540	33	24	1.0	0.5	23	1	20260427T023006Z-track-b-hybrid-sweep-diagram-f33-p1x0-5-crf23-r1-960x540	quality_fail	55.502875009551644	3.689624951221049	2.8876669239252806	0.0	48.899583984166384	594.5637950164012	0.9999647010283242	0.0023310789838433266	0.00046769093023613095	-1.0	/Users/dennisonbertram/Develop/flipbook-research/outputs/track-b/20260427T023006Z-track-b-hybrid-sweep-diagram-f33-p1x0-5-crf23-r1-960x540/output.mp4	/Users/dennisonbertram/Develop/flipbook-research/outputs/track-b/20260427T023006Z-track-b-hybrid-sweep-diagram-f33-p1x0-5-crf23-r1-960x540/contact-sheet.jpg
20260427T022749Z	diagram	/Users/dennisonbertram/Develop/flipbook-research/fixtures/track-d/pages/trackd-0002-diagram.png	960x540	33	24	1.0	0.5	28	0	20260427T023006Z-track-b-hybrid-sweep-diagram-f33-p1x0-5-crf28-r0-960x540	quality_fail	56.70937499962747	4.1571250185370445	2.7737090131267905	0.0	49.752791062928736	581.9143660147336	0.9999640263795211	0.0022788820788264275	0.0005749213160015643	-1.0	/Users/dennisonbertram/Develop/flipbook-research/outputs/track-b/20260427T023006Z-track-b-hybrid-sweep-diagram-f33-p1x0-5-crf28-r0-960x540/output.mp4	/Users/dennisonbertram/Develop/flipbook-research/outputs/track-b/20260427T023006Z-track-b-hybrid-sweep-diagram-f33-p1x0-5-crf28-r0-960x540/contact-sheet.jpg
20260427T022749Z	diagram	/Users/dennisonbertram/Develop/flipbook-research/fixtures/track-d/pages/trackd-0002-diagram.png	960x540	33	24	1.0	0.5	28	1	20260427T023007Z-track-b-hybrid-sweep-diagram-f33-p1x0-5-crf28-r1-960x540	quality_fail	54.25799998920411	3.683334100060165	2.6426248950883746	0.0	47.90799994952977	608.2052417443716	0.9999640263795211	0.0022788820788264275	0.0005749213160015643	-1.0	/Users/dennisonbertram/Develop/flipbook-research/outputs/track-b/20260427T023007Z-track-b-hybrid-sweep-diagram-f33-p1x0-5-crf28-r1-960x540/output.mp4	/Users/dennisonbertram/Develop/flipbook-research/outputs/track-b/20260427T023007Z-track-b-hybrid-sweep-diagram-f33-p1x0-5-crf28-r1-960x540/contact-sheet.jpg
20260427T022749Z	diagram	/Users/dennisonbertram/Develop/flipbook-research/fixtures/track-d/pages/trackd-0002-diagram.png	960x540	33	24	2.0	1.0	18	0	20260427T023007Z-track-b-hybrid-sweep-diagram-f33-p2x1-crf18-r0-960x540	pass	56.12783401738852	3.735999925993383	2.8639170341193676	0.0	49.50166598428041	587.943585882479	0.9998352322371575	0.006209528539329767	0.00019781831360887736	-1.0	/Users/dennisonbertram/Develop/flipbook-research/outputs/track-b/20260427T023007Z-track-b-hybrid-sweep-diagram-f33-p2x1-crf18-r0-960x540/output.mp4	/Users/dennisonbertram/Develop/flipbook-research/outputs/track-b/20260427T023007Z-track-b-hybrid-sweep-diagram-f33-p2x1-crf18-r0-960x540/contact-sheet.jpg
20260427T022749Z	diagram	/Users/dennisonbertram/Develop/flipbook-research/fixtures/track-d/pages/trackd-0002-diagram.png	960x540	33	24	2.0	1.0	18	1	20260427T023008Z-track-b-hybrid-sweep-diagram-f33-p2x1-crf18-r1-960x540	pass	55.306416004896164	3.8471659645438194	2.8897919692099094	0.0	48.54274995159358	596.6757997314195	0.9998352322371575	0.006209528539329767	0.00019781831360887736	-1.0	/Users/dennisonbertram/Develop/flipbook-research/outputs/track-b/20260427T023008Z-track-b-hybrid-sweep-diagram-f33-p2x1-crf18-r1-960x540/output.mp4	/Users/dennisonbertram/Develop/flipbook-research/outputs/track-b/20260427T023008Z-track-b-hybrid-sweep-diagram-f33-p2x1-crf18-r1-960x540/contact-sheet.jpg
20260427T022749Z	diagram	/Users/dennisonbertram/Develop/flipbook-research/fixtures/track-d/pages/trackd-0002-diagram.png	960x540	33	24	2.0	1.0	23	0	20260427T023008Z-track-b-hybrid-sweep-diagram-f33-p2x1-crf23-r0-960x540	pass	55.663749924860895	4.097292083315551	2.9517499497160316	0.0	48.591666971333325	592.8454343184904	0.9998349733990034	0.006255484651774168	0.0004421598860062659	-1.0	/Users/dennisonbertram/Develop/flipbook-research/outputs/track-b/20260427T023008Z-track-b-hybrid-sweep-diagram-f33-p2x1-crf23-r0-960x540/output.mp4	/Users/dennisonbertram/Develop/flipbook-research/outputs/track-b/20260427T023008Z-track-b-hybrid-sweep-diagram-f33-p2x1-crf23-r0-960x540/contact-sheet.jpg
20260427T022749Z	diagram	/Users/dennisonbertram/Develop/flipbook-research/fixtures/track-d/pages/trackd-0002-diagram.png	960x540	33	24	2.0	1.0	23	1	20260427T023008Z-track-b-hybrid-sweep-diagram-f33-p2x1-crf23-r1-960x540	pass	55.2312919171527	3.6777909845113754	2.888374961912632	0.0	48.640500055626035	597.4873817816939	0.9998349733990034	0.006255484651774168	0.0004421598860062659	-1.0	/Users/dennisonbertram/Develop/flipbook-research/outputs/track-b/20260427T023008Z-track-b-hybrid-sweep-diagram-f33-p2x1-crf23-r1-960x540/output.mp4	/Users/dennisonbertram/Develop/flipbook-research/outputs/track-b/20260427T023008Z-track-b-hybrid-sweep-diagram-f33-p2x1-crf23-r1-960x540/contact-sheet.jpg
20260427T022749Z	diagram	/Users/dennisonbertram/Develop/flipbook-research/fixtures/track-d/pages/trackd-0002-diagram.png	960x540	33	24	2.0	1.0	28	0	20260427T023009Z-track-b-hybrid-sweep-diagram-f33-p2x1-crf28-r0-960x540	pass	54.35504193883389	3.6402909317985177	2.8647910803556442	0.0	47.82016598619521	607.1193917417105	0.9998344067899017	0.006304088048636913	0.0006530274404212832	-1.0	/Users/dennisonbertram/Develop/flipbook-research/outputs/track-b/20260427T023009Z-track-b-hybrid-sweep-diagram-f33-p2x1-crf28-r0-960x540/output.mp4	/Users/dennisonbertram/Develop/flipbook-research/outputs/track-b/20260427T023009Z-track-b-hybrid-sweep-diagram-f33-p2x1-crf28-r0-960x540/contact-sheet.jpg
20260427T022749Z	diagram	/Users/dennisonbertram/Develop/flipbook-research/fixtures/track-d/pages/trackd-0002-diagram.png	960x540	33	24	2.0	1.0	28	1	20260427T023009Z-track-b-hybrid-sweep-diagram-f33-p2x1-crf28-r1-960x540	pass	57.11387493647635	4.037999897263944	2.7310410514473915	0.0	50.31987500842661	577.7930500548864	0.9998344067899017	0.006304088048636913	0.0006530274404212832	-1.0	/Users/dennisonbertram/Develop/flipbook-research/outputs/track-b/20260427T023009Z-track-b-hybrid-sweep-diagram-f33-p2x1-crf28-r1-960x540/output.mp4	/Users/dennisonbertram/Develop/flipbook-research/outputs/track-b/20260427T023009Z-track-b-hybrid-sweep-diagram-f33-p2x1-crf28-r1-960x540/contact-sheet.jpg
20260427T022749Z	diagram	/Users/dennisonbertram/Develop/flipbook-research/fixtures/track-d/pages/trackd-0002-diagram.png	960x540	33	24	3.0	1.5	18	0	20260427T023009Z-track-b-hybrid-sweep-diagram-f33-p3x1-5-crf18-r0-960x540	pass	56.21029203757644	3.674166975542903	2.816749969497323	0.0	49.687459017150104	587.0810985635795	0.9996057977009382	0.010031999088823795	0.00020500484970398247	-1.0	/Users/dennisonbertram/Develop/flipbook-research/outputs/track-b/20260427T023009Z-track-b-hybrid-sweep-diagram-f33-p3x1-5-crf18-r0-960x540/output.mp4	/Users/dennisonbertram/Develop/flipbook-research/outputs/track-b/20260427T023009Z-track-b-hybrid-sweep-diagram-f33-p3x1-5-crf18-r0-960x540/contact-sheet.jpg
20260427T022749Z	diagram	/Users/dennisonbertram/Develop/flipbook-research/fixtures/track-d/pages/trackd-0002-diagram.png	960x540	33	24	3.0	1.5	18	1	20260427T023010Z-track-b-hybrid-sweep-diagram-f33-p3x1-5-crf18-r1-960x540	pass	56.819000048562884	3.686208976432681	2.8495410224422812	0.0	50.25629105512053	580.7916361040336	0.9996057977009382	0.010031999088823795	0.00020500484970398247	-1.0	/Users/dennisonbertram/Develop/flipbook-research/outputs/track-b/20260427T023010Z-track-b-hybrid-sweep-diagram-f33-p3x1-5-crf18-r1-960x540/output.mp4	/Users/dennisonbertram/Develop/flipbook-research/outputs/track-b/20260427T023010Z-track-b-hybrid-sweep-diagram-f33-p3x1-5-crf18-r1-960x540/contact-sheet.jpg
20260427T022749Z	diagram	/Users/dennisonbertram/Develop/flipbook-research/fixtures/track-d/pages/trackd-0002-diagram.png	960x540	33	24	3.0	1.5	23	0	20260427T023010Z-track-b-hybrid-sweep-diagram-f33-p3x1-5-crf23-r0-960x540	pass	55.505249998532236	3.835874958895147	2.589832991361618	0.0	49.055667011998594	594.5383544957034	0.9996054486331306	0.01013941876590252	0.0005140251014381647	-1.0	/Users/dennisonbertram/Develop/flipbook-research/outputs/track-b/20260427T023010Z-track-b-hybrid-sweep-diagram-f33-p3x1-5-crf23-r0-960x540/output.mp4	/Users/dennisonbertram/Develop/flipbook-research/outputs/track-b/20260427T023010Z-track-b-hybrid-sweep-diagram-f33-p3x1-5-crf23-r0-960x540/contact-sheet.jpg
20260427T022749Z	diagram	/Users/dennisonbertram/Develop/flipbook-research/fixtures/track-d/pages/trackd-0002-diagram.png	960x540	33	24	3.0	1.5	23	1	20260427T023010Z-track-b-hybrid-sweep-diagram-f33-p3x1-5-crf23-r1-960x540	pass	55.73212506715208	3.4677089424803853	2.7218329487368464	0.0	49.51354197692126	592.1180999331721	0.9996054486331306	0.01013941876590252	0.0005140251014381647	-1.0	/Users/dennisonbertram/Develop/flipbook-research/outputs/track-b/20260427T023010Z-track-b-hybrid-sweep-diagram-f33-p3x1-5-crf23-r1-960x540/output.mp4	/Users/dennisonbertram/Develop/flipbook-research/outputs/track-b/20260427T023010Z-track-b-hybrid-sweep-diagram-f33-p3x1-5-crf23-r1-960x540/contact-sheet.jpg
20260427T022749Z	diagram	/Users/dennisonbertram/Develop/flipbook-research/fixtures/track-d/pages/trackd-0002-diagram.png	960x540	33	24	3.0	1.5	28	0	20260427T023011Z-track-b-hybrid-sweep-diagram-f33-p3x1-5-crf28-r0-960x540	pass	54.665250005200505	3.499667043797672	2.6615000097081065	0.0	48.478915938176215	603.6741805234694	0.999605772205611	0.01015624962747097	0.0008748638210818172	-1.0	/Users/dennisonbertram/Develop/flipbook-research/outputs/track-b/20260427T023011Z-track-b-hybrid-sweep-diagram-f33-p3x1-5-crf28-r0-960x540/output.mp4	/Users/dennisonbertram/Develop/flipbook-research/outputs/track-b/20260427T023011Z-track-b-hybrid-sweep-diagram-f33-p3x1-5-crf28-r0-960x540/contact-sheet.jpg
20260427T022749Z	diagram	/Users/dennisonbertram/Develop/flipbook-research/fixtures/track-d/pages/trackd-0002-diagram.png	960x540	33	24	3.0	1.5	28	1	20260427T023011Z-track-b-hybrid-sweep-diagram-f33-p3x1-5-crf28-r1-960x540	pass	55.48912507947534	3.7066249642521143	2.690583001822233	0.0	49.05366699676961	594.7111249769234	0.999605772205611	0.01015624962747097	0.0008748638210818172	-1.0	/Users/dennisonbertram/Develop/flipbook-research/outputs/track-b/20260427T023011Z-track-b-hybrid-sweep-diagram-f33-p3x1-5-crf28-r1-960x540/output.mp4	/Users/dennisonbertram/Develop/flipbook-research/outputs/track-b/20260427T023011Z-track-b-hybrid-sweep-diagram-f33-p3x1-5-crf28-r1-960x540/contact-sheet.jpg
20260427T022749Z	diagram	/Users/dennisonbertram/Develop/flipbook-research/fixtures/track-d/pages/trackd-0002-diagram.png	960x540	65	24	1.0	0.5	18	0	20260427T023012Z-track-b-hybrid-sweep-diagram-f65-p1x0-5-crf18-r0-960x540	quality_fail	70.59691695030779	3.721292014233768	2.9494999907910824	0.0	63.897207961417735	920.7200938498861	0.9999653277138357	0.0021213460713624954	0.00018098673899658024	-1.0	/Users/dennisonbertram/Develop/flipbook-research/outputs/track-b/20260427T023012Z-track-b-hybrid-sweep-diagram-f65-p1x0-5-crf18-r0-960x540/output.mp4	/Users/dennisonbertram/Develop/flipbook-research/outputs/track-b/20260427T023012Z-track-b-hybrid-sweep-diagram-f65-p1x0-5-crf18-r0-960x540/contact-sheet.jpg
20260427T022749Z	diagram	/Users/dennisonbertram/Develop/flipbook-research/fixtures/track-d/pages/trackd-0002-diagram.png	960x540	65	24	1.0	0.5	18	1	20260427T023012Z-track-b-hybrid-sweep-diagram-f65-p1x0-5-crf18-r1-960x540	quality_fail	69.07299999147654	3.702874993905425	2.7363330591470003	0.0	62.59220896754414	941.0333995630834	0.9999653277138357	0.0021213460713624954	0.00018098673899658024	-1.0	/Users/dennisonbertram/Develop/flipbook-research/outputs/track-b/20260427T023012Z-track-b-hybrid-sweep-diagram-f65-p1x0-5-crf18-r1-960x540/output.mp4	/Users/dennisonbertram/Develop/flipbook-research/outputs/track-b/20260427T023012Z-track-b-hybrid-sweep-diagram-f65-p1x0-5-crf18-r1-960x540/contact-sheet.jpg
20260427T022749Z	diagram	/Users/dennisonbertram/Develop/flipbook-research/fixtures/track-d/pages/trackd-0002-diagram.png	960x540	65	24	1.0	0.5	23	0	20260427T023012Z-track-b-hybrid-sweep-diagram-f65-p1x0-5-crf23-r0-960x540	quality_fail	71.1356250103563	3.8327499059960246	2.806584001518786	0.0	64.46991697885096	913.7475068299035	0.9999648683908031	0.002326918300241232	0.0004678800469264388	-1.0	/Users/dennisonbertram/Develop/flipbook-research/outputs/track-b/20260427T023012Z-track-b-hybrid-sweep-diagram-f65-p1x0-5-crf23-r0-960x540/output.mp4	/Users/dennisonbertram/Develop/flipbook-research/outputs/track-b/20260427T023012Z-track-b-hybrid-sweep-diagram-f65-p1x0-5-crf23-r0-960x540/contact-sheet.jpg
20260427T022749Z	diagram	/Users/dennisonbertram/Develop/flipbook-research/fixtures/track-d/pages/trackd-0002-diagram.png	960x540	65	24	1.0	0.5	23	1	20260427T023013Z-track-b-hybrid-sweep-diagram-f65-p1x0-5-crf23-r1-960x540	quality_fail	70.21216698922217	3.576667048037052	2.680958015844226	0.0	63.92495799809694	925.7654732402398	0.9999648683908031	0.002326918300241232	0.0004678800469264388	-1.0	/Users/dennisonbertram/Develop/flipbook-research/outputs/track-b/20260427T023013Z-track-b-hybrid-sweep-diagram-f65-p1x0-5-crf23-r1-960x540/output.mp4	/Users/dennisonbertram/Develop/flipbook-research/outputs/track-b/20260427T023013Z-track-b-hybrid-sweep-diagram-f65-p1x0-5-crf23-r1-960x540/contact-sheet.jpg
20260427T022749Z	diagram	/Users/dennisonbertram/Develop/flipbook-research/fixtures/track-d/pages/trackd-0002-diagram.png	960x540	65	24	1.0	0.5	28	0	20260427T023013Z-track-b-hybrid-sweep-diagram-f65-p1x0-5-crf28-r0-960x540	quality_fail	68.59404197894037	3.5303339827805758	2.5388330686837435	0.0	62.501124921254814	947.6041668452224	0.9999641190836495	0.002293066121637821	0.0006017762352712452	-1.0	/Users/dennisonbertram/Develop/flipbook-research/outputs/track-b/20260427T023013Z-track-b-hybrid-sweep-diagram-f65-p1x0-5-crf28-r0-960x540/output.mp4	/Users/dennisonbertram/Develop/flipbook-research/outputs/track-b/20260427T023013Z-track-b-hybrid-sweep-diagram-f65-p1x0-5-crf28-r0-960x540/contact-sheet.jpg
20260427T022749Z	diagram	/Users/dennisonbertram/Develop/flipbook-research/fixtures/track-d/pages/trackd-0002-diagram.png	960x540	65	24	1.0	0.5	28	1	20260427T023013Z-track-b-hybrid-sweep-diagram-f65-p1x0-5-crf28-r1-960x540	quality_fail	70.46804204583168	4.17745893355459	3.1569580314680934	0.0	63.102624961175025	922.4039452908977	0.9999641190836495	0.002293066121637821	0.0006017762352712452	-1.0	/Users/dennisonbertram/Develop/flipbook-research/outputs/track-b/20260427T023013Z-track-b-hybrid-sweep-diagram-f65-p1x0-5-crf28-r1-960x540/output.mp4	/Users/dennisonbertram/Develop/flipbook-research/outputs/track-b/20260427T023013Z-track-b-hybrid-sweep-diagram-f65-p1x0-5-crf28-r1-960x540/contact-sheet.jpg
20260427T022749Z	diagram	/Users/dennisonbertram/Develop/flipbook-research/fixtures/track-d/pages/trackd-0002-diagram.png	960x540	65	24	2.0	1.0	18	0	20260427T023014Z-track-b-hybrid-sweep-diagram-f65-p2x1-crf18-r0-960x540	pass	70.40225004311651	3.8041670341044664	2.7009169571101665	0.0	63.87316598556936	923.2659461905265	0.9998353284042064	0.006170002743601799	0.00019252300262451172	-1.0	/Users/dennisonbertram/Develop/flipbook-research/outputs/track-b/20260427T023014Z-track-b-hybrid-sweep-diagram-f65-p2x1-crf18-r0-960x540/output.mp4	/Users/dennisonbertram/Develop/flipbook-research/outputs/track-b/20260427T023014Z-track-b-hybrid-sweep-diagram-f65-p2x1-crf18-r0-960x540/contact-sheet.jpg
20260427T022749Z	diagram	/Users/dennisonbertram/Develop/flipbook-research/fixtures/track-d/pages/trackd-0002-diagram.png	960x540	65	24	2.0	1.0	18	1	20260427T023014Z-track-b-hybrid-sweep-diagram-f65-p2x1-crf18-r1-960x540	pass	71.66929205413908	3.6931249778717756	2.794999978505075	0.0	65.13283308595419	906.9435198396952	0.9998353284042064	0.006170002743601799	0.00019252300262451172	-1.0	/Users/dennisonbertram/Develop/flipbook-research/outputs/track-b/20260427T023014Z-track-b-hybrid-sweep-diagram-f65-p2x1-crf18-r1-960x540/output.mp4	/Users/dennisonbertram/Develop/flipbook-research/outputs/track-b/20260427T023014Z-track-b-hybrid-sweep-diagram-f65-p2x1-crf18-r1-960x540/contact-sheet.jpg
20260427T022749Z	diagram	/Users/dennisonbertram/Develop/flipbook-research/fixtures/track-d/pages/trackd-0002-diagram.png	960x540	65	24	2.0	1.0	23	0	20260427T023014Z-track-b-hybrid-sweep-diagram-f65-p2x1-crf23-r0-960x540	pass	71.04383304249495	3.9152499521151185	2.7445830637589097	0.0	64.35245799366385	914.9281115099768	0.9998350136968764	0.0062725055031478405	0.0004710950597655028	-1.0	/Users/dennisonbertram/Develop/flipbook-research/outputs/track-b/20260427T023014Z-track-b-hybrid-sweep-diagram-f65-p2x1-crf23-r0-960x540/output.mp4	/Users/dennisonbertram/Develop/flipbook-research/outputs/track-b/20260427T023014Z-track-b-hybrid-sweep-diagram-f65-p2x1-crf23-r0-960x540/contact-sheet.jpg
20260427T022749Z	diagram	/Users/dennisonbertram/Develop/flipbook-research/fixtures/track-d/pages/trackd-0002-diagram.png	960x540	65	24	2.0	1.0	23	1	20260427T023015Z-track-b-hybrid-sweep-diagram-f65-p2x1-crf23-r1-960x540	pass	70.65474998671561	3.7644169060513377	2.8029580134898424	0.0	64.05750010162592	919.9664567806296	0.9998350136968764	0.0062725055031478405	0.0004710950597655028	-1.0	/Users/dennisonbertram/Develop/flipbook-research/outputs/track-b/20260427T023015Z-track-b-hybrid-sweep-diagram-f65-p2x1-crf23-r1-960x540/output.mp4	/Users/dennisonbertram/Develop/flipbook-research/outputs/track-b/20260427T023015Z-track-b-hybrid-sweep-diagram-f65-p2x1-crf23-r1-960x540/contact-sheet.jpg
20260427T022749Z	diagram	/Users/dennisonbertram/Develop/flipbook-research/fixtures/track-d/pages/trackd-0002-diagram.png	960x540	65	24	2.0	1.0	28	0	20260427T023015Z-track-b-hybrid-sweep-diagram-f65-p2x1-crf28-r0-960x540	pass	70.88241702876985	3.7894579581916332	2.81708303373307	0.0	64.24966698978096	917.0116190256	0.9998344886191424	0.006340020801872015	0.0007439936161972582	-1.0	/Users/dennisonbertram/Develop/flipbook-research/outputs/track-b/20260427T023015Z-track-b-hybrid-sweep-diagram-f65-p2x1-crf28-r0-960x540/output.mp4	/Users/dennisonbertram/Develop/flipbook-research/outputs/track-b/20260427T023015Z-track-b-hybrid-sweep-diagram-f65-p2x1-crf28-r0-960x540/contact-sheet.jpg
20260427T022749Z	diagram	/Users/dennisonbertram/Develop/flipbook-research/fixtures/track-d/pages/trackd-0002-diagram.png	960x540	65	24	2.0	1.0	28	1	20260427T023016Z-track-b-hybrid-sweep-diagram-f65-p2x1-crf28-r1-960x540	pass	69.78562497533858	3.483042004518211	2.770041930489242	0.0	63.49974998738617	931.4239146381542	0.9998344886191424	0.006340020801872015	0.0007439936161972582	-1.0	/Users/dennisonbertram/Develop/flipbook-research/outputs/track-b/20260427T023016Z-track-b-hybrid-sweep-diagram-f65-p2x1-crf28-r1-960x540/output.mp4	/Users/dennisonbertram/Develop/flipbook-research/outputs/track-b/20260427T023016Z-track-b-hybrid-sweep-diagram-f65-p2x1-crf28-r1-960x540/contact-sheet.jpg
20260427T022749Z	diagram	/Users/dennisonbertram/Develop/flipbook-research/fixtures/track-d/pages/trackd-0002-diagram.png	960x540	65	24	3.0	1.5	18	0	20260427T023016Z-track-b-hybrid-sweep-diagram-f65-p3x1-5-crf18-r0-960x540	pass	72.50424998346716	3.8313749246299267	2.6485829148441553	0.0	65.99829101469368	896.499170942692	0.999606076792297	0.010031052865087986	0.00018760591046884656	-1.0	/Users/dennisonbertram/Develop/flipbook-research/outputs/track-b/20260427T023016Z-track-b-hybrid-sweep-diagram-f65-p3x1-5-crf18-r0-960x540/output.mp4	/Users/dennisonbertram/Develop/flipbook-research/outputs/track-b/20260427T023016Z-track-b-hybrid-sweep-diagram-f65-p3x1-5-crf18-r0-960x540/contact-sheet.jpg
20260427T022749Z	diagram	/Users/dennisonbertram/Develop/flipbook-research/fixtures/track-d/pages/trackd-0002-diagram.png	960x540	65	24	3.0	1.5	18	1	20260427T023016Z-track-b-hybrid-sweep-diagram-f65-p3x1-5-crf18-r1-960x540	pass	70.2176250051707	3.841833909973502	3.122833091765642	0.0	63.22229199577123	925.6935134905733	0.999606076792297	0.010031052865087986	0.00018760591046884656	-1.0	/Users/dennisonbertram/Develop/flipbook-research/outputs/track-b/20260427T023016Z-track-b-hybrid-sweep-diagram-f65-p3x1-5-crf18-r1-960x540/output.mp4	/Users/dennisonbertram/Develop/flipbook-research/outputs/track-b/20260427T023016Z-track-b-hybrid-sweep-diagram-f65-p3x1-5-crf18-r1-960x540/contact-sheet.jpg
20260427T022749Z	diagram	/Users/dennisonbertram/Develop/flipbook-research/fixtures/track-d/pages/trackd-0002-diagram.png	960x540	65	24	3.0	1.5	23	0	20260427T023017Z-track-b-hybrid-sweep-diagram-f65-p3x1-5-crf23-r0-960x540	pass	71.79712504148483	3.5325420321896672	2.7478750562295318	0.0	65.48833299893886	905.3287295618395	0.9996056261188508	0.010130908340215683	0.0004960587830282748	-1.0	/Users/dennisonbertram/Develop/flipbook-research/outputs/track-b/20260427T023017Z-track-b-hybrid-sweep-diagram-f65-p3x1-5-crf23-r0-960x540/output.mp4	/Users/dennisonbertram/Develop/flipbook-research/outputs/track-b/20260427T023017Z-track-b-hybrid-sweep-diagram-f65-p3x1-5-crf23-r0-960x540/contact-sheet.jpg
20260427T022749Z	diagram	/Users/dennisonbertram/Develop/flipbook-research/fixtures/track-d/pages/trackd-0002-diagram.png	960x540	65	24	3.0	1.5	23	1	20260427T023017Z-track-b-hybrid-sweep-diagram-f65-p3x1-5-crf23-r1-960x540	pass	79.29825002793223	4.187333979643881	2.968542044982314	0.0	72.11354200262576	819.6902198611473	0.9996056261188508	0.010130908340215683	0.0004960587830282748	-1.0	/Users/dennisonbertram/Develop/flipbook-research/outputs/track-b/20260427T023017Z-track-b-hybrid-sweep-diagram-f65-p3x1-5-crf23-r1-960x540/output.mp4	/Users/dennisonbertram/Develop/flipbook-research/outputs/track-b/20260427T023017Z-track-b-hybrid-sweep-diagram-f65-p3x1-5-crf23-r1-960x540/contact-sheet.jpg
20260427T022749Z	diagram	/Users/dennisonbertram/Develop/flipbook-research/fixtures/track-d/pages/trackd-0002-diagram.png	960x540	65	24	3.0	1.5	28	0	20260427T023018Z-track-b-hybrid-sweep-diagram-f65-p3x1-5-crf28-r0-960x540	pass	71.23762497212738	3.700624918565154	2.686207997612655	0.0	64.82687499374151	912.4391783896792	0.9996060473848943	0.010141687467694283	0.0007606360013596714	-1.0	/Users/dennisonbertram/Develop/flipbook-research/outputs/track-b/20260427T023018Z-track-b-hybrid-sweep-diagram-f65-p3x1-5-crf28-r0-960x540/output.mp4	/Users/dennisonbertram/Develop/flipbook-research/outputs/track-b/20260427T023018Z-track-b-hybrid-sweep-diagram-f65-p3x1-5-crf28-r0-960x540/contact-sheet.jpg
20260427T022749Z	diagram	/Users/dennisonbertram/Develop/flipbook-research/fixtures/track-d/pages/trackd-0002-diagram.png	960x540	65	24	3.0	1.5	28	1	20260427T023018Z-track-b-hybrid-sweep-diagram-f65-p3x1-5-crf28-r1-960x540	pass	94.14983401075006	3.573833964765072	2.5996670592576265	0.0	87.93662500102073	690.3888964114188	0.9996060473848943	0.010141687467694283	0.0007606360013596714	-1.0	/Users/dennisonbertram/Develop/flipbook-research/outputs/track-b/20260427T023018Z-track-b-hybrid-sweep-diagram-f65-p3x1-5-crf28-r1-960x540/output.mp4	/Users/dennisonbertram/Develop/flipbook-research/outputs/track-b/20260427T023018Z-track-b-hybrid-sweep-diagram-f65-p3x1-5-crf28-r1-960x540/contact-sheet.jpg
20260427T022749Z	diagram	/Users/dennisonbertram/Develop/flipbook-research/fixtures/track-d/pages/trackd-0002-diagram.png	960x540	121	24	1.0	0.5	18	0	20260427T023018Z-track-b-hybrid-sweep-diagram-f121-p1x0-5-crf18-r0-960x540	quality_fail	100.97795899491757	3.794000018388033	2.7999590383842587	0.0	94.20024999417365	1198.2813002398889	0.9999653299406646	0.0021211570128798485	0.00018098673899658024	-1.0	/Users/dennisonbertram/Develop/flipbook-research/outputs/track-b/20260427T023018Z-track-b-hybrid-sweep-diagram-f121-p1x0-5-crf18-r0-960x540/output.mp4	/Users/dennisonbertram/Develop/flipbook-research/outputs/track-b/20260427T023018Z-track-b-hybrid-sweep-diagram-f121-p1x0-5-crf18-r0-960x540/contact-sheet.jpg
20260427T022749Z	diagram	/Users/dennisonbertram/Develop/flipbook-research/fixtures/track-d/pages/trackd-0002-diagram.png	960x540	121	24	1.0	0.5	18	1	20260427T023019Z-track-b-hybrid-sweep-diagram-f121-p1x0-5-crf18-r1-960x540	quality_fail	96.95137501694262	3.884042031131685	3.06787493173033	0.0	89.96991603635252	1248.0483126603908	0.9999653299406646	0.0021211570128798485	0.00018098673899658024	-1.0	/Users/dennisonbertram/Develop/flipbook-research/outputs/track-b/20260427T023019Z-track-b-hybrid-sweep-diagram-f121-p1x0-5-crf18-r1-960x540/output.mp4	/Users/dennisonbertram/Develop/flipbook-research/outputs/track-b/20260427T023019Z-track-b-hybrid-sweep-diagram-f121-p1x0-5-crf18-r1-960x540/contact-sheet.jpg
20260427T022749Z	diagram	/Users/dennisonbertram/Develop/flipbook-research/fixtures/track-d/pages/trackd-0002-diagram.png	960x540	121	24	1.0	0.5	23	0	20260427T023019Z-track-b-hybrid-sweep-diagram-f121-p1x0-5-crf23-r0-960x540	quality_fail	98.35070802364498	3.6526250187307596	2.6078750379383564	0.0	92.0667500467971	1230.29109227063	0.9999648683908031	0.002326918300241232	0.0004678800469264388	-1.0	/Users/dennisonbertram/Develop/flipbook-research/outputs/track-b/20260427T023019Z-track-b-hybrid-sweep-diagram-f121-p1x0-5-crf23-r0-960x540/output.mp4	/Users/dennisonbertram/Develop/flipbook-research/outputs/track-b/20260427T023019Z-track-b-hybrid-sweep-diagram-f121-p1x0-5-crf23-r0-960x540/contact-sheet.jpg
20260427T022749Z	diagram	/Users/dennisonbertram/Develop/flipbook-research/fixtures/track-d/pages/trackd-0002-diagram.png	960x540	121	24	1.0	0.5	23	1	20260427T023020Z-track-b-hybrid-sweep-diagram-f121-p1x0-5-crf23-r1-960x540	quality_fail	96.69254103209823	3.6274170270189643	2.795875072479248	0.0	90.23812506347895	1251.3891837823624	0.9999648683908031	0.002326918300241232	0.0004678800469264388	-1.0	/Users/dennisonbertram/Develop/flipbook-research/outputs/track-b/20260427T023020Z-track-b-hybrid-sweep-diagram-f121-p1x0-5-crf23-r1-960x540/output.mp4	/Users/dennisonbertram/Develop/flipbook-research/outputs/track-b/20260427T023020Z-track-b-hybrid-sweep-diagram-f121-p1x0-5-crf23-r1-960x540/contact-sheet.jpg
20260427T022749Z	diagram	/Users/dennisonbertram/Develop/flipbook-research/fixtures/track-d/pages/trackd-0002-diagram.png	960x540	121	24	1.0	0.5	28	0	20260427T023020Z-track-b-hybrid-sweep-diagram-f121-p1x0-5-crf28-r0-960x540	quality_fail	100.06058309227228	3.820416983217001	2.66083306632936	0.0	93.55462505482137	1209.2673884222536	0.9999641190836495	0.002293066121637821	0.0006017762352712452	-1.0	/Users/dennisonbertram/Develop/flipbook-research/outputs/track-b/20260427T023020Z-track-b-hybrid-sweep-diagram-f121-p1x0-5-crf28-r0-960x540/output.mp4	/Users/dennisonbertram/Develop/flipbook-research/outputs/track-b/20260427T023020Z-track-b-hybrid-sweep-diagram-f121-p1x0-5-crf28-r0-960x540/contact-sheet.jpg
20260427T022749Z	diagram	/Users/dennisonbertram/Develop/flipbook-research/fixtures/track-d/pages/trackd-0002-diagram.png	960x540	121	24	1.0	0.5	28	1	20260427T023020Z-track-b-hybrid-sweep-diagram-f121-p1x0-5-crf28-r1-960x540	quality_fail	93.91900000628084	3.4401249140501022	2.568958094343543	0.0	87.88362506311387	1288.344211415242	0.9999641190836495	0.002293066121637821	0.0006017762352712452	-1.0	/Users/dennisonbertram/Develop/flipbook-research/outputs/track-b/20260427T023020Z-track-b-hybrid-sweep-diagram-f121-p1x0-5-crf28-r1-960x540/output.mp4	/Users/dennisonbertram/Develop/flipbook-research/outputs/track-b/20260427T023020Z-track-b-hybrid-sweep-diagram-f121-p1x0-5-crf28-r1-960x540/contact-sheet.jpg
20260427T022749Z	diagram	/Users/dennisonbertram/Develop/flipbook-research/fixtures/track-d/pages/trackd-0002-diagram.png	960x540	121	24	2.0	1.0	18	0	20260427T023021Z-track-b-hybrid-sweep-diagram-f121-p2x1-crf18-r0-960x540	pass	98.60720904543996	4.11750003695488	2.981791039928794	0.0	91.47712495177984	1227.0908098031762	0.9998353182690488	0.006177378352731466	0.00018722767708823085	-1.0	/Users/dennisonbertram/Develop/flipbook-research/outputs/track-b/20260427T023021Z-track-b-hybrid-sweep-diagram-f121-p2x1-crf18-r0-960x540/output.mp4	/Users/dennisonbertram/Develop/flipbook-research/outputs/track-b/20260427T023021Z-track-b-hybrid-sweep-diagram-f121-p2x1-crf18-r0-960x540/contact-sheet.jpg
20260427T022749Z	diagram	/Users/dennisonbertram/Develop/flipbook-research/fixtures/track-d/pages/trackd-0002-diagram.png	960x540	121	24	2.0	1.0	18	1	20260427T023021Z-track-b-hybrid-sweep-diagram-f121-p2x1-crf18-r1-960x540	pass	96.48312500212342	3.7596250185742974	2.6667920174077153	0.0	90.03304201178253	1254.1053163165789	0.9998353182690488	0.006177378352731466	0.00018722767708823085	-1.0	/Users/dennisonbertram/Develop/flipbook-research/outputs/track-b/20260427T023021Z-track-b-hybrid-sweep-diagram-f121-p2x1-crf18-r1-960x540/output.mp4	/Users/dennisonbertram/Develop/flipbook-research/outputs/track-b/20260427T023021Z-track-b-hybrid-sweep-diagram-f121-p2x1-crf18-r1-960x540/contact-sheet.jpg
20260427T022749Z	diagram	/Users/dennisonbertram/Develop/flipbook-research/fixtures/track-d/pages/trackd-0002-diagram.png	960x540	121	24	2.0	1.0	23	0	20260427T023022Z-track-b-hybrid-sweep-diagram-f121-p2x1-crf23-r0-960x540	pass	101.55716701410711	3.928416990675032	2.9084159759804606	0.0	94.69516691751778	1191.4471775605175	0.9998347158030518	0.006343046203255653	0.0004903851659037173	-1.0	/Users/dennisonbertram/Develop/flipbook-research/outputs/track-b/20260427T023022Z-track-b-hybrid-sweep-diagram-f121-p2x1-crf23-r0-960x540/output.mp4	/Users/dennisonbertram/Develop/flipbook-research/outputs/track-b/20260427T023022Z-track-b-hybrid-sweep-diagram-f121-p2x1-crf23-r0-960x540/contact-sheet.jpg
20260427T022749Z	diagram	/Users/dennisonbertram/Develop/flipbook-research/fixtures/track-d/pages/trackd-0002-diagram.png	960x540	121	24	2.0	1.0	23	1	20260427T023022Z-track-b-hybrid-sweep-diagram-f121-p2x1-crf23-r1-960x540	pass	100.50420893821865	3.7564170779660344	2.696417039260268	0.0	94.02824996504933	1203.9296789488726	0.9998347158030518	0.006343046203255653	0.0004903851659037173	-1.0	/Users/dennisonbertram/Develop/flipbook-research/outputs/track-b/20260427T023022Z-track-b-hybrid-sweep-diagram-f121-p2x1-crf23-r1-960x540/output.mp4	/Users/dennisonbertram/Develop/flipbook-research/outputs/track-b/20260427T023022Z-track-b-hybrid-sweep-diagram-f121-p2x1-crf23-r1-960x540/contact-sheet.jpg
20260427T022749Z	diagram	/Users/dennisonbertram/Develop/flipbook-research/fixtures/track-d/pages/trackd-0002-diagram.png	960x540	121	24	2.0	1.0	28	0	20260427T023022Z-track-b-hybrid-sweep-diagram-f121-p2x1-crf28-r0-960x540	pass	99.68704101629555	3.625459037721157	2.6447500567883253	0.0	93.39141694363207	1213.7986920508602	0.9998347862634875	0.006328295450657606	0.0007178951636888087	-1.0	/Users/dennisonbertram/Develop/flipbook-research/outputs/track-b/20260427T023022Z-track-b-hybrid-sweep-diagram-f121-p2x1-crf28-r0-960x540/output.mp4	/Users/dennisonbertram/Develop/flipbook-research/outputs/track-b/20260427T023022Z-track-b-hybrid-sweep-diagram-f121-p2x1-crf28-r0-960x540/contact-sheet.jpg
20260427T022749Z	diagram	/Users/dennisonbertram/Develop/flipbook-research/fixtures/track-d/pages/trackd-0002-diagram.png	960x540	121	24	2.0	1.0	28	1	20260427T023023Z-track-b-hybrid-sweep-diagram-f121-p2x1-crf28-r1-960x540	pass	95.87404201738536	3.724624984897673	2.7705839602276683	0.0	89.34787497855723	1262.0725845485726	0.9998347862634875	0.006328295450657606	0.0007178951636888087	-1.0	/Users/dennisonbertram/Develop/flipbook-research/outputs/track-b/20260427T023023Z-track-b-hybrid-sweep-diagram-f121-p2x1-crf28-r1-960x540/output.mp4	/Users/dennisonbertram/Develop/flipbook-research/outputs/track-b/20260427T023023Z-track-b-hybrid-sweep-diagram-f121-p2x1-crf28-r1-960x540/contact-sheet.jpg
20260427T022749Z	diagram	/Users/dennisonbertram/Develop/flipbook-research/fixtures/track-d/pages/trackd-0002-diagram.png	960x540	121	24	3.0	1.5	18	0	20260427T023023Z-track-b-hybrid-sweep-diagram-f121-p3x1-5-crf18-r0-960x540	pass	98.24366704560816	3.8587090093642473	2.8775419341400266	0.0	91.4782090112567	1231.6315508034481	0.999605407838896	0.010042590089142323	0.00020178982231300324	-1.0	/Users/dennisonbertram/Develop/flipbook-research/outputs/track-b/20260427T023023Z-track-b-hybrid-sweep-diagram-f121-p3x1-5-crf18-r0-960x540/output.mp4	/Users/dennisonbertram/Develop/flipbook-research/outputs/track-b/20260427T023023Z-track-b-hybrid-sweep-diagram-f121-p3x1-5-crf18-r0-960x540/contact-sheet.jpg
20260427T022749Z	diagram	/Users/dennisonbertram/Develop/flipbook-research/fixtures/track-d/pages/trackd-0002-diagram.png	960x540	121	24	3.0	1.5	18	1	20260427T023024Z-track-b-hybrid-sweep-diagram-f121-p3x1-5-crf18-r1-960x540	pass	98.03674998693168	3.9073749212548137	2.7074579847976565	0.0	91.39800001867115	1234.2310410752023	0.999605407838896	0.010042590089142323	0.00020178982231300324	-1.0	/Users/dennisonbertram/Develop/flipbook-research/outputs/track-b/20260427T023024Z-track-b-hybrid-sweep-diagram-f121-p3x1-5-crf18-r1-960x540/output.mp4	/Users/dennisonbertram/Develop/flipbook-research/outputs/track-b/20260427T023024Z-track-b-hybrid-sweep-diagram-f121-p3x1-5-crf18-r1-960x540/contact-sheet.jpg
20260427T022749Z	diagram	/Users/dennisonbertram/Develop/flipbook-research/fixtures/track-d/pages/trackd-0002-diagram.png	960x540	121	24	3.0	1.5	23	0	20260427T023024Z-track-b-hybrid-sweep-diagram-f121-p3x1-5-crf23-r0-960x540	pass	97.36687503755093	3.4976250026375055	3.1855410197749734	0.0	90.65174998249859	1242.7224346404732	0.9996045213235765	0.010148685425519943	0.0005034343921579421	-1.0	/Users/dennisonbertram/Develop/flipbook-research/outputs/track-b/20260427T023024Z-track-b-hybrid-sweep-diagram-f121-p3x1-5-crf23-r0-960x540/output.mp4	/Users/dennisonbertram/Develop/flipbook-research/outputs/track-b/20260427T023024Z-track-b-hybrid-sweep-diagram-f121-p3x1-5-crf23-r0-960x540/contact-sheet.jpg
20260427T022749Z	diagram	/Users/dennisonbertram/Develop/flipbook-research/fixtures/track-d/pages/trackd-0002-diagram.png	960x540	121	24	3.0	1.5	23	1	20260427T023024Z-track-b-hybrid-sweep-diagram-f121-p3x1-5-crf23-r1-960x540	pass	111.60258401650935	3.759416053071618	2.8543330263346434	0.0	104.96183298528194	1084.2042867224336	0.9996045213235765	0.010148685425519943	0.0005034343921579421	-1.0	/Users/dennisonbertram/Develop/flipbook-research/outputs/track-b/20260427T023024Z-track-b-hybrid-sweep-diagram-f121-p3x1-5-crf23-r1-960x540/output.mp4	/Users/dennisonbertram/Develop/flipbook-research/outputs/track-b/20260427T023024Z-track-b-hybrid-sweep-diagram-f121-p3x1-5-crf23-r1-960x540/contact-sheet.jpg
20260427T022749Z	diagram	/Users/dennisonbertram/Develop/flipbook-research/fixtures/track-d/pages/trackd-0002-diagram.png	960x540	121	24	3.0	1.5	28	0	20260427T023025Z-track-b-hybrid-sweep-diagram-f121-p3x1-5-crf28-r0-960x540	pass	110.56208296213299	3.9790839655324817	3.1690419418737292	0.0	103.36275002919137	1094.4077459307812	0.9996063237593263	0.010054315440356731	0.0007500454084947705	-1.0	/Users/dennisonbertram/Develop/flipbook-research/outputs/track-b/20260427T023025Z-track-b-hybrid-sweep-diagram-f121-p3x1-5-crf28-r0-960x540/output.mp4	/Users/dennisonbertram/Develop/flipbook-research/outputs/track-b/20260427T023025Z-track-b-hybrid-sweep-diagram-f121-p3x1-5-crf28-r0-960x540/contact-sheet.jpg
20260427T022749Z	diagram	/Users/dennisonbertram/Develop/flipbook-research/fixtures/track-d/pages/trackd-0002-diagram.png	960x540	121	24	3.0	1.5	28	1	20260427T023025Z-track-b-hybrid-sweep-diagram-f121-p3x1-5-crf28-r1-960x540	pass	103.99466601666063	3.872875007800758	2.6877500349655747	0.0	97.39187499508262	1163.5212134881515	0.9996063237593263	0.010054315440356731	0.0007500454084947705	-1.0	/Users/dennisonbertram/Develop/flipbook-research/outputs/track-b/20260427T023025Z-track-b-hybrid-sweep-diagram-f121-p3x1-5-crf28-r1-960x540/output.mp4	/Users/dennisonbertram/Develop/flipbook-research/outputs/track-b/20260427T023025Z-track-b-hybrid-sweep-diagram-f121-p3x1-5-crf28-r1-960x540/contact-sheet.jpg
20260427T022749Z	product-grid	/Users/dennisonbertram/Develop/flipbook-research/fixtures/track-d/pages/trackd-0003-product_grid.png	960x540	33	24	1.0	0.5	18	0	20260427T023026Z-track-b-hybrid-sweep-product-grid-f33-p1x0-5-crf18-r0-960x540	quality_fail	66.24841690063477	3.461207961663604	2.8291670605540276	0.0	59.91162499412894	498.12511066485285	0.9999474387993557	0.0034495277795940638	0.0002787612029351294	-1.0	/Users/dennisonbertram/Develop/flipbook-research/outputs/track-b/20260427T023026Z-track-b-hybrid-sweep-product-grid-f33-p1x0-5-crf18-r0-960x540/output.mp4	/Users/dennisonbertram/Develop/flipbook-research/outputs/track-b/20260427T023026Z-track-b-hybrid-sweep-product-grid-f33-p1x0-5-crf18-r0-960x540/contact-sheet.jpg
20260427T022749Z	product-grid	/Users/dennisonbertram/Develop/flipbook-research/fixtures/track-d/pages/trackd-0003-product_grid.png	960x540	33	24	1.0	0.5	18	1	20260427T023026Z-track-b-hybrid-sweep-product-grid-f33-p1x0-5-crf18-r1-960x540	quality_fail	60.0831659976393	3.7653330946341157	2.6007089763879776	0.0	53.689333028160036	549.2387002591805	0.9999474387993557	0.0034495277795940638	0.0002787612029351294	-1.0	/Users/dennisonbertram/Develop/flipbook-research/outputs/track-b/20260427T023026Z-track-b-hybrid-sweep-product-grid-f33-p1x0-5-crf18-r1-960x540/output.mp4	/Users/dennisonbertram/Develop/flipbook-research/outputs/track-b/20260427T023026Z-track-b-hybrid-sweep-product-grid-f33-p1x0-5-crf18-r1-960x540/contact-sheet.jpg
20260427T022749Z	product-grid	/Users/dennisonbertram/Develop/flipbook-research/fixtures/track-d/pages/trackd-0003-product_grid.png	960x540	33	24	1.0	0.5	23	0	20260427T023026Z-track-b-hybrid-sweep-product-grid-f33-p1x0-5-crf23-r0-960x540	quality_fail	56.519708945415914	3.7047499790787697	2.6389160193502903	0.0	50.14979199040681	583.8671255697699	0.9999469725552177	0.0036672037094831467	0.0006042347522452474	-1.0	/Users/dennisonbertram/Develop/flipbook-research/outputs/track-b/20260427T023026Z-track-b-hybrid-sweep-product-grid-f33-p1x0-5-crf23-r0-960x540/output.mp4	/Users/dennisonbertram/Develop/flipbook-research/outputs/track-b/20260427T023026Z-track-b-hybrid-sweep-product-grid-f33-p1x0-5-crf23-r0-960x540/contact-sheet.jpg
20260427T022749Z	product-grid	/Users/dennisonbertram/Develop/flipbook-research/fixtures/track-d/pages/trackd-0003-product_grid.png	960x540	33	24	1.0	0.5	23	1	20260427T023027Z-track-b-hybrid-sweep-product-grid-f33-p1x0-5-crf23-r1-960x540	quality_fail	58.46850003581494	3.9720829809084535	2.914833021350205	0.0	51.55745905358344	564.4064749358341	0.9999469725552177	0.0036672037094831467	0.0006042347522452474	-1.0	/Users/dennisonbertram/Develop/flipbook-research/outputs/track-b/20260427T023027Z-track-b-hybrid-sweep-product-grid-f33-p1x0-5-crf23-r1-960x540/output.mp4	/Users/dennisonbertram/Develop/flipbook-research/outputs/track-b/20260427T023027Z-track-b-hybrid-sweep-product-grid-f33-p1x0-5-crf23-r1-960x540/contact-sheet.jpg
20260427T022749Z	product-grid	/Users/dennisonbertram/Develop/flipbook-research/fixtures/track-d/pages/trackd-0003-product_grid.png	960x540	33	24	1.0	0.5	28	0	20260427T023027Z-track-b-hybrid-sweep-product-grid-f33-p1x0-5-crf28-r0-960x540	quality_fail	59.25849999766797	3.7792499642819166	2.7609579265117645	0.0	52.686334005557	556.8821350742706	0.9999464301689914	0.003755333134904504	0.0008962342399172485	-1.0	/Users/dennisonbertram/Develop/flipbook-research/outputs/track-b/20260427T023027Z-track-b-hybrid-sweep-product-grid-f33-p1x0-5-crf28-r0-960x540/output.mp4	/Users/dennisonbertram/Develop/flipbook-research/outputs/track-b/20260427T023027Z-track-b-hybrid-sweep-product-grid-f33-p1x0-5-crf28-r0-960x540/contact-sheet.jpg
20260427T022749Z	product-grid	/Users/dennisonbertram/Develop/flipbook-research/fixtures/track-d/pages/trackd-0003-product_grid.png	960x540	33	24	1.0	0.5	28	1	20260427T023028Z-track-b-hybrid-sweep-product-grid-f33-p1x0-5-crf28-r1-960x540	quality_fail	58.89291607309133	4.135541035793722	2.8401250019669533	0.0	51.88616598024964	560.339039062764	0.9999464301689914	0.003755333134904504	0.0008962342399172485	-1.0	/Users/dennisonbertram/Develop/flipbook-research/outputs/track-b/20260427T023028Z-track-b-hybrid-sweep-product-grid-f33-p1x0-5-crf28-r1-960x540/output.mp4	/Users/dennisonbertram/Develop/flipbook-research/outputs/track-b/20260427T023028Z-track-b-hybrid-sweep-product-grid-f33-p1x0-5-crf28-r1-960x540/contact-sheet.jpg
20260427T022749Z	product-grid	/Users/dennisonbertram/Develop/flipbook-research/fixtures/track-d/pages/trackd-0003-product_grid.png	960x540	33	24	2.0	1.0	18	0	20260427T023028Z-track-b-hybrid-sweep-product-grid-f33-p2x1-crf18-r0-960x540	pass	58.557083015330136	3.6526669282466173	2.7337499195709825	0.0	52.134209079667926	563.5526617909001	0.9997435872206148	0.00927344337105751	0.0002768700069282204	-1.0	/Users/dennisonbertram/Develop/flipbook-research/outputs/track-b/20260427T023028Z-track-b-hybrid-sweep-product-grid-f33-p2x1-crf18-r0-960x540/output.mp4	/Users/dennisonbertram/Develop/flipbook-research/outputs/track-b/20260427T023028Z-track-b-hybrid-sweep-product-grid-f33-p2x1-crf18-r0-960x540/contact-sheet.jpg
20260427T022749Z	product-grid	/Users/dennisonbertram/Develop/flipbook-research/fixtures/track-d/pages/trackd-0003-product_grid.png	960x540	33	24	2.0	1.0	18	1	20260427T023028Z-track-b-hybrid-sweep-product-grid-f33-p2x1-crf18-r1-960x540	pass	62.39637499675155	3.6890830378979445	2.784582902677357	0.0	55.88766699656844	528.8768778910319	0.9997435872206148	0.00927344337105751	0.0002768700069282204	-1.0	/Users/dennisonbertram/Develop/flipbook-research/outputs/track-b/20260427T023028Z-track-b-hybrid-sweep-product-grid-f33-p2x1-crf18-r1-960x540/output.mp4	/Users/dennisonbertram/Develop/flipbook-research/outputs/track-b/20260427T023028Z-track-b-hybrid-sweep-product-grid-f33-p2x1-crf18-r1-960x540/contact-sheet.jpg
20260427T022749Z	product-grid	/Users/dennisonbertram/Develop/flipbook-research/fixtures/track-d/pages/trackd-0003-product_grid.png	960x540	33	24	2.0	1.0	23	0	20260427T023029Z-track-b-hybrid-sweep-product-grid-f33-p2x1-crf23-r0-960x540	pass	56.35091697331518	3.6885830340906978	2.907457994297147	0.0	49.715208006091416	585.6160249464451	0.9997429041568857	0.009406582452356815	0.0006140688783489168	-1.0	/Users/dennisonbertram/Develop/flipbook-research/outputs/track-b/20260427T023029Z-track-b-hybrid-sweep-product-grid-f33-p2x1-crf23-r0-960x540/output.mp4	/Users/dennisonbertram/Develop/flipbook-research/outputs/track-b/20260427T023029Z-track-b-hybrid-sweep-product-grid-f33-p2x1-crf23-r0-960x540/contact-sheet.jpg
20260427T022749Z	product-grid	/Users/dennisonbertram/Develop/flipbook-research/fixtures/track-d/pages/trackd-0003-product_grid.png	960x540	33	24	2.0	1.0	23	1	20260427T023029Z-track-b-hybrid-sweep-product-grid-f33-p2x1-crf23-r1-960x540	pass	57.451625005342066	3.743208944797516	2.784708049148321	0.0	50.899124937132	574.3962855172771	0.9997429041568857	0.009406582452356815	0.0006140688783489168	-1.0	/Users/dennisonbertram/Develop/flipbook-research/outputs/track-b/20260427T023029Z-track-b-hybrid-sweep-product-grid-f33-p2x1-crf23-r1-960x540/output.mp4	/Users/dennisonbertram/Develop/flipbook-research/outputs/track-b/20260427T023029Z-track-b-hybrid-sweep-product-grid-f33-p2x1-crf23-r1-960x540/contact-sheet.jpg
20260427T022749Z	product-grid	/Users/dennisonbertram/Develop/flipbook-research/fixtures/track-d/pages/trackd-0003-product_grid.png	960x540	33	24	2.0	1.0	28	0	20260427T023029Z-track-b-hybrid-sweep-product-grid-f33-p2x1-crf28-r0-960x540	pass	57.78766598086804	3.7143330555409193	2.775292028672993	0.0	51.26766697503626	571.0561144816858	0.9997429454523706	0.009359870105981827	0.0008705140789970756	-1.0	/Users/dennisonbertram/Develop/flipbook-research/outputs/track-b/20260427T023029Z-track-b-hybrid-sweep-product-grid-f33-p2x1-crf28-r0-960x540/output.mp4	/Users/dennisonbertram/Develop/flipbook-research/outputs/track-b/20260427T023029Z-track-b-hybrid-sweep-product-grid-f33-p2x1-crf28-r0-960x540/contact-sheet.jpg
20260427T022749Z	product-grid	/Users/dennisonbertram/Develop/flipbook-research/fixtures/track-d/pages/trackd-0003-product_grid.png	960x540	33	24	2.0	1.0	28	1	20260427T023030Z-track-b-hybrid-sweep-product-grid-f33-p2x1-crf28-r1-960x540	pass	55.381958023644984	3.5656659165397286	2.587542054243386	0.0	49.20183296781033	595.8619228650394	0.9997429454523706	0.009359870105981827	0.0008705140789970756	-1.0	/Users/dennisonbertram/Develop/flipbook-research/outputs/track-b/20260427T023030Z-track-b-hybrid-sweep-product-grid-f33-p2x1-crf28-r1-960x540/output.mp4	/Users/dennisonbertram/Develop/flipbook-research/outputs/track-b/20260427T023030Z-track-b-hybrid-sweep-product-grid-f33-p2x1-crf28-r1-960x540/contact-sheet.jpg
20260427T022749Z	product-grid	/Users/dennisonbertram/Develop/flipbook-research/fixtures/track-d/pages/trackd-0003-product_grid.png	960x540	33	24	3.0	1.5	18	0	20260427T023030Z-track-b-hybrid-sweep-product-grid-f33-p3x1-5-crf18-r0-960x540	pass	57.72312497720122	4.026291077025235	2.7358330553397536	0.0	50.93162495177239	571.6946200163961	0.9993755940489321	0.015079392120242119	0.00029805133817717433	-1.0	/Users/dennisonbertram/Develop/flipbook-research/outputs/track-b/20260427T023030Z-track-b-hybrid-sweep-product-grid-f33-p3x1-5-crf18-r0-960x540/output.mp4	/Users/dennisonbertram/Develop/flipbook-research/outputs/track-b/20260427T023030Z-track-b-hybrid-sweep-product-grid-f33-p3x1-5-crf18-r0-960x540/contact-sheet.jpg
20260427T022749Z	product-grid	/Users/dennisonbertram/Develop/flipbook-research/fixtures/track-d/pages/trackd-0003-product_grid.png	960x540	33	24	3.0	1.5	18	1	20260427T023031Z-track-b-hybrid-sweep-product-grid-f33-p3x1-5-crf18-r1-960x540	pass	58.649708051234484	4.084959044121206	3.1624999828636646	0.0	51.370459026657045	562.6626473770725	0.9993755940489321	0.015079392120242119	0.00029805133817717433	-1.0	/Users/dennisonbertram/Develop/flipbook-research/outputs/track-b/20260427T023031Z-track-b-hybrid-sweep-product-grid-f33-p3x1-5-crf18-r1-960x540/output.mp4	/Users/dennisonbertram/Develop/flipbook-research/outputs/track-b/20260427T023031Z-track-b-hybrid-sweep-product-grid-f33-p3x1-5-crf18-r1-960x540/contact-sheet.jpg
20260427T022749Z	product-grid	/Users/dennisonbertram/Develop/flipbook-research/fixtures/track-d/pages/trackd-0003-product_grid.png	960x540	33	24	3.0	1.5	23	0	20260427T023031Z-track-b-hybrid-sweep-product-grid-f33-p3x1-5-crf23-r0-960x540	pass	58.73683397658169	3.532750066369772	2.8159579960629344	0.0	52.3629579693079	561.8280347414889	0.999374832404694	0.01521366648375988	0.0006246595876291394	-1.0	/Users/dennisonbertram/Develop/flipbook-research/outputs/track-b/20260427T023031Z-track-b-hybrid-sweep-product-grid-f33-p3x1-5-crf23-r0-960x540/output.mp4	/Users/dennisonbertram/Develop/flipbook-research/outputs/track-b/20260427T023031Z-track-b-hybrid-sweep-product-grid-f33-p3x1-5-crf23-r0-960x540/contact-sheet.jpg
20260427T022749Z	product-grid	/Users/dennisonbertram/Develop/flipbook-research/fixtures/track-d/pages/trackd-0003-product_grid.png	960x540	33	24	3.0	1.5	23	1	20260427T023031Z-track-b-hybrid-sweep-product-grid-f33-p3x1-5-crf23-r1-960x540	pass	56.837875046767294	3.793915966525674	2.765290904790163	0.0	50.252457964234054	580.5987639905075	0.999374832404694	0.01521366648375988	0.0006246595876291394	-1.0	/Users/dennisonbertram/Develop/flipbook-research/outputs/track-b/20260427T023031Z-track-b-hybrid-sweep-product-grid-f33-p3x1-5-crf23-r1-960x540/output.mp4	/Users/dennisonbertram/Develop/flipbook-research/outputs/track-b/20260427T023031Z-track-b-hybrid-sweep-product-grid-f33-p3x1-5-crf23-r1-960x540/contact-sheet.jpg
20260427T022749Z	product-grid	/Users/dennisonbertram/Develop/flipbook-research/fixtures/track-d/pages/trackd-0003-product_grid.png	960x540	33	24	3.0	1.5	28	0	20260427T023032Z-track-b-hybrid-sweep-product-grid-f33-p3x1-5-crf28-r0-960x540	pass	58.178417035378516	4.193749977275729	2.720415941439569	0.0	51.23800004366785	567.2206581339705	0.999373879123617	0.015192296355962753	0.0008642731700092554	-1.0	/Users/dennisonbertram/Develop/flipbook-research/outputs/track-b/20260427T023032Z-track-b-hybrid-sweep-product-grid-f33-p3x1-5-crf28-r0-960x540/output.mp4	/Users/dennisonbertram/Develop/flipbook-research/outputs/track-b/20260427T023032Z-track-b-hybrid-sweep-product-grid-f33-p3x1-5-crf28-r0-960x540/contact-sheet.jpg
20260427T022749Z	product-grid	/Users/dennisonbertram/Develop/flipbook-research/fixtures/track-d/pages/trackd-0003-product_grid.png	960x540	33	24	3.0	1.5	28	1	20260427T023032Z-track-b-hybrid-sweep-product-grid-f33-p3x1-5-crf28-r1-960x540	pass	59.15437510702759	3.7021670723333955	2.5977500481531024	0.0	52.827458013780415	557.8623718075515	0.999373879123617	0.015192296355962753	0.0008642731700092554	-1.0	/Users/dennisonbertram/Develop/flipbook-research/outputs/track-b/20260427T023032Z-track-b-hybrid-sweep-product-grid-f33-p3x1-5-crf28-r1-960x540/output.mp4	/Users/dennisonbertram/Develop/flipbook-research/outputs/track-b/20260427T023032Z-track-b-hybrid-sweep-product-grid-f33-p3x1-5-crf28-r1-960x540/contact-sheet.jpg
20260427T022749Z	product-grid	/Users/dennisonbertram/Develop/flipbook-research/fixtures/track-d/pages/trackd-0003-product_grid.png	960x540	65	24	1.0	0.5	18	0	20260427T023032Z-track-b-hybrid-sweep-product-grid-f65-p1x0-5-crf18-r0-960x540	quality_fail	76.5180840389803	3.8888329872861505	2.7519590221345425	0.0	69.85133304260671	849.472393570222	0.9999473206309131	0.00345633621327579	0.00027195291477255523	-1.0	/Users/dennisonbertram/Develop/flipbook-research/outputs/track-b/20260427T023032Z-track-b-hybrid-sweep-product-grid-f65-p1x0-5-crf18-r0-960x540/output.mp4	/Users/dennisonbertram/Develop/flipbook-research/outputs/track-b/20260427T023032Z-track-b-hybrid-sweep-product-grid-f65-p1x0-5-crf18-r0-960x540/contact-sheet.jpg
20260427T022749Z	product-grid	/Users/dennisonbertram/Develop/flipbook-research/fixtures/track-d/pages/trackd-0003-product_grid.png	960x540	65	24	1.0	0.5	18	1	20260427T023033Z-track-b-hybrid-sweep-product-grid-f65-p1x0-5-crf18-r1-960x540	quality_fail	73.166707996279	3.6184999626129866	2.602333086542785	0.0	66.92000001203269	888.3821861071797	0.9999473206309131	0.00345633621327579	0.00027195291477255523	-1.0	/Users/dennisonbertram/Develop/flipbook-research/outputs/track-b/20260427T023033Z-track-b-hybrid-sweep-product-grid-f65-p1x0-5-crf18-r1-960x540/output.mp4	/Users/dennisonbertram/Develop/flipbook-research/outputs/track-b/20260427T023033Z-track-b-hybrid-sweep-product-grid-f65-p1x0-5-crf18-r1-960x540/contact-sheet.jpg
20260427T022749Z	product-grid	/Users/dennisonbertram/Develop/flipbook-research/fixtures/track-d/pages/trackd-0003-product_grid.png	960x540	65	24	1.0	0.5	23	0	20260427T023033Z-track-b-hybrid-sweep-product-grid-f65-p1x0-5-crf23-r0-960x540	quality_fail	73.01737496163696	3.7120829802006483	2.805750002153218	0.0	66.47216703277081	890.1990797964285	0.999946965384022	0.003653776366263628	0.0006042347522452474	-1.0	/Users/dennisonbertram/Develop/flipbook-research/outputs/track-b/20260427T023033Z-track-b-hybrid-sweep-product-grid-f65-p1x0-5-crf23-r0-960x540/output.mp4	/Users/dennisonbertram/Develop/flipbook-research/outputs/track-b/20260427T023033Z-track-b-hybrid-sweep-product-grid-f65-p1x0-5-crf23-r0-960x540/contact-sheet.jpg
20260427T022749Z	product-grid	/Users/dennisonbertram/Develop/flipbook-research/fixtures/track-d/pages/trackd-0003-product_grid.png	960x540	65	24	1.0	0.5	23	1	20260427T023034Z-track-b-hybrid-sweep-product-grid-f65-p1x0-5-crf23-r1-960x540	quality_fail	72.1654579974711	3.7650830345228314	2.746792044490576	0.0	65.62262494117022	900.7079259758568	0.999946965384022	0.003653776366263628	0.0006042347522452474	-1.0	/Users/dennisonbertram/Develop/flipbook-research/outputs/track-b/20260427T023034Z-track-b-hybrid-sweep-product-grid-f65-p1x0-5-crf23-r1-960x540/output.mp4	/Users/dennisonbertram/Develop/flipbook-research/outputs/track-b/20260427T023034Z-track-b-hybrid-sweep-product-grid-f65-p1x0-5-crf23-r1-960x540/contact-sheet.jpg
20260427T022749Z	product-grid	/Users/dennisonbertram/Develop/flipbook-research/fixtures/track-d/pages/trackd-0003-product_grid.png	960x540	65	24	1.0	0.5	28	0	20260427T023034Z-track-b-hybrid-sweep-product-grid-f65-p1x0-5-crf28-r0-960x540	quality_fail	71.16633409168571	3.5914579639211297	2.6614589150995016	0.0	64.88933402579278	913.353214404139	0.9999469325048379	0.0037328279577195644	0.0008937757229432464	-1.0	/Users/dennisonbertram/Develop/flipbook-research/outputs/track-b/20260427T023034Z-track-b-hybrid-sweep-product-grid-f65-p1x0-5-crf28-r0-960x540/output.mp4	/Users/dennisonbertram/Develop/flipbook-research/outputs/track-b/20260427T023034Z-track-b-hybrid-sweep-product-grid-f65-p1x0-5-crf28-r0-960x540/contact-sheet.jpg
20260427T022749Z	product-grid	/Users/dennisonbertram/Develop/flipbook-research/fixtures/track-d/pages/trackd-0003-product_grid.png	960x540	65	24	1.0	0.5	28	1	20260427T023034Z-track-b-hybrid-sweep-product-grid-f65-p1x0-5-crf28-r1-960x540	quality_fail	71.71799999196082	3.4298329846933484	2.6206669863313437	0.0	65.64141600392759	906.3275608255407	0.9999469325048379	0.0037328279577195644	0.0008937757229432464	-1.0	/Users/dennisonbertram/Develop/flipbook-research/outputs/track-b/20260427T023034Z-track-b-hybrid-sweep-product-grid-f65-p1x0-5-crf28-r1-960x540/output.mp4	/Users/dennisonbertram/Develop/flipbook-research/outputs/track-b/20260427T023034Z-track-b-hybrid-sweep-product-grid-f65-p1x0-5-crf28-r1-960x540/contact-sheet.jpg
20260427T022749Z	product-grid	/Users/dennisonbertram/Develop/flipbook-research/fixtures/track-d/pages/trackd-0003-product_grid.png	960x540	65	24	2.0	1.0	18	0	20260427T023035Z-track-b-hybrid-sweep-product-grid-f65-p2x1-crf18-r0-960x540	pass	73.82237492129207	4.017499973997474	2.8520419728010893	0.0	66.92304194439203	880.4918572357187	0.9997430426092403	0.009295191615819931	0.0002802741655614227	-1.0	/Users/dennisonbertram/Develop/flipbook-research/outputs/track-b/20260427T023035Z-track-b-hybrid-sweep-product-grid-f65-p2x1-crf18-r0-960x540/output.mp4	/Users/dennisonbertram/Develop/flipbook-research/outputs/track-b/20260427T023035Z-track-b-hybrid-sweep-product-grid-f65-p2x1-crf18-r0-960x540/contact-sheet.jpg
20260427T022749Z	product-grid	/Users/dennisonbertram/Develop/flipbook-research/fixtures/track-d/pages/trackd-0003-product_grid.png	960x540	65	24	2.0	1.0	18	1	20260427T023035Z-track-b-hybrid-sweep-product-grid-f65-p2x1-crf18-r1-960x540	pass	74.90875001531094	3.7377920234575868	3.184291999787092	0.0	67.95283395331353	867.7223954039329	0.9997430426092403	0.009295191615819931	0.0002802741655614227	-1.0	/Users/dennisonbertram/Develop/flipbook-research/outputs/track-b/20260427T023035Z-track-b-hybrid-sweep-product-grid-f65-p2x1-crf18-r1-960x540/output.mp4	/Users/dennisonbertram/Develop/flipbook-research/outputs/track-b/20260427T023035Z-track-b-hybrid-sweep-product-grid-f65-p2x1-crf18-r1-960x540/contact-sheet.jpg
20260427T022749Z	product-grid	/Users/dennisonbertram/Develop/flipbook-research/fixtures/track-d/pages/trackd-0003-product_grid.png	960x540	65	24	2.0	1.0	23	0	20260427T023036Z-track-b-hybrid-sweep-product-grid-f65-p2x1-crf23-r0-960x540	pass	74.55608295276761	3.735249978490174	2.815874991938472	0.0	67.97866593115032	871.826917746986	0.9997432875912815	0.009351738728582859	0.0006365741137415171	-1.0	/Users/dennisonbertram/Develop/flipbook-research/outputs/track-b/20260427T023036Z-track-b-hybrid-sweep-product-grid-f65-p2x1-crf23-r0-960x540/output.mp4	/Users/dennisonbertram/Develop/flipbook-research/outputs/track-b/20260427T023036Z-track-b-hybrid-sweep-product-grid-f65-p2x1-crf23-r0-960x540/contact-sheet.jpg
20260427T022749Z	product-grid	/Users/dennisonbertram/Develop/flipbook-research/fixtures/track-d/pages/trackd-0003-product_grid.png	960x540	65	24	2.0	1.0	23	1	20260427T023036Z-track-b-hybrid-sweep-product-grid-f65-p2x1-crf23-r1-960x540	pass	76.70400000642985	4.4340420281514525	3.1762500293552876	0.0	69.05700010247529	847.4134333874538	0.9997432875912815	0.009351738728582859	0.0006365741137415171	-1.0	/Users/dennisonbertram/Develop/flipbook-research/outputs/track-b/20260427T023036Z-track-b-hybrid-sweep-product-grid-f65-p2x1-crf23-r1-960x540/output.mp4	/Users/dennisonbertram/Develop/flipbook-research/outputs/track-b/20260427T023036Z-track-b-hybrid-sweep-product-grid-f65-p2x1-crf23-r1-960x540/contact-sheet.jpg
20260427T022749Z	product-grid	/Users/dennisonbertram/Develop/flipbook-research/fixtures/track-d/pages/trackd-0003-product_grid.png	960x540	65	24	2.0	1.0	28	0	20260427T023036Z-track-b-hybrid-sweep-product-grid-f65-p2x1-crf28-r0-960x540	pass	73.1226250063628	3.902125055901706	2.757707959972322	0.0	66.41866592690349	888.9177596447611	0.9997431612673225	0.009284412488341331	0.0009257367928512394	-1.0	/Users/dennisonbertram/Develop/flipbook-research/outputs/track-b/20260427T023036Z-track-b-hybrid-sweep-product-grid-f65-p2x1-crf28-r0-960x540/output.mp4	/Users/dennisonbertram/Develop/flipbook-research/outputs/track-b/20260427T023036Z-track-b-hybrid-sweep-product-grid-f65-p2x1-crf28-r0-960x540/contact-sheet.jpg
20260427T022749Z	product-grid	/Users/dennisonbertram/Develop/flipbook-research/fixtures/track-d/pages/trackd-0003-product_grid.png	960x540	65	24	2.0	1.0	28	1	20260427T023037Z-track-b-hybrid-sweep-product-grid-f65-p2x1-crf28-r1-960x540	pass	76.25833305064589	3.2999160466715693	2.5659590028226376	0.0	70.36791602149606	852.3658648141597	0.9997431612673225	0.009284412488341331	0.0009257367928512394	-1.0	/Users/dennisonbertram/Develop/flipbook-research/outputs/track-b/20260427T023037Z-track-b-hybrid-sweep-product-grid-f65-p2x1-crf28-r1-960x540/output.mp4	/Users/dennisonbertram/Develop/flipbook-research/outputs/track-b/20260427T023037Z-track-b-hybrid-sweep-product-grid-f65-p2x1-crf28-r1-960x540/contact-sheet.jpg
20260427T022749Z	product-grid	/Users/dennisonbertram/Develop/flipbook-research/fixtures/track-d/pages/trackd-0003-product_grid.png	960x540	65	24	3.0	1.5	18	0	20260427T023037Z-track-b-hybrid-sweep-product-grid-f65-p3x1-5-crf18-r0-960x540	pass	75.43566601816565	3.5529580200091004	2.5960000930354	0.0	69.26275009755045	861.661378907258	0.9993753233420977	0.015099438838660717	0.00033644246286712587	-1.0	/Users/dennisonbertram/Develop/flipbook-research/outputs/track-b/20260427T023037Z-track-b-hybrid-sweep-product-grid-f65-p3x1-5-crf18-r0-960x540/output.mp4	/Users/dennisonbertram/Develop/flipbook-research/outputs/track-b/20260427T023037Z-track-b-hybrid-sweep-product-grid-f65-p3x1-5-crf18-r0-960x540/contact-sheet.jpg
20260427T022749Z	product-grid	/Users/dennisonbertram/Develop/flipbook-research/fixtures/track-d/pages/trackd-0003-product_grid.png	960x540	65	24	3.0	1.5	18	1	20260427T023038Z-track-b-hybrid-sweep-product-grid-f65-p3x1-5-crf18-r1-960x540	pass	80.00454201828688	3.876208094879985	2.751625026576221	0.0	73.34929099306464	812.4538727456593	0.9993753233420977	0.015099438838660717	0.00033644246286712587	-1.0	/Users/dennisonbertram/Develop/flipbook-research/outputs/track-b/20260427T023038Z-track-b-hybrid-sweep-product-grid-f65-p3x1-5-crf18-r1-960x540/output.mp4	/Users/dennisonbertram/Develop/flipbook-research/outputs/track-b/20260427T023038Z-track-b-hybrid-sweep-product-grid-f65-p3x1-5-crf18-r1-960x540/contact-sheet.jpg
20260427T022749Z	product-grid	/Users/dennisonbertram/Develop/flipbook-research/fixtures/track-d/pages/trackd-0003-product_grid.png	960x540	65	24	3.0	1.5	23	0	20260427T023038Z-track-b-hybrid-sweep-product-grid-f65-p3x1-5-crf23-r0-960x540	pass	77.62329198885709	3.74495901633054	2.7662910288199782	0.0	71.08604104723781	837.377523351249	0.9993748141063814	0.015199482440948486	0.000675154326017946	-1.0	/Users/dennisonbertram/Develop/flipbook-research/outputs/track-b/20260427T023038Z-track-b-hybrid-sweep-product-grid-f65-p3x1-5-crf23-r0-960x540/output.mp4	/Users/dennisonbertram/Develop/flipbook-research/outputs/track-b/20260427T023038Z-track-b-hybrid-sweep-product-grid-f65-p3x1-5-crf23-r0-960x540/contact-sheet.jpg
20260427T022749Z	product-grid	/Users/dennisonbertram/Develop/flipbook-research/fixtures/track-d/pages/trackd-0003-product_grid.png	960x540	65	24	3.0	1.5	23	1	20260427T023038Z-track-b-hybrid-sweep-product-grid-f65-p3x1-5-crf23-r1-960x540	pass	94.26483395509422	3.511875052936375	2.6023329701274633	0.0	88.127207942307	689.5466450507369	0.9993748141063814	0.015199482440948486	0.000675154326017946	-1.0	/Users/dennisonbertram/Develop/flipbook-research/outputs/track-b/20260427T023038Z-track-b-hybrid-sweep-product-grid-f65-p3x1-5-crf23-r1-960x540/output.mp4	/Users/dennisonbertram/Develop/flipbook-research/outputs/track-b/20260427T023038Z-track-b-hybrid-sweep-product-grid-f65-p3x1-5-crf23-r1-960x540/contact-sheet.jpg
20260427T022749Z	product-grid	/Users/dennisonbertram/Develop/flipbook-research/fixtures/track-d/pages/trackd-0003-product_grid.png	960x540	65	24	3.0	1.5	28	0	20260427T023039Z-track-b-hybrid-sweep-product-grid-f65-p3x1-5-crf28-r0-960x540	pass	72.83141696825624	4.2325000977143645	2.727000042796135	0.0	65.84766600281	892.4719949953799	0.9993739520759441	0.015223500318825245	0.0009100399329327047	-1.0	/Users/dennisonbertram/Develop/flipbook-research/outputs/track-b/20260427T023039Z-track-b-hybrid-sweep-product-grid-f65-p3x1-5-crf28-r0-960x540/output.mp4	/Users/dennisonbertram/Develop/flipbook-research/outputs/track-b/20260427T023039Z-track-b-hybrid-sweep-product-grid-f65-p3x1-5-crf28-r0-960x540/contact-sheet.jpg
20260427T022749Z	product-grid	/Users/dennisonbertram/Develop/flipbook-research/fixtures/track-d/pages/trackd-0003-product_grid.png	960x540	65	24	3.0	1.5	28	1	20260427T023039Z-track-b-hybrid-sweep-product-grid-f65-p3x1-5-crf28-r1-960x540	pass	71.10187504440546	3.7786250468343496	2.703125006519258	0.0	64.59429196547717	914.181235859186	0.9993739520759441	0.015223500318825245	0.0009100399329327047	-1.0	/Users/dennisonbertram/Develop/flipbook-research/outputs/track-b/20260427T023039Z-track-b-hybrid-sweep-product-grid-f65-p3x1-5-crf28-r1-960x540/output.mp4	/Users/dennisonbertram/Develop/flipbook-research/outputs/track-b/20260427T023039Z-track-b-hybrid-sweep-product-grid-f65-p3x1-5-crf28-r1-960x540/contact-sheet.jpg
20260427T022749Z	product-grid	/Users/dennisonbertram/Develop/flipbook-research/fixtures/track-d/pages/trackd-0003-product_grid.png	960x540	121	24	1.0	0.5	18	0	20260427T023040Z-track-b-hybrid-sweep-product-grid-f121-p1x0-5-crf18-r0-960x540	quality_fail	109.15145790204406	3.882667049765587	2.8472919948399067	0.0	102.3793329950422	1108.5513865384116	0.9999473218677686	0.003456525271758437	0.00027195291477255523	-1.0	/Users/dennisonbertram/Develop/flipbook-research/outputs/track-b/20260427T023040Z-track-b-hybrid-sweep-product-grid-f121-p1x0-5-crf18-r0-960x540/output.mp4	/Users/dennisonbertram/Develop/flipbook-research/outputs/track-b/20260427T023040Z-track-b-hybrid-sweep-product-grid-f121-p1x0-5-crf18-r0-960x540/contact-sheet.jpg
20260427T022749Z	product-grid	/Users/dennisonbertram/Develop/flipbook-research/fixtures/track-d/pages/trackd-0003-product_grid.png	960x540	121	24	1.0	0.5	18	1	20260427T023040Z-track-b-hybrid-sweep-product-grid-f121-p1x0-5-crf18-r1-960x540	quality_fail	98.22312497999519	3.7203329848125577	2.690416993573308	0.0	91.78829099982977	1231.889130229197	0.9999473218677686	0.003456525271758437	0.00027195291477255523	-1.0	/Users/dennisonbertram/Develop/flipbook-research/outputs/track-b/20260427T023040Z-track-b-hybrid-sweep-product-grid-f121-p1x0-5-crf18-r1-960x540/output.mp4	/Users/dennisonbertram/Develop/flipbook-research/outputs/track-b/20260427T023040Z-track-b-hybrid-sweep-product-grid-f121-p1x0-5-crf18-r1-960x540/contact-sheet.jpg
20260427T022749Z	product-grid	/Users/dennisonbertram/Develop/flipbook-research/fixtures/track-d/pages/trackd-0003-product_grid.png	960x540	121	24	1.0	0.5	23	0	20260427T023040Z-track-b-hybrid-sweep-product-grid-f121-p1x0-5-crf23-r0-960x540	quality_fail	99.95166608132422	3.762166015803814	2.6697079883888364	0.0	93.49162504076958	1210.5851232289626	0.999946965384022	0.003653776366263628	0.0006042347522452474	-1.0	/Users/dennisonbertram/Develop/flipbook-research/outputs/track-b/20260427T023040Z-track-b-hybrid-sweep-product-grid-f121-p1x0-5-crf23-r0-960x540/output.mp4	/Users/dennisonbertram/Develop/flipbook-research/outputs/track-b/20260427T023040Z-track-b-hybrid-sweep-product-grid-f121-p1x0-5-crf23-r0-960x540/contact-sheet.jpg
20260427T022749Z	product-grid	/Users/dennisonbertram/Develop/flipbook-research/fixtures/track-d/pages/trackd-0003-product_grid.png	960x540	121	24	1.0	0.5	23	1	20260427T023041Z-track-b-hybrid-sweep-product-grid-f121-p1x0-5-crf23-r1-960x540	quality_fail	107.75075003039092	4.1570840403437614	2.779959002509713	0.0	100.78841703943908	1122.962020829295	0.999946965384022	0.003653776366263628	0.0006042347522452474	-1.0	/Users/dennisonbertram/Develop/flipbook-research/outputs/track-b/20260427T023041Z-track-b-hybrid-sweep-product-grid-f121-p1x0-5-crf23-r1-960x540/output.mp4	/Users/dennisonbertram/Develop/flipbook-research/outputs/track-b/20260427T023041Z-track-b-hybrid-sweep-product-grid-f121-p1x0-5-crf23-r1-960x540/contact-sheet.jpg
20260427T022749Z	product-grid	/Users/dennisonbertram/Develop/flipbook-research/fixtures/track-d/pages/trackd-0003-product_grid.png	960x540	121	24	1.0	0.5	28	0	20260427T023041Z-track-b-hybrid-sweep-product-grid-f121-p1x0-5-crf28-r0-960x540	quality_fail	96.60862502641976	3.6360420053824782	2.8304170118644834	0.0	90.10416700039059	1252.4761631470262	0.9999469325048379	0.0037328279577195644	0.0008937757229432464	-1.0	/Users/dennisonbertram/Develop/flipbook-research/outputs/track-b/20260427T023041Z-track-b-hybrid-sweep-product-grid-f121-p1x0-5-crf28-r0-960x540/output.mp4	/Users/dennisonbertram/Develop/flipbook-research/outputs/track-b/20260427T023041Z-track-b-hybrid-sweep-product-grid-f121-p1x0-5-crf28-r0-960x540/contact-sheet.jpg
20260427T022749Z	product-grid	/Users/dennisonbertram/Develop/flipbook-research/fixtures/track-d/pages/trackd-0003-product_grid.png	960x540	121	24	1.0	0.5	28	1	20260427T023042Z-track-b-hybrid-sweep-product-grid-f121-p1x0-5-crf28-r1-960x540	quality_fail	100.16654198989272	3.660332993604243	2.6953750057145953	0.0	93.78154203295708	1207.9881924266635	0.9999469325048379	0.0037328279577195644	0.0008937757229432464	-1.0	/Users/dennisonbertram/Develop/flipbook-research/outputs/track-b/20260427T023042Z-track-b-hybrid-sweep-product-grid-f121-p1x0-5-crf28-r1-960x540/output.mp4	/Users/dennisonbertram/Develop/flipbook-research/outputs/track-b/20260427T023042Z-track-b-hybrid-sweep-product-grid-f121-p1x0-5-crf28-r1-960x540/contact-sheet.jpg
20260427T022749Z	product-grid	/Users/dennisonbertram/Develop/flipbook-research/fixtures/track-d/pages/trackd-0003-product_grid.png	960x540	121	24	2.0	1.0	18	0	20260427T023042Z-track-b-hybrid-sweep-product-grid-f121-p2x1-crf18-r0-960x540	pass	103.33862504921854	4.0903749177232385	2.8390410589054227	0.0	96.3652910431847	1170.9077795680912	0.9997430374089776	0.009297083131968975	0.00030353578040376306	-1.0	/Users/dennisonbertram/Develop/flipbook-research/outputs/track-b/20260427T023042Z-track-b-hybrid-sweep-product-grid-f121-p2x1-crf18-r0-960x540/output.mp4	/Users/dennisonbertram/Develop/flipbook-research/outputs/track-b/20260427T023042Z-track-b-hybrid-sweep-product-grid-f121-p2x1-crf18-r0-960x540/contact-sheet.jpg
20260427T022749Z	product-grid	/Users/dennisonbertram/Develop/flipbook-research/fixtures/track-d/pages/trackd-0003-product_grid.png	960x540	121	24	2.0	1.0	18	1	20260427T023042Z-track-b-hybrid-sweep-product-grid-f121-p2x1-crf18-r1-960x540	pass	101.4639160130173	3.764999913983047	3.241291968151927	0.0	94.42954102996737	1192.542184006345	0.9997430374089776	0.009297083131968975	0.00030353578040376306	-1.0	/Users/dennisonbertram/Develop/flipbook-research/outputs/track-b/20260427T023042Z-track-b-hybrid-sweep-product-grid-f121-p2x1-crf18-r1-960x540/output.mp4	/Users/dennisonbertram/Develop/flipbook-research/outputs/track-b/20260427T023042Z-track-b-hybrid-sweep-product-grid-f121-p2x1-crf18-r1-960x540/contact-sheet.jpg
20260427T022749Z	product-grid	/Users/dennisonbertram/Develop/flipbook-research/fixtures/track-d/pages/trackd-0003-product_grid.png	960x540	121	24	2.0	1.0	23	0	20260427T023043Z-track-b-hybrid-sweep-product-grid-f121-p2x1-crf23-r0-960x540	pass	102.11604193318635	3.6906671011820436	3.0030841007828712	0.0	95.3942920314148	1184.9264592449565	0.9997435451861637	0.009329233318567276	0.000636763172224164	-1.0	/Users/dennisonbertram/Develop/flipbook-research/outputs/track-b/20260427T023043Z-track-b-hybrid-sweep-product-grid-f121-p2x1-crf23-r0-960x540/output.mp4	/Users/dennisonbertram/Develop/flipbook-research/outputs/track-b/20260427T023043Z-track-b-hybrid-sweep-product-grid-f121-p2x1-crf23-r0-960x540/contact-sheet.jpg
20260427T022749Z	product-grid	/Users/dennisonbertram/Develop/flipbook-research/fixtures/track-d/pages/trackd-0003-product_grid.png	960x540	121	24	2.0	1.0	23	1	20260427T023043Z-track-b-hybrid-sweep-product-grid-f121-p2x1-crf23-r1-960x540	pass	100.12587497476488	3.653208026662469	2.812082995660603	0.0	93.6305420473218	1208.4788275807439	0.9997435451861637	0.009329233318567276	0.000636763172224164	-1.0	/Users/dennisonbertram/Develop/flipbook-research/outputs/track-b/20260427T023043Z-track-b-hybrid-sweep-product-grid-f121-p2x1-crf23-r1-960x540/output.mp4	/Users/dennisonbertram/Develop/flipbook-research/outputs/track-b/20260427T023043Z-track-b-hybrid-sweep-product-grid-f121-p2x1-crf23-r1-960x540/contact-sheet.jpg
20260427T022749Z	product-grid	/Users/dennisonbertram/Develop/flipbook-research/fixtures/track-d/pages/trackd-0003-product_grid.png	960x540	121	24	2.0	1.0	28	0	20260427T023044Z-track-b-hybrid-sweep-product-grid-f121-p2x1-crf28-r0-960x540	pass	95.59541603084654	3.637125017121434	2.80941603705287	0.0	89.12595896981657	1265.751068659568	0.9997433085942992	0.009275145828723907	0.0008979362901300192	-1.0	/Users/dennisonbertram/Develop/flipbook-research/outputs/track-b/20260427T023044Z-track-b-hybrid-sweep-product-grid-f121-p2x1-crf28-r0-960x540/output.mp4	/Users/dennisonbertram/Develop/flipbook-research/outputs/track-b/20260427T023044Z-track-b-hybrid-sweep-product-grid-f121-p2x1-crf28-r0-960x540/contact-sheet.jpg
20260427T022749Z	product-grid	/Users/dennisonbertram/Develop/flipbook-research/fixtures/track-d/pages/trackd-0003-product_grid.png	960x540	121	24	2.0	1.0	28	1	20260427T023044Z-track-b-hybrid-sweep-product-grid-f121-p2x1-crf28-r1-960x540	pass	99.63049995712936	3.7667090073227882	2.5628330186009407	0.0	93.27399998437613	1214.4875319512184	0.9997433085942992	0.009275145828723907	0.0008979362901300192	-1.0	/Users/dennisonbertram/Develop/flipbook-research/outputs/track-b/20260427T023044Z-track-b-hybrid-sweep-product-grid-f121-p2x1-crf28-r1-960x540/output.mp4	/Users/dennisonbertram/Develop/flipbook-research/outputs/track-b/20260427T023044Z-track-b-hybrid-sweep-product-grid-f121-p2x1-crf28-r1-960x540/contact-sheet.jpg
20260427T022749Z	product-grid	/Users/dennisonbertram/Develop/flipbook-research/fixtures/track-d/pages/trackd-0003-product_grid.png	960x540	121	24	3.0	1.5	18	0	20260427T023045Z-track-b-hybrid-sweep-product-grid-f121-p3x1-5-crf18-r0-960x540	pass	104.3076670030132	3.438791027292609	2.503708004951477	0.0	98.33858394995332	1160.0297799442164	0.9993749471149521	0.015109083615243435	0.0003173414443153888	-1.0	/Users/dennisonbertram/Develop/flipbook-research/outputs/track-b/20260427T023045Z-track-b-hybrid-sweep-product-grid-f121-p3x1-5-crf18-r0-960x540/output.mp4	/Users/dennisonbertram/Develop/flipbook-research/outputs/track-b/20260427T023045Z-track-b-hybrid-sweep-product-grid-f121-p3x1-5-crf18-r0-960x540/contact-sheet.jpg
20260427T022749Z	product-grid	/Users/dennisonbertram/Develop/flipbook-research/fixtures/track-d/pages/trackd-0003-product_grid.png	960x540	121	24	3.0	1.5	18	1	20260427T023045Z-track-b-hybrid-sweep-product-grid-f121-p3x1-5-crf18-r1-960x540	pass	103.81437500473112	3.5920829977840185	2.7226669481024146	0.0	97.47499995864928	1165.541862526126	0.9993749471149521	0.015109083615243435	0.0003173414443153888	-1.0	/Users/dennisonbertram/Develop/flipbook-research/outputs/track-b/20260427T023045Z-track-b-hybrid-sweep-product-grid-f121-p3x1-5-crf18-r1-960x540/output.mp4	/Users/dennisonbertram/Develop/flipbook-research/outputs/track-b/20260427T023045Z-track-b-hybrid-sweep-product-grid-f121-p3x1-5-crf18-r1-960x540/contact-sheet.jpg
20260427T022749Z	product-grid	/Users/dennisonbertram/Develop/flipbook-research/fixtures/track-d/pages/trackd-0003-product_grid.png	960x540	121	24	3.0	1.5	23	0	20260427T023045Z-track-b-hybrid-sweep-product-grid-f121-p3x1-5-crf23-r0-960x540	pass	105.00241606496274	3.580374992452562	2.7988749789074063	0.0	98.58712507411838	1152.3544365411544	0.9993750773644304	0.015188702382147312	0.0006460300064645708	-1.0	/Users/dennisonbertram/Develop/flipbook-research/outputs/track-b/20260427T023045Z-track-b-hybrid-sweep-product-grid-f121-p3x1-5-crf23-r0-960x540/output.mp4	/Users/dennisonbertram/Develop/flipbook-research/outputs/track-b/20260427T023045Z-track-b-hybrid-sweep-product-grid-f121-p3x1-5-crf23-r0-960x540/contact-sheet.jpg
20260427T022749Z	product-grid	/Users/dennisonbertram/Develop/flipbook-research/fixtures/track-d/pages/trackd-0003-product_grid.png	960x540	121	24	3.0	1.5	23	1	20260427T023046Z-track-b-hybrid-sweep-product-grid-f121-p3x1-5-crf23-r1-960x540	pass	105.49033293500543	4.055208060890436	3.0765419360250235	0.0	98.3284170506522	1147.02453422486	0.9993750773644304	0.015188702382147312	0.0006460300064645708	-1.0	/Users/dennisonbertram/Develop/flipbook-research/outputs/track-b/20260427T023046Z-track-b-hybrid-sweep-product-grid-f121-p3x1-5-crf23-r1-960x540/output.mp4	/Users/dennisonbertram/Develop/flipbook-research/outputs/track-b/20260427T023046Z-track-b-hybrid-sweep-product-grid-f121-p3x1-5-crf23-r1-960x540/contact-sheet.jpg
20260427T022749Z	product-grid	/Users/dennisonbertram/Develop/flipbook-research/fixtures/track-d/pages/trackd-0003-product_grid.png	960x540	121	24	3.0	1.5	28	0	20260427T023046Z-track-b-hybrid-sweep-product-grid-f121-p3x1-5-crf28-r0-960x540	pass	99.37674994580448	3.8317081052809954	2.812667051330209	0.0	92.7052500192076	1217.5886217449035	0.9993735696046334	0.015216503292322159	0.000926304142922163	-1.0	/Users/dennisonbertram/Develop/flipbook-research/outputs/track-b/20260427T023046Z-track-b-hybrid-sweep-product-grid-f121-p3x1-5-crf28-r0-960x540/output.mp4	/Users/dennisonbertram/Develop/flipbook-research/outputs/track-b/20260427T023046Z-track-b-hybrid-sweep-product-grid-f121-p3x1-5-crf28-r0-960x540/contact-sheet.jpg
20260427T022749Z	product-grid	/Users/dennisonbertram/Develop/flipbook-research/fixtures/track-d/pages/trackd-0003-product_grid.png	960x540	121	24	3.0	1.5	28	1	20260427T023047Z-track-b-hybrid-sweep-product-grid-f121-p3x1-5-crf28-r1-960x540	pass	99.11508404184133	3.607666934840381	2.859167056158185	0.0	92.61591709218919	1220.8030812839747	0.9993735696046334	0.015216503292322159	0.000926304142922163	-1.0	/Users/dennisonbertram/Develop/flipbook-research/outputs/track-b/20260427T023047Z-track-b-hybrid-sweep-product-grid-f121-p3x1-5-crf28-r1-960x540/output.mp4	/Users/dennisonbertram/Develop/flipbook-research/outputs/track-b/20260427T023047Z-track-b-hybrid-sweep-product-grid-f121-p3x1-5-crf28-r1-960x540/contact-sheet.jpg
20260427T022749Z	map-labels	/Users/dennisonbertram/Develop/flipbook-research/fixtures/track-d/pages/trackd-0004-map_labels.png	960x540	33	24	1.0	0.5	18	0	20260427T023047Z-track-b-hybrid-sweep-map-labels-f33-p1x0-5-crf18-r0-960x540	quality_fail	59.13950002286583	3.7433330435305834	2.734249923378229	0.0	52.63620801270008	558.002688342661	0.9999801306532512	0.0016920464113354683	0.00023942448024172336	-1.0	/Users/dennisonbertram/Develop/flipbook-research/outputs/track-b/20260427T023047Z-track-b-hybrid-sweep-map-labels-f33-p1x0-5-crf18-r0-960x540/output.mp4	/Users/dennisonbertram/Develop/flipbook-research/outputs/track-b/20260427T023047Z-track-b-hybrid-sweep-map-labels-f33-p1x0-5-crf18-r0-960x540/contact-sheet.jpg
20260427T022749Z	map-labels	/Users/dennisonbertram/Develop/flipbook-research/fixtures/track-d/pages/trackd-0004-map_labels.png	960x540	33	24	1.0	0.5	18	1	20260427T023048Z-track-b-hybrid-sweep-map-labels-f33-p1x0-5-crf18-r1-960x540	quality_fail	64.99075004830956	4.400749923661351	2.8314170194789767	0.0	57.73408303502947	507.7645661185648	0.9999801306532512	0.0016920464113354683	0.00023942448024172336	-1.0	/Users/dennisonbertram/Develop/flipbook-research/outputs/track-b/20260427T023048Z-track-b-hybrid-sweep-map-labels-f33-p1x0-5-crf18-r1-960x540/output.mp4	/Users/dennisonbertram/Develop/flipbook-research/outputs/track-b/20260427T023048Z-track-b-hybrid-sweep-map-labels-f33-p1x0-5-crf18-r1-960x540/contact-sheet.jpg
20260427T022749Z	map-labels	/Users/dennisonbertram/Develop/flipbook-research/fixtures/track-d/pages/trackd-0004-map_labels.png	960x540	33	24	1.0	0.5	23	0	20260427T023048Z-track-b-hybrid-sweep-map-labels-f33-p1x0-5-crf23-r0-960x540	quality_fail	56.55958305578679	3.772999974898994	3.16062499769032	0.0	49.59399998188019	583.4555033309014	0.9999801313954256	0.0017879296792671084	0.00037029472878202796	-1.0	/Users/dennisonbertram/Develop/flipbook-research/outputs/track-b/20260427T023048Z-track-b-hybrid-sweep-map-labels-f33-p1x0-5-crf23-r0-960x540/output.mp4	/Users/dennisonbertram/Develop/flipbook-research/outputs/track-b/20260427T023048Z-track-b-hybrid-sweep-map-labels-f33-p1x0-5-crf23-r0-960x540/contact-sheet.jpg
20260427T022749Z	map-labels	/Users/dennisonbertram/Develop/flipbook-research/fixtures/track-d/pages/trackd-0004-map_labels.png	960x540	33	24	1.0	0.5	23	1	20260427T023048Z-track-b-hybrid-sweep-map-labels-f33-p1x0-5-crf23-r1-960x540	quality_fail	58.66829201113433	4.328374983742833	2.976540941745043	0.0	51.31820810493082	562.4844165181614	0.9999801313954256	0.0017879296792671084	0.00037029472878202796	-1.0	/Users/dennisonbertram/Develop/flipbook-research/outputs/track-b/20260427T023048Z-track-b-hybrid-sweep-map-labels-f33-p1x0-5-crf23-r1-960x540/output.mp4	/Users/dennisonbertram/Develop/flipbook-research/outputs/track-b/20260427T023048Z-track-b-hybrid-sweep-map-labels-f33-p1x0-5-crf23-r1-960x540/contact-sheet.jpg
20260427T022749Z	map-labels	/Users/dennisonbertram/Develop/flipbook-research/fixtures/track-d/pages/trackd-0004-map_labels.png	960x540	33	24	1.0	0.5	28	0	20260427T023049Z-track-b-hybrid-sweep-map-labels-f33-p1x0-5-crf28-r0-960x540	quality_fail	57.637874968349934	3.795207943767309	2.822624985128641	0.0	50.98466598428786	572.5401919852343	0.9999791284471723	0.0018758699297904968	0.0006108539528213441	-1.0	/Users/dennisonbertram/Develop/flipbook-research/outputs/track-b/20260427T023049Z-track-b-hybrid-sweep-map-labels-f33-p1x0-5-crf28-r0-960x540/output.mp4	/Users/dennisonbertram/Develop/flipbook-research/outputs/track-b/20260427T023049Z-track-b-hybrid-sweep-map-labels-f33-p1x0-5-crf28-r0-960x540/contact-sheet.jpg
20260427T022749Z	map-labels	/Users/dennisonbertram/Develop/flipbook-research/fixtures/track-d/pages/trackd-0004-map_labels.png	960x540	33	24	1.0	0.5	28	1	20260427T023049Z-track-b-hybrid-sweep-map-labels-f33-p1x0-5-crf28-r1-960x540	quality_fail	57.944584055803716	3.737207967787981	2.7314169565215707	0.0	51.44920805469155	569.5096537101595	0.9999791284471723	0.0018758699297904968	0.0006108539528213441	-1.0	/Users/dennisonbertram/Develop/flipbook-research/outputs/track-b/20260427T023049Z-track-b-hybrid-sweep-map-labels-f33-p1x0-5-crf28-r1-960x540/output.mp4	/Users/dennisonbertram/Develop/flipbook-research/outputs/track-b/20260427T023049Z-track-b-hybrid-sweep-map-labels-f33-p1x0-5-crf28-r1-960x540/contact-sheet.jpg
20260427T022749Z	map-labels	/Users/dennisonbertram/Develop/flipbook-research/fixtures/track-d/pages/trackd-0004-map_labels.png	960x540	33	24	2.0	1.0	18	0	20260427T023049Z-track-b-hybrid-sweep-map-labels-f33-p2x1-crf18-r0-960x540	pass	58.34400001913309	3.54795902967453	2.598125021904707	0.0	52.172500058077276	565.6108595430227	0.9999079666060697	0.005108100362122059	0.00026741408510133624	-1.0	/Users/dennisonbertram/Develop/flipbook-research/outputs/track-b/20260427T023049Z-track-b-hybrid-sweep-map-labels-f33-p2x1-crf18-r0-960x540/output.mp4	/Users/dennisonbertram/Develop/flipbook-research/outputs/track-b/20260427T023049Z-track-b-hybrid-sweep-map-labels-f33-p2x1-crf18-r0-960x540/contact-sheet.jpg
20260427T022749Z	map-labels	/Users/dennisonbertram/Develop/flipbook-research/fixtures/track-d/pages/trackd-0004-map_labels.png	960x540	33	24	2.0	1.0	18	1	20260427T023050Z-track-b-hybrid-sweep-map-labels-f33-p2x1-crf18-r1-960x540	pass	57.28795798495412	3.906707977876067	3.0225840164348483	0.0	50.32987496815622	576.037288825463	0.9999079666060697	0.005108100362122059	0.00026741408510133624	-1.0	/Users/dennisonbertram/Develop/flipbook-research/outputs/track-b/20260427T023050Z-track-b-hybrid-sweep-map-labels-f33-p2x1-crf18-r1-960x540/output.mp4	/Users/dennisonbertram/Develop/flipbook-research/outputs/track-b/20260427T023050Z-track-b-hybrid-sweep-map-labels-f33-p2x1-crf18-r1-960x540/contact-sheet.jpg
20260427T022749Z	map-labels	/Users/dennisonbertram/Develop/flipbook-research/fixtures/track-d/pages/trackd-0004-map_labels.png	960x540	33	24	2.0	1.0	23	0	20260427T023050Z-track-b-hybrid-sweep-map-labels-f33-p2x1-crf23-r0-960x540	pass	57.100625010207295	3.8851669523864985	2.809292054735124	0.0	50.369624979794025	577.9271241619672	0.9999070600682339	0.00530232535675168	0.00042551744263619184	-1.0	/Users/dennisonbertram/Develop/flipbook-research/outputs/track-b/20260427T023050Z-track-b-hybrid-sweep-map-labels-f33-p2x1-crf23-r0-960x540/output.mp4	/Users/dennisonbertram/Develop/flipbook-research/outputs/track-b/20260427T023050Z-track-b-hybrid-sweep-map-labels-f33-p2x1-crf23-r0-960x540/contact-sheet.jpg
20260427T022749Z	map-labels	/Users/dennisonbertram/Develop/flipbook-research/fixtures/track-d/pages/trackd-0004-map_labels.png	960x540	33	24	2.0	1.0	23	1	20260427T023050Z-track-b-hybrid-sweep-map-labels-f33-p2x1-crf23-r1-960x540	pass	69.99116705264896	5.1235409919172525	3.604041994549334	0.0	61.23258301522583	471.48806613235416	0.9999070600682339	0.00530232535675168	0.00042551744263619184	-1.0	/Users/dennisonbertram/Develop/flipbook-research/outputs/track-b/20260427T023050Z-track-b-hybrid-sweep-map-labels-f33-p2x1-crf23-r1-960x540/output.mp4	/Users/dennisonbertram/Develop/flipbook-research/outputs/track-b/20260427T023050Z-track-b-hybrid-sweep-map-labels-f33-p2x1-crf23-r1-960x540/contact-sheet.jpg
20260427T022749Z	map-labels	/Users/dennisonbertram/Develop/flipbook-research/fixtures/track-d/pages/trackd-0004-map_labels.png	960x540	33	24	2.0	1.0	28	0	20260427T023051Z-track-b-hybrid-sweep-map-labels-f33-p2x1-crf28-r0-960x540	pass	67.19674996566027	4.036457976326346	3.0761660309508443	0.0	60.0546250352636	491.0951797053291	0.9999063090309185	0.0052062529139220715	0.0006876361439935863	-1.0	/Users/dennisonbertram/Develop/flipbook-research/outputs/track-b/20260427T023051Z-track-b-hybrid-sweep-map-labels-f33-p2x1-crf28-r0-960x540/output.mp4	/Users/dennisonbertram/Develop/flipbook-research/outputs/track-b/20260427T023051Z-track-b-hybrid-sweep-map-labels-f33-p2x1-crf28-r0-960x540/contact-sheet.jpg
20260427T022749Z	map-labels	/Users/dennisonbertram/Develop/flipbook-research/fixtures/track-d/pages/trackd-0004-map_labels.png	960x540	33	24	2.0	1.0	28	1	20260427T023051Z-track-b-hybrid-sweep-map-labels-f33-p2x1-crf28-r1-960x540	pass	62.87587503902614	3.8140839897096157	3.1774999806657434	0.0	55.84291694685817	524.8435903200931	0.9999063090309185	0.0052062529139220715	0.0006876361439935863	-1.0	/Users/dennisonbertram/Develop/flipbook-research/outputs/track-b/20260427T023051Z-track-b-hybrid-sweep-map-labels-f33-p2x1-crf28-r1-960x540/output.mp4	/Users/dennisonbertram/Develop/flipbook-research/outputs/track-b/20260427T023051Z-track-b-hybrid-sweep-map-labels-f33-p2x1-crf28-r1-960x540/contact-sheet.jpg
20260427T022749Z	map-labels	/Users/dennisonbertram/Develop/flipbook-research/fixtures/track-d/pages/trackd-0004-map_labels.png	960x540	33	24	3.0	1.5	18	0	20260427T023052Z-track-b-hybrid-sweep-map-labels-f33-p3x1-5-crf18-r0-960x540	pass	63.64324991591275	4.269166965968907	3.3654170110821724	0.0	55.975915980525315	518.5153184917573	0.9997663596037579	0.008518102578818798	0.00026514462660998106	-1.0	/Users/dennisonbertram/Develop/flipbook-research/outputs/track-b/20260427T023052Z-track-b-hybrid-sweep-map-labels-f33-p3x1-5-crf18-r0-960x540/output.mp4	/Users/dennisonbertram/Develop/flipbook-research/outputs/track-b/20260427T023052Z-track-b-hybrid-sweep-map-labels-f33-p3x1-5-crf18-r0-960x540/contact-sheet.jpg
20260427T022749Z	map-labels	/Users/dennisonbertram/Develop/flipbook-research/fixtures/track-d/pages/trackd-0004-map_labels.png	960x540	33	24	3.0	1.5	18	1	20260427T023052Z-track-b-hybrid-sweep-map-labels-f33-p3x1-5-crf18-r1-960x540	pass	66.80749997030944	3.9828340522944927	2.8926250524818897	0.0	59.90058300085366	493.95651707766115	0.9997663596037579	0.008518102578818798	0.00026514462660998106	-1.0	/Users/dennisonbertram/Develop/flipbook-research/outputs/track-b/20260427T023052Z-track-b-hybrid-sweep-map-labels-f33-p3x1-5-crf18-r1-960x540/output.mp4	/Users/dennisonbertram/Develop/flipbook-research/outputs/track-b/20260427T023052Z-track-b-hybrid-sweep-map-labels-f33-p3x1-5-crf18-r1-960x540/contact-sheet.jpg
20260427T022749Z	map-labels	/Users/dennisonbertram/Develop/flipbook-research/fixtures/track-d/pages/trackd-0004-map_labels.png	960x540	33	24	3.0	1.5	23	0	20260427T023052Z-track-b-hybrid-sweep-map-labels-f33-p3x1-5-crf23-r0-960x540	pass	70.53145801182836	4.097666940651834	2.9239170253276825	0.0	63.4811669588089	467.87633391139866	0.9997662147205486	0.008693604730069637	0.0004523723036982119	-1.0	/Users/dennisonbertram/Develop/flipbook-research/outputs/track-b/20260427T023052Z-track-b-hybrid-sweep-map-labels-f33-p3x1-5-crf23-r0-960x540/output.mp4	/Users/dennisonbertram/Develop/flipbook-research/outputs/track-b/20260427T023052Z-track-b-hybrid-sweep-map-labels-f33-p3x1-5-crf23-r0-960x540/contact-sheet.jpg
20260427T022749Z	map-labels	/Users/dennisonbertram/Develop/flipbook-research/fixtures/track-d/pages/trackd-0004-map_labels.png	960x540	33	24	3.0	1.5	23	1	20260427T023053Z-track-b-hybrid-sweep-map-labels-f33-p3x1-5-crf23-r1-960x540	pass	76.2335000326857	3.953999956138432	3.195583005435765	0.0	69.05304093379527	432.880557574439	0.9997662147205486	0.008693604730069637	0.0004523723036982119	-1.0	/Users/dennisonbertram/Develop/flipbook-research/outputs/track-b/20260427T023053Z-track-b-hybrid-sweep-map-labels-f33-p3x1-5-crf23-r1-960x540/output.mp4	/Users/dennisonbertram/Develop/flipbook-research/outputs/track-b/20260427T023053Z-track-b-hybrid-sweep-map-labels-f33-p3x1-5-crf23-r1-960x540/contact-sheet.jpg
20260427T022749Z	map-labels	/Users/dennisonbertram/Develop/flipbook-research/fixtures/track-d/pages/trackd-0004-map_labels.png	960x540	33	24	3.0	1.5	28	0	20260427T023053Z-track-b-hybrid-sweep-map-labels-f33-p3x1-5-crf28-r0-960x540	pass	66.53058296069503	4.18012507725507	3.5433750599622726	0.0	58.77654196228832	496.01248826416804	0.9997632662074833	0.008710436522960663	0.000641869381070137	-1.0	/Users/dennisonbertram/Develop/flipbook-research/outputs/track-b/20260427T023053Z-track-b-hybrid-sweep-map-labels-f33-p3x1-5-crf28-r0-960x540/output.mp4	/Users/dennisonbertram/Develop/flipbook-research/outputs/track-b/20260427T023053Z-track-b-hybrid-sweep-map-labels-f33-p3x1-5-crf28-r0-960x540/contact-sheet.jpg
20260427T022749Z	map-labels	/Users/dennisonbertram/Develop/flipbook-research/fixtures/track-d/pages/trackd-0004-map_labels.png	960x540	33	24	3.0	1.5	28	1	20260427T023054Z-track-b-hybrid-sweep-map-labels-f33-p3x1-5-crf28-r1-960x540	pass	67.14370800182223	3.784291911870241	2.8044580249115825	0.0	60.52083394024521	491.48313344720856	0.9997632662074833	0.008710436522960663	0.000641869381070137	-1.0	/Users/dennisonbertram/Develop/flipbook-research/outputs/track-b/20260427T023054Z-track-b-hybrid-sweep-map-labels-f33-p3x1-5-crf28-r1-960x540/output.mp4	/Users/dennisonbertram/Develop/flipbook-research/outputs/track-b/20260427T023054Z-track-b-hybrid-sweep-map-labels-f33-p3x1-5-crf28-r1-960x540/contact-sheet.jpg
20260427T022749Z	map-labels	/Users/dennisonbertram/Develop/flipbook-research/fixtures/track-d/pages/trackd-0004-map_labels.png	960x540	65	24	1.0	0.5	18	0	20260427T023054Z-track-b-hybrid-sweep-map-labels-f65-p1x0-5-crf18-r0-960x540	quality_fail	86.53916604816914	3.832082962617278	3.5922499373555183	0.0	79.08024999778718	751.1049963645354	0.9999801585884502	0.0016962069785222411	0.00023961359693203121	-1.0	/Users/dennisonbertram/Develop/flipbook-research/outputs/track-b/20260427T023054Z-track-b-hybrid-sweep-map-labels-f65-p1x0-5-crf18-r0-960x540/output.mp4	/Users/dennisonbertram/Develop/flipbook-research/outputs/track-b/20260427T023054Z-track-b-hybrid-sweep-map-labels-f65-p1x0-5-crf18-r0-960x540/contact-sheet.jpg
20260427T022749Z	map-labels	/Users/dennisonbertram/Develop/flipbook-research/fixtures/track-d/pages/trackd-0004-map_labels.png	960x540	65	24	1.0	0.5	18	1	20260427T023054Z-track-b-hybrid-sweep-map-labels-f65-p1x0-5-crf18-r1-960x540	quality_fail	100.48658307641745	4.040750092826784	3.082791925407946	0.0	93.33416598383337	646.8525250835645	0.9999801585884502	0.0016962069785222411	0.00023961359693203121	-1.0	/Users/dennisonbertram/Develop/flipbook-research/outputs/track-b/20260427T023054Z-track-b-hybrid-sweep-map-labels-f65-p1x0-5-crf18-r1-960x540/output.mp4	/Users/dennisonbertram/Develop/flipbook-research/outputs/track-b/20260427T023054Z-track-b-hybrid-sweep-map-labels-f65-p1x0-5-crf18-r1-960x540/contact-sheet.jpg
20260427T022749Z	map-labels	/Users/dennisonbertram/Develop/flipbook-research/fixtures/track-d/pages/trackd-0004-map_labels.png	960x540	65	24	1.0	0.5	23	0	20260427T023055Z-track-b-hybrid-sweep-map-labels-f65-p1x0-5-crf23-r0-960x540	quality_fail	83.35066703148186	4.212166997604072	2.910749986767769	0.0	76.20012504048645	779.8377903256521	0.9999802433834096	0.001769206952303648	0.000380507146473974	-1.0	/Users/dennisonbertram/Develop/flipbook-research/outputs/track-b/20260427T023055Z-track-b-hybrid-sweep-map-labels-f65-p1x0-5-crf23-r0-960x540/output.mp4	/Users/dennisonbertram/Develop/flipbook-research/outputs/track-b/20260427T023055Z-track-b-hybrid-sweep-map-labels-f65-p1x0-5-crf23-r0-960x540/contact-sheet.jpg
20260427T022749Z	map-labels	/Users/dennisonbertram/Develop/flipbook-research/fixtures/track-d/pages/trackd-0004-map_labels.png	960x540	65	24	1.0	0.5	23	1	20260427T023055Z-track-b-hybrid-sweep-map-labels-f65-p1x0-5-crf23-r1-960x540	quality_fail	88.5698749916628	4.151875036768615	2.885333029553294	0.0	81.49300003424287	733.8838403703126	0.9999802433834096	0.001769206952303648	0.000380507146473974	-1.0	/Users/dennisonbertram/Develop/flipbook-research/outputs/track-b/20260427T023055Z-track-b-hybrid-sweep-map-labels-f65-p1x0-5-crf23-r1-960x540/output.mp4	/Users/dennisonbertram/Develop/flipbook-research/outputs/track-b/20260427T023055Z-track-b-hybrid-sweep-map-labels-f65-p1x0-5-crf23-r1-960x540/contact-sheet.jpg
20260427T022749Z	map-labels	/Users/dennisonbertram/Develop/flipbook-research/fixtures/track-d/pages/trackd-0004-map_labels.png	960x540	65	24	1.0	0.5	28	0	20260427T023056Z-track-b-hybrid-sweep-map-labels-f65-p1x0-5-crf28-r0-960x540	quality_fail	113.13545797020197	5.563375074416399	3.5691671073436737	0.0	103.96812506951392	574.5325220420281	0.9999794169465624	0.0018694399623200297	0.0006155818700790405	-1.0	/Users/dennisonbertram/Develop/flipbook-research/outputs/track-b/20260427T023056Z-track-b-hybrid-sweep-map-labels-f65-p1x0-5-crf28-r0-960x540/output.mp4	/Users/dennisonbertram/Develop/flipbook-research/outputs/track-b/20260427T023056Z-track-b-hybrid-sweep-map-labels-f65-p1x0-5-crf28-r0-960x540/contact-sheet.jpg
20260427T022749Z	map-labels	/Users/dennisonbertram/Develop/flipbook-research/fixtures/track-d/pages/trackd-0004-map_labels.png	960x540	65	24	1.0	0.5	28	1	20260427T023056Z-track-b-hybrid-sweep-map-labels-f65-p1x0-5-crf28-r1-960x540	quality_fail	96.07229102402925	3.95470904186368	3.158041974529624	0.0	88.9210409950465	676.5738519105622	0.9999794169465624	0.0018694399623200297	0.0006155818700790405	-1.0	/Users/dennisonbertram/Develop/flipbook-research/outputs/track-b/20260427T023056Z-track-b-hybrid-sweep-map-labels-f65-p1x0-5-crf28-r1-960x540/output.mp4	/Users/dennisonbertram/Develop/flipbook-research/outputs/track-b/20260427T023056Z-track-b-hybrid-sweep-map-labels-f65-p1x0-5-crf28-r1-960x540/contact-sheet.jpg
20260427T022749Z	map-labels	/Users/dennisonbertram/Develop/flipbook-research/fixtures/track-d/pages/trackd-0004-map_labels.png	960x540	65	24	2.0	1.0	18	0	20260427T023057Z-track-b-hybrid-sweep-map-labels-f65-p2x1-crf18-r0-960x540	pass	89.58216710016131	4.213458974845707	3.323082928545773	0.0	82.014707964845	725.5908413928396	0.9999077599372953	0.005113584920763969	0.0002717637980822474	-1.0	/Users/dennisonbertram/Develop/flipbook-research/outputs/track-b/20260427T023057Z-track-b-hybrid-sweep-map-labels-f65-p2x1-crf18-r0-960x540/output.mp4	/Users/dennisonbertram/Develop/flipbook-research/outputs/track-b/20260427T023057Z-track-b-hybrid-sweep-map-labels-f65-p2x1-crf18-r0-960x540/contact-sheet.jpg
20260427T022749Z	map-labels	/Users/dennisonbertram/Develop/flipbook-research/fixtures/track-d/pages/trackd-0004-map_labels.png	960x540	65	24	2.0	1.0	18	1	20260427T023057Z-track-b-hybrid-sweep-map-labels-f65-p2x1-crf18-r1-960x540	pass	81.6248330520466	4.127457970753312	3.238542005419731	0.0	74.230375001207	796.326284165922	0.9999077599372953	0.005113584920763969	0.0002717637980822474	-1.0	/Users/dennisonbertram/Develop/flipbook-research/outputs/track-b/20260427T023057Z-track-b-hybrid-sweep-map-labels-f65-p2x1-crf18-r1-960x540/output.mp4	/Users/dennisonbertram/Develop/flipbook-research/outputs/track-b/20260427T023057Z-track-b-hybrid-sweep-map-labels-f65-p2x1-crf18-r1-960x540/contact-sheet.jpg
20260427T022749Z	map-labels	/Users/dennisonbertram/Develop/flipbook-research/fixtures/track-d/pages/trackd-0004-map_labels.png	960x540	65	24	2.0	1.0	23	0	20260427T023057Z-track-b-hybrid-sweep-map-labels-f65-p2x1-crf23-r0-960x540	pass	83.95925001241267	3.687333082780242	2.848541014827788	0.0	77.3931669536978	774.1850956313962	0.999907032626723	0.005304784048348665	0.0004194656212348491	-1.0	/Users/dennisonbertram/Develop/flipbook-research/outputs/track-b/20260427T023057Z-track-b-hybrid-sweep-map-labels-f65-p2x1-crf23-r0-960x540/output.mp4	/Users/dennisonbertram/Develop/flipbook-research/outputs/track-b/20260427T023057Z-track-b-hybrid-sweep-map-labels-f65-p2x1-crf23-r0-960x540/contact-sheet.jpg
20260427T022749Z	map-labels	/Users/dennisonbertram/Develop/flipbook-research/fixtures/track-d/pages/trackd-0004-map_labels.png	960x540	65	24	2.0	1.0	23	1	20260427T023058Z-track-b-hybrid-sweep-map-labels-f65-p2x1-crf23-r1-960x540	pass	95.10633302852511	4.63912496343255	2.87237495649606	0.0	87.56866701878607	683.4455491045443	0.999907032626723	0.005304784048348665	0.0004194656212348491	-1.0	/Users/dennisonbertram/Develop/flipbook-research/outputs/track-b/20260427T023058Z-track-b-hybrid-sweep-map-labels-f65-p2x1-crf23-r1-960x540/output.mp4	/Users/dennisonbertram/Develop/flipbook-research/outputs/track-b/20260427T023058Z-track-b-hybrid-sweep-map-labels-f65-p2x1-crf23-r1-960x540/contact-sheet.jpg
20260427T022749Z	map-labels	/Users/dennisonbertram/Develop/flipbook-research/fixtures/track-d/pages/trackd-0004-map_labels.png	960x540	65	24	2.0	1.0	28	0	20260427T023058Z-track-b-hybrid-sweep-map-labels-f65-p2x1-crf28-r0-960x540	pass	71.83762500062585	3.820125013589859	2.8643329860642552	0.0	65.11237495578825	904.8183316115159	0.9999069208924195	0.005153867416083813	0.0006634289748035371	-1.0	/Users/dennisonbertram/Develop/flipbook-research/outputs/track-b/20260427T023058Z-track-b-hybrid-sweep-map-labels-f65-p2x1-crf28-r0-960x540/output.mp4	/Users/dennisonbertram/Develop/flipbook-research/outputs/track-b/20260427T023058Z-track-b-hybrid-sweep-map-labels-f65-p2x1-crf28-r0-960x540/contact-sheet.jpg
20260427T022749Z	map-labels	/Users/dennisonbertram/Develop/flipbook-research/fixtures/track-d/pages/trackd-0004-map_labels.png	960x540	65	24	2.0	1.0	28	1	20260427T023059Z-track-b-hybrid-sweep-map-labels-f65-p2x1-crf28-r1-960x540	pass	72.24683300592005	4.0597079787403345	2.830957993865013	0.0	65.3262089472264	899.6934162453013	0.9999069208924195	0.005153867416083813	0.0006634289748035371	-1.0	/Users/dennisonbertram/Develop/flipbook-research/outputs/track-b/20260427T023059Z-track-b-hybrid-sweep-map-labels-f65-p2x1-crf28-r1-960x540/output.mp4	/Users/dennisonbertram/Develop/flipbook-research/outputs/track-b/20260427T023059Z-track-b-hybrid-sweep-map-labels-f65-p2x1-crf28-r1-960x540/contact-sheet.jpg
20260427T022749Z	map-labels	/Users/dennisonbertram/Develop/flipbook-research/fixtures/track-d/pages/trackd-0004-map_labels.png	960x540	65	24	3.0	1.5	18	0	20260427T023059Z-track-b-hybrid-sweep-map-labels-f65-p3x1-5-crf18-r0-960x540	pass	73.66454205475748	3.465707995928824	3.275458002462983	0.0	66.8880840530619	882.3783897507051	0.9997658720932204	0.008556115441024303	0.0002653337433002889	-1.0	/Users/dennisonbertram/Develop/flipbook-research/outputs/track-b/20260427T023059Z-track-b-hybrid-sweep-map-labels-f65-p3x1-5-crf18-r0-960x540/output.mp4	/Users/dennisonbertram/Develop/flipbook-research/outputs/track-b/20260427T023059Z-track-b-hybrid-sweep-map-labels-f65-p3x1-5-crf18-r0-960x540/contact-sheet.jpg
20260427T022749Z	map-labels	/Users/dennisonbertram/Develop/flipbook-research/fixtures/track-d/pages/trackd-0004-map_labels.png	960x540	65	24	3.0	1.5	18	1	20260427T023059Z-track-b-hybrid-sweep-map-labels-f65-p3x1-5-crf18-r1-960x540	pass	73.16699996590614	3.577625029720366	2.6878330390900373	0.0	66.85954099521041	888.3786410579668	0.9997658720932204	0.008556115441024303	0.0002653337433002889	-1.0	/Users/dennisonbertram/Develop/flipbook-research/outputs/track-b/20260427T023059Z-track-b-hybrid-sweep-map-labels-f65-p3x1-5-crf18-r1-960x540/output.mp4	/Users/dennisonbertram/Develop/flipbook-research/outputs/track-b/20260427T023059Z-track-b-hybrid-sweep-map-labels-f65-p3x1-5-crf18-r1-960x540/contact-sheet.jpg
20260427T022749Z	map-labels	/Users/dennisonbertram/Develop/flipbook-research/fixtures/track-d/pages/trackd-0004-map_labels.png	960x540	65	24	3.0	1.5	23	0	20260427T023100Z-track-b-hybrid-sweep-map-labels-f65-p3x1-5-crf23-r0-960x540	pass	71.17508305236697	3.923957934603095	2.9059579828754067	0.0	64.31299995165318	913.2409434938957	0.9997658416859144	0.00868849828839302	0.0004576676292344928	-1.0	/Users/dennisonbertram/Develop/flipbook-research/outputs/track-b/20260427T023100Z-track-b-hybrid-sweep-map-labels-f65-p3x1-5-crf23-r0-960x540/output.mp4	/Users/dennisonbertram/Develop/flipbook-research/outputs/track-b/20260427T023100Z-track-b-hybrid-sweep-map-labels-f65-p3x1-5-crf23-r0-960x540/contact-sheet.jpg
20260427T022749Z	map-labels	/Users/dennisonbertram/Develop/flipbook-research/fixtures/track-d/pages/trackd-0004-map_labels.png	960x540	65	24	3.0	1.5	23	1	20260427T023100Z-track-b-hybrid-sweep-map-labels-f65-p3x1-5-crf23-r1-960x540	pass	72.51224992796779	3.560457960702479	3.433082951232791	0.0	65.48183294944465	896.4002642942357	0.9997658416859144	0.00868849828839302	0.0004576676292344928	-1.0	/Users/dennisonbertram/Develop/flipbook-research/outputs/track-b/20260427T023100Z-track-b-hybrid-sweep-map-labels-f65-p3x1-5-crf23-r1-960x540/output.mp4	/Users/dennisonbertram/Develop/flipbook-research/outputs/track-b/20260427T023100Z-track-b-hybrid-sweep-map-labels-f65-p3x1-5-crf23-r1-960x540/contact-sheet.jpg
20260427T022749Z	map-labels	/Users/dennisonbertram/Develop/flipbook-research/fixtures/track-d/pages/trackd-0004-map_labels.png	960x540	65	24	3.0	1.5	28	0	20260427T023101Z-track-b-hybrid-sweep-map-labels-f65-p3x1-5-crf28-r0-960x540	pass	71.80754200089723	3.6593329859897494	2.5363750755786896	0.0	65.58816705364734	905.1973955491727	0.9997645875727169	0.008601882494986057	0.0006590792327187955	-1.0	/Users/dennisonbertram/Develop/flipbook-research/outputs/track-b/20260427T023101Z-track-b-hybrid-sweep-map-labels-f65-p3x1-5-crf28-r0-960x540/output.mp4	/Users/dennisonbertram/Develop/flipbook-research/outputs/track-b/20260427T023101Z-track-b-hybrid-sweep-map-labels-f65-p3x1-5-crf28-r0-960x540/contact-sheet.jpg
20260427T022749Z	map-labels	/Users/dennisonbertram/Develop/flipbook-research/fixtures/track-d/pages/trackd-0004-map_labels.png	960x540	65	24	3.0	1.5	28	1	20260427T023101Z-track-b-hybrid-sweep-map-labels-f65-p3x1-5-crf28-r1-960x540	pass	89.3292500404641	3.52658296469599	3.4720830153673887	0.0	82.27524999529123	727.6451998707757	0.9997645875727169	0.008601882494986057	0.0006590792327187955	-1.0	/Users/dennisonbertram/Develop/flipbook-research/outputs/track-b/20260427T023101Z-track-b-hybrid-sweep-map-labels-f65-p3x1-5-crf28-r1-960x540/output.mp4	/Users/dennisonbertram/Develop/flipbook-research/outputs/track-b/20260427T023101Z-track-b-hybrid-sweep-map-labels-f65-p3x1-5-crf28-r1-960x540/contact-sheet.jpg
20260427T022749Z	map-labels	/Users/dennisonbertram/Develop/flipbook-research/fixtures/track-d/pages/trackd-0004-map_labels.png	960x540	121	24	1.0	0.5	18	0	20260427T023101Z-track-b-hybrid-sweep-map-labels-f121-p1x0-5-crf18-r0-960x540	quality_fail	102.57804102730006	4.173041903413832	3.055958077311516	0.0	95.31966701615602	1179.58969374154	0.9999801524090611	0.0016963961534202099	0.00023961359693203121	-1.0	/Users/dennisonbertram/Develop/flipbook-research/outputs/track-b/20260427T023101Z-track-b-hybrid-sweep-map-labels-f121-p1x0-5-crf18-r0-960x540/output.mp4	/Users/dennisonbertram/Develop/flipbook-research/outputs/track-b/20260427T023101Z-track-b-hybrid-sweep-map-labels-f121-p1x0-5-crf18-r0-960x540/contact-sheet.jpg
20260427T022749Z	map-labels	/Users/dennisonbertram/Develop/flipbook-research/fixtures/track-d/pages/trackd-0004-map_labels.png	960x540	121	24	1.0	0.5	18	1	20260427T023102Z-track-b-hybrid-sweep-map-labels-f121-p1x0-5-crf18-r1-960x540	quality_fail	98.5132500063628	3.627958009019494	3.5065000411123037	0.0	91.3331670453772	1228.261172910089	0.9999801524090611	0.0016963961534202099	0.00023961359693203121	-1.0	/Users/dennisonbertram/Develop/flipbook-research/outputs/track-b/20260427T023102Z-track-b-hybrid-sweep-map-labels-f121-p1x0-5-crf18-r1-960x540/output.mp4	/Users/dennisonbertram/Develop/flipbook-research/outputs/track-b/20260427T023102Z-track-b-hybrid-sweep-map-labels-f121-p1x0-5-crf18-r1-960x540/contact-sheet.jpg
20260427T022749Z	map-labels	/Users/dennisonbertram/Develop/flipbook-research/fixtures/track-d/pages/trackd-0004-map_labels.png	960x540	121	24	1.0	0.5	23	0	20260427T023102Z-track-b-hybrid-sweep-map-labels-f121-p1x0-5-crf23-r0-960x540	quality_fail	114.644292043522	3.9389999583363533	2.988249994814396	0.0	107.67070797737688	1055.4385032450216	0.9999802433834096	0.001769206952303648	0.000380507146473974	-1.0	/Users/dennisonbertram/Develop/flipbook-research/outputs/track-b/20260427T023102Z-track-b-hybrid-sweep-map-labels-f121-p1x0-5-crf23-r0-960x540/output.mp4	/Users/dennisonbertram/Develop/flipbook-research/outputs/track-b/20260427T023102Z-track-b-hybrid-sweep-map-labels-f121-p1x0-5-crf23-r0-960x540/contact-sheet.jpg
20260427T022749Z	map-labels	/Users/dennisonbertram/Develop/flipbook-research/fixtures/track-d/pages/trackd-0004-map_labels.png	960x540	121	24	1.0	0.5	23	1	20260427T023103Z-track-b-hybrid-sweep-map-labels-f121-p1x0-5-crf23-r1-960x540	quality_fail	100.11350002605468	3.6705409875139594	2.782416995614767	0.0	93.63695804495364	1208.6282066705248	0.9999802433834096	0.001769206952303648	0.000380507146473974	-1.0	/Users/dennisonbertram/Develop/flipbook-research/outputs/track-b/20260427T023103Z-track-b-hybrid-sweep-map-labels-f121-p1x0-5-crf23-r1-960x540/output.mp4	/Users/dennisonbertram/Develop/flipbook-research/outputs/track-b/20260427T023103Z-track-b-hybrid-sweep-map-labels-f121-p1x0-5-crf23-r1-960x540/contact-sheet.jpg
20260427T022749Z	map-labels	/Users/dennisonbertram/Develop/flipbook-research/fixtures/track-d/pages/trackd-0004-map_labels.png	960x540	121	24	1.0	0.5	28	0	20260427T023103Z-track-b-hybrid-sweep-map-labels-f121-p1x0-5-crf28-r0-960x540	quality_fail	103.1447920249775	3.6157920258119702	2.91816599201411	0.0	96.58087498974055	1173.1081872819975	0.9999794169465624	0.0018694399623200297	0.0006155818700790405	-1.0	/Users/dennisonbertram/Develop/flipbook-research/outputs/track-b/20260427T023103Z-track-b-hybrid-sweep-map-labels-f121-p1x0-5-crf28-r0-960x540/output.mp4	/Users/dennisonbertram/Develop/flipbook-research/outputs/track-b/20260427T023103Z-track-b-hybrid-sweep-map-labels-f121-p1x0-5-crf28-r0-960x540/contact-sheet.jpg
20260427T022749Z	map-labels	/Users/dennisonbertram/Develop/flipbook-research/fixtures/track-d/pages/trackd-0004-map_labels.png	960x540	121	24	1.0	0.5	28	1	20260427T023103Z-track-b-hybrid-sweep-map-labels-f121-p1x0-5-crf28-r1-960x540	quality_fail	96.77137504331768	3.672249964438379	2.748916042037308	0.0	90.32416704576463	1250.3697497926105	0.9999794169465624	0.0018694399623200297	0.0006155818700790405	-1.0	/Users/dennisonbertram/Develop/flipbook-research/outputs/track-b/20260427T023103Z-track-b-hybrid-sweep-map-labels-f121-p1x0-5-crf28-r1-960x540/output.mp4	/Users/dennisonbertram/Develop/flipbook-research/outputs/track-b/20260427T023103Z-track-b-hybrid-sweep-map-labels-f121-p1x0-5-crf28-r1-960x540/contact-sheet.jpg
20260427T022749Z	map-labels	/Users/dennisonbertram/Develop/flipbook-research/fixtures/track-d/pages/trackd-0004-map_labels.png	960x540	121	24	2.0	1.0	18	0	20260427T023104Z-track-b-hybrid-sweep-map-labels-f121-p2x1-crf18-r0-960x540	pass	103.78233401570469	3.716584062203765	2.605958958156407	0.0	97.43545902892947	1165.9017032868992	0.9999077480670108	0.00511906947940588	0.00026325343060307205	-1.0	/Users/dennisonbertram/Develop/flipbook-research/outputs/track-b/20260427T023104Z-track-b-hybrid-sweep-map-labels-f121-p2x1-crf18-r0-960x540/output.mp4	/Users/dennisonbertram/Develop/flipbook-research/outputs/track-b/20260427T023104Z-track-b-hybrid-sweep-map-labels-f121-p2x1-crf18-r0-960x540/contact-sheet.jpg
20260427T022749Z	map-labels	/Users/dennisonbertram/Develop/flipbook-research/fixtures/track-d/pages/trackd-0004-map_labels.png	960x540	121	24	2.0	1.0	18	1	20260427T023104Z-track-b-hybrid-sweep-map-labels-f121-p2x1-crf18-r1-960x540	pass	103.56220800895244	3.5602079005911946	2.7502499287948012	0.0	97.22066705580801	1168.3798783967618	0.9999077480670108	0.00511906947940588	0.00026325343060307205	-1.0	/Users/dennisonbertram/Develop/flipbook-research/outputs/track-b/20260427T023104Z-track-b-hybrid-sweep-map-labels-f121-p2x1-crf18-r1-960x540/output.mp4	/Users/dennisonbertram/Develop/flipbook-research/outputs/track-b/20260427T023104Z-track-b-hybrid-sweep-map-labels-f121-p2x1-crf18-r1-960x540/contact-sheet.jpg
20260427T022749Z	map-labels	/Users/dennisonbertram/Develop/flipbook-research/fixtures/track-d/pages/trackd-0004-map_labels.png	960x540	121	24	2.0	1.0	23	0	20260427T023105Z-track-b-hybrid-sweep-map-labels-f121-p2x1-crf23-r0-960x540	pass	101.97362501639873	3.618209040723741	3.395208972506225	0.0	94.91295798216015	1186.5813339531824	0.9999078860150595	0.005251452326774597	0.0004308127681724727	-1.0	/Users/dennisonbertram/Develop/flipbook-research/outputs/track-b/20260427T023105Z-track-b-hybrid-sweep-map-labels-f121-p2x1-crf23-r0-960x540/output.mp4	/Users/dennisonbertram/Develop/flipbook-research/outputs/track-b/20260427T023105Z-track-b-hybrid-sweep-map-labels-f121-p2x1-crf23-r0-960x540/contact-sheet.jpg
20260427T022749Z	map-labels	/Users/dennisonbertram/Develop/flipbook-research/fixtures/track-d/pages/trackd-0004-map_labels.png	960x540	121	24	2.0	1.0	23	1	20260427T023105Z-track-b-hybrid-sweep-map-labels-f121-p2x1-crf23-r1-960x540	pass	114.55958301667124	3.7756250239908695	2.774250111542642	0.0	107.98437497578561	1056.218928296828	0.9999078860150595	0.005251452326774597	0.0004308127681724727	-1.0	/Users/dennisonbertram/Develop/flipbook-research/outputs/track-b/20260427T023105Z-track-b-hybrid-sweep-map-labels-f121-p2x1-crf23-r1-960x540/output.mp4	/Users/dennisonbertram/Develop/flipbook-research/outputs/track-b/20260427T023105Z-track-b-hybrid-sweep-map-labels-f121-p2x1-crf23-r1-960x540/contact-sheet.jpg
20260427T022749Z	map-labels	/Users/dennisonbertram/Develop/flipbook-research/fixtures/track-d/pages/trackd-0004-map_labels.png	960x540	121	24	2.0	1.0	28	0	20260427T023105Z-track-b-hybrid-sweep-map-labels-f121-p2x1-crf28-r0-960x540	pass	101.23929206747562	3.937874920666218	2.6844170643016696	0.0	94.59170792251825	1195.1881283341447	0.9999067933276328	0.005234242416918278	0.0006424367311410606	-1.0	/Users/dennisonbertram/Develop/flipbook-research/outputs/track-b/20260427T023105Z-track-b-hybrid-sweep-map-labels-f121-p2x1-crf28-r0-960x540/output.mp4	/Users/dennisonbertram/Develop/flipbook-research/outputs/track-b/20260427T023105Z-track-b-hybrid-sweep-map-labels-f121-p2x1-crf28-r0-960x540/contact-sheet.jpg
20260427T022749Z	map-labels	/Users/dennisonbertram/Develop/flipbook-research/fixtures/track-d/pages/trackd-0004-map_labels.png	960x540	121	24	2.0	1.0	28	1	20260427T023106Z-track-b-hybrid-sweep-map-labels-f121-p2x1-crf28-r1-960x540	pass	106.26504197716713	3.967291093431413	2.9814159497618675	0.0	99.28974998183548	1138.6623272213917	0.9999067933276328	0.005234242416918278	0.0006424367311410606	-1.0	/Users/dennisonbertram/Develop/flipbook-research/outputs/track-b/20260427T023106Z-track-b-hybrid-sweep-map-labels-f121-p2x1-crf28-r1-960x540/output.mp4	/Users/dennisonbertram/Develop/flipbook-research/outputs/track-b/20260427T023106Z-track-b-hybrid-sweep-map-labels-f121-p2x1-crf28-r1-960x540/contact-sheet.jpg
20260427T022749Z	map-labels	/Users/dennisonbertram/Develop/flipbook-research/fixtures/track-d/pages/trackd-0004-map_labels.png	960x540	121	24	3.0	1.5	18	0	20260427T023106Z-track-b-hybrid-sweep-map-labels-f121-p3x1-5-crf18-r0-960x540	pass	103.04329195059836	3.635082975961268	2.6699170703068376	0.0	96.71079192776233	1174.2637265316655	0.9997659202961376	0.008532475680112839	0.00026306434301659465	-1.0	/Users/dennisonbertram/Develop/flipbook-research/outputs/track-b/20260427T023106Z-track-b-hybrid-sweep-map-labels-f121-p3x1-5-crf18-r0-960x540/output.mp4	/Users/dennisonbertram/Develop/flipbook-research/outputs/track-b/20260427T023106Z-track-b-hybrid-sweep-map-labels-f121-p3x1-5-crf18-r0-960x540/contact-sheet.jpg
20260427T022749Z	map-labels	/Users/dennisonbertram/Develop/flipbook-research/fixtures/track-d/pages/trackd-0004-map_labels.png	960x540	121	24	3.0	1.5	18	1	20260427T023107Z-track-b-hybrid-sweep-map-labels-f121-p3x1-5-crf18-r1-960x540	pass	102.4045420344919	3.5969169111922383	2.620832994580269	0.0	96.16108296904713	1181.5882147028672	0.9997659202961376	0.008532475680112839	0.00026306434301659465	-1.0	/Users/dennisonbertram/Develop/flipbook-research/outputs/track-b/20260427T023107Z-track-b-hybrid-sweep-map-labels-f121-p3x1-5-crf18-r1-960x540/output.mp4	/Users/dennisonbertram/Develop/flipbook-research/outputs/track-b/20260427T023107Z-track-b-hybrid-sweep-map-labels-f121-p3x1-5-crf18-r1-960x540/contact-sheet.jpg
20260427T022749Z	map-labels	/Users/dennisonbertram/Develop/flipbook-research/fixtures/track-d/pages/trackd-0004-map_labels.png	960x540	121	24	3.0	1.5	23	0	20260427T023107Z-track-b-hybrid-sweep-map-labels-f121-p3x1-5-crf23-r0-960x540	pass	100.71429191157222	4.147458006627858	2.9162090504541993	0.0	93.62595796119422	1201.4183657890258	0.9997656463893824	0.008703249506652355	0.00044858994078822434	-1.0	/Users/dennisonbertram/Develop/flipbook-research/outputs/track-b/20260427T023107Z-track-b-hybrid-sweep-map-labels-f121-p3x1-5-crf23-r0-960x540/output.mp4	/Users/dennisonbertram/Develop/flipbook-research/outputs/track-b/20260427T023107Z-track-b-hybrid-sweep-map-labels-f121-p3x1-5-crf23-r0-960x540/contact-sheet.jpg
20260427T022749Z	map-labels	/Users/dennisonbertram/Develop/flipbook-research/fixtures/track-d/pages/trackd-0004-map_labels.png	960x540	121	24	3.0	1.5	23	1	20260427T023108Z-track-b-hybrid-sweep-map-labels-f121-p3x1-5-crf23-r1-960x540	pass	107.23995801527053	3.7572920555248857	2.8584999963641167	0.0	100.59612500481308	1128.3107737021876	0.9997656463893824	0.008703249506652355	0.00044858994078822434	-1.0	/Users/dennisonbertram/Develop/flipbook-research/outputs/track-b/20260427T023108Z-track-b-hybrid-sweep-map-labels-f121-p3x1-5-crf23-r1-960x540/output.mp4	/Users/dennisonbertram/Develop/flipbook-research/outputs/track-b/20260427T023108Z-track-b-hybrid-sweep-map-labels-f121-p3x1-5-crf23-r1-960x540/contact-sheet.jpg
20260427T022749Z	map-labels	/Users/dennisonbertram/Develop/flipbook-research/fixtures/track-d/pages/trackd-0004-map_labels.png	960x540	121	24	3.0	1.5	28	0	20260427T023108Z-track-b-hybrid-sweep-map-labels-f121-p3x1-5-crf28-r0-960x540	pass	101.5237079700455	3.7656250642612576	3.006707993336022	0.0	94.71333399415016	1191.8398413472148	0.9997645803891465	0.008592614904046059	0.0006689134170301259	-1.0	/Users/dennisonbertram/Develop/flipbook-research/outputs/track-b/20260427T023108Z-track-b-hybrid-sweep-map-labels-f121-p3x1-5-crf28-r0-960x540/output.mp4	/Users/dennisonbertram/Develop/flipbook-research/outputs/track-b/20260427T023108Z-track-b-hybrid-sweep-map-labels-f121-p3x1-5-crf28-r0-960x540/contact-sheet.jpg
20260427T022749Z	map-labels	/Users/dennisonbertram/Develop/flipbook-research/fixtures/track-d/pages/trackd-0004-map_labels.png	960x540	121	24	3.0	1.5	28	1	20260427T023108Z-track-b-hybrid-sweep-map-labels-f121-p3x1-5-crf28-r1-960x540	pass	119.41570800263435	3.638208960182965	2.6753749698400497	0.0	113.07729198597372	1013.267031815703	0.9997645803891465	0.008592614904046059	0.0006689134170301259	-1.0	/Users/dennisonbertram/Develop/flipbook-research/outputs/track-b/20260427T023108Z-track-b-hybrid-sweep-map-labels-f121-p3x1-5-crf28-r1-960x540/output.mp4	/Users/dennisonbertram/Develop/flipbook-research/outputs/track-b/20260427T023108Z-track-b-hybrid-sweep-map-labels-f121-p3x1-5-crf28-r1-960x540/contact-sheet.jpg
20260427T022749Z	illustration	/Users/dennisonbertram/Develop/flipbook-research/fixtures/track-d/pages/trackd-0005-illustration.png	960x540	33	24	1.0	0.5	18	0	20260427T023109Z-track-b-hybrid-sweep-illustration-f33-p1x0-5-crf18-r0-960x540	quality_fail	57.23120807670057	3.855166956782341	2.904416061937809	0.0	50.434584030881524	576.6084817880098	0.9999483131988834	0.003158473875373602	0.0001520515652373433	-1.0	/Users/dennisonbertram/Develop/flipbook-research/outputs/track-b/20260427T023109Z-track-b-hybrid-sweep-illustration-f33-p1x0-5-crf18-r0-960x540/output.mp4	/Users/dennisonbertram/Develop/flipbook-research/outputs/track-b/20260427T023109Z-track-b-hybrid-sweep-illustration-f33-p1x0-5-crf18-r0-960x540/contact-sheet.jpg
20260427T022749Z	illustration	/Users/dennisonbertram/Develop/flipbook-research/fixtures/track-d/pages/trackd-0005-illustration.png	960x540	33	24	1.0	0.5	18	1	20260427T023109Z-track-b-hybrid-sweep-illustration-f33-p1x0-5-crf18-r1-960x540	quality_fail	57.1929580764845	3.3720830688253045	2.5904589565470815	0.0	51.20237497612834	576.994110985987	0.9999483131988834	0.003158473875373602	0.0001520515652373433	-1.0	/Users/dennisonbertram/Develop/flipbook-research/outputs/track-b/20260427T023109Z-track-b-hybrid-sweep-illustration-f33-p1x0-5-crf18-r1-960x540/output.mp4	/Users/dennisonbertram/Develop/flipbook-research/outputs/track-b/20260427T023109Z-track-b-hybrid-sweep-illustration-f33-p1x0-5-crf18-r1-960x540/contact-sheet.jpg
20260427T022749Z	illustration	/Users/dennisonbertram/Develop/flipbook-research/fixtures/track-d/pages/trackd-0005-illustration.png	960x540	33	24	1.0	0.5	23	0	20260427T023110Z-track-b-hybrid-sweep-illustration-f33-p1x0-5-crf23-r0-960x540	quality_fail	57.843207963742316	3.7019170122221112	2.730957930907607	0.0	51.386917009949684	570.507777173861	0.999948076367699	0.0031684974674135447	0.0002759244234766811	-1.0	/Users/dennisonbertram/Develop/flipbook-research/outputs/track-b/20260427T023110Z-track-b-hybrid-sweep-illustration-f33-p1x0-5-crf23-r0-960x540/output.mp4	/Users/dennisonbertram/Develop/flipbook-research/outputs/track-b/20260427T023110Z-track-b-hybrid-sweep-illustration-f33-p1x0-5-crf23-r0-960x540/contact-sheet.jpg
20260427T022749Z	illustration	/Users/dennisonbertram/Develop/flipbook-research/fixtures/track-d/pages/trackd-0005-illustration.png	960x540	33	24	1.0	0.5	23	1	20260427T023110Z-track-b-hybrid-sweep-illustration-f33-p1x0-5-crf23-r1-960x540	quality_fail	54.36358298175037	3.327582962810993	2.6160000124946237	0.0	48.39570797048509	607.0240074330267	0.999948076367699	0.0031684974674135447	0.0002759244234766811	-1.0	/Users/dennisonbertram/Develop/flipbook-research/outputs/track-b/20260427T023110Z-track-b-hybrid-sweep-illustration-f33-p1x0-5-crf23-r1-960x540/output.mp4	/Users/dennisonbertram/Develop/flipbook-research/outputs/track-b/20260427T023110Z-track-b-hybrid-sweep-illustration-f33-p1x0-5-crf23-r1-960x540/contact-sheet.jpg
20260427T022749Z	illustration	/Users/dennisonbertram/Develop/flipbook-research/fixtures/track-d/pages/trackd-0005-illustration.png	960x540	33	24	1.0	0.5	28	0	20260427T023110Z-track-b-hybrid-sweep-illustration-f33-p1x0-5-crf28-r0-960x540	quality_fail	57.79704207088798	3.794084070250392	2.873958903364837	0.0	51.08558409847319	570.9634752506115	0.9999477137025772	0.003209157846868038	0.0004094423202332109	-1.0	/Users/dennisonbertram/Develop/flipbook-research/outputs/track-b/20260427T023110Z-track-b-hybrid-sweep-illustration-f33-p1x0-5-crf28-r0-960x540/output.mp4	/Users/dennisonbertram/Develop/flipbook-research/outputs/track-b/20260427T023110Z-track-b-hybrid-sweep-illustration-f33-p1x0-5-crf28-r0-960x540/contact-sheet.jpg
20260427T022749Z	illustration	/Users/dennisonbertram/Develop/flipbook-research/fixtures/track-d/pages/trackd-0005-illustration.png	960x540	33	24	1.0	0.5	28	1	20260427T023111Z-track-b-hybrid-sweep-illustration-f33-p1x0-5-crf28-r1-960x540	quality_fail	55.24583300575614	3.9362499956041574	2.9010000871494412	0.0	48.379542073234916	597.3301189351545	0.9999477137025772	0.003209157846868038	0.0004094423202332109	-1.0	/Users/dennisonbertram/Develop/flipbook-research/outputs/track-b/20260427T023111Z-track-b-hybrid-sweep-illustration-f33-p1x0-5-crf28-r1-960x540/output.mp4	/Users/dennisonbertram/Develop/flipbook-research/outputs/track-b/20260427T023111Z-track-b-hybrid-sweep-illustration-f33-p1x0-5-crf28-r1-960x540/contact-sheet.jpg
20260427T022749Z	illustration	/Users/dennisonbertram/Develop/flipbook-research/fixtures/track-d/pages/trackd-0005-illustration.png	960x540	33	24	2.0	1.0	18	0	20260427T023111Z-track-b-hybrid-sweep-illustration-f33-p2x1-crf18-r0-960x540	pass	57.64620809350163	3.7541670026257634	3.850540961138904	0.0	49.99249998945743	572.4574276676499	0.9997729935971312	0.007598417345434427	0.00015356451331172138	-1.0	/Users/dennisonbertram/Develop/flipbook-research/outputs/track-b/20260427T023111Z-track-b-hybrid-sweep-illustration-f33-p2x1-crf18-r0-960x540/output.mp4	/Users/dennisonbertram/Develop/flipbook-research/outputs/track-b/20260427T023111Z-track-b-hybrid-sweep-illustration-f33-p2x1-crf18-r0-960x540/contact-sheet.jpg
20260427T022749Z	illustration	/Users/dennisonbertram/Develop/flipbook-research/fixtures/track-d/pages/trackd-0005-illustration.png	960x540	33	24	2.0	1.0	18	1	20260427T023111Z-track-b-hybrid-sweep-illustration-f33-p2x1-crf18-r1-960x540	pass	56.02150002960116	3.872124943882227	2.9657500563189387	0.0	49.14291691966355	589.0595571800676	0.9997729935971312	0.007598417345434427	0.00015356451331172138	-1.0	/Users/dennisonbertram/Develop/flipbook-research/outputs/track-b/20260427T023111Z-track-b-hybrid-sweep-illustration-f33-p2x1-crf18-r1-960x540/output.mp4	/Users/dennisonbertram/Develop/flipbook-research/outputs/track-b/20260427T023111Z-track-b-hybrid-sweep-illustration-f33-p2x1-crf18-r1-960x540/contact-sheet.jpg
20260427T022749Z	illustration	/Users/dennisonbertram/Develop/flipbook-research/fixtures/track-d/pages/trackd-0005-illustration.png	960x540	33	24	2.0	1.0	23	0	20260427T023112Z-track-b-hybrid-sweep-illustration-f33-p2x1-crf23-r0-960x540	pass	57.45345901232213	3.9111669175326824	2.9483340913429856	0.0	50.56487501133233	574.3779498623824	0.9997729691190473	0.0075874486938118935	0.0002687378728296608	-1.0	/Users/dennisonbertram/Develop/flipbook-research/outputs/track-b/20260427T023112Z-track-b-hybrid-sweep-illustration-f33-p2x1-crf23-r0-960x540/output.mp4	/Users/dennisonbertram/Develop/flipbook-research/outputs/track-b/20260427T023112Z-track-b-hybrid-sweep-illustration-f33-p2x1-crf23-r0-960x540/contact-sheet.jpg
20260427T022749Z	illustration	/Users/dennisonbertram/Develop/flipbook-research/fixtures/track-d/pages/trackd-0005-illustration.png	960x540	33	24	2.0	1.0	23	1	20260427T023112Z-track-b-hybrid-sweep-illustration-f33-p2x1-crf23-r1-960x540	pass	54.748416994698346	3.7471249233931303	3.1802080338820815	0.0	47.78795794118196	602.7571537492237	0.9997729691190473	0.0075874486938118935	0.0002687378728296608	-1.0	/Users/dennisonbertram/Develop/flipbook-research/outputs/track-b/20260427T023112Z-track-b-hybrid-sweep-illustration-f33-p2x1-crf23-r1-960x540/output.mp4	/Users/dennisonbertram/Develop/flipbook-research/outputs/track-b/20260427T023112Z-track-b-hybrid-sweep-illustration-f33-p2x1-crf23-r1-960x540/contact-sheet.jpg
20260427T022749Z	illustration	/Users/dennisonbertram/Develop/flipbook-research/fixtures/track-d/pages/trackd-0005-illustration.png	960x540	33	24	2.0	1.0	28	0	20260427T023112Z-track-b-hybrid-sweep-illustration-f33-p2x1-crf28-r0-960x540	pass	55.891625001095235	3.8097499636933208	2.658416982740164	0.0	49.39504200592637	590.4283512843533	0.9997727411913594	0.007560404483228922	0.0003986625524703413	-1.0	/Users/dennisonbertram/Develop/flipbook-research/outputs/track-b/20260427T023112Z-track-b-hybrid-sweep-illustration-f33-p2x1-crf28-r0-960x540/output.mp4	/Users/dennisonbertram/Develop/flipbook-research/outputs/track-b/20260427T023112Z-track-b-hybrid-sweep-illustration-f33-p2x1-crf28-r0-960x540/contact-sheet.jpg
20260427T022749Z	illustration	/Users/dennisonbertram/Develop/flipbook-research/fixtures/track-d/pages/trackd-0005-illustration.png	960x540	33	24	2.0	1.0	28	1	20260427T023113Z-track-b-hybrid-sweep-illustration-f33-p2x1-crf28-r1-960x540	pass	57.06262495368719	3.4970419947057962	2.577541978098452	0.0	50.96462497022003	578.3119866424521	0.9997727411913594	0.007560404483228922	0.0003986625524703413	-1.0	/Users/dennisonbertram/Develop/flipbook-research/outputs/track-b/20260427T023113Z-track-b-hybrid-sweep-illustration-f33-p2x1-crf28-r1-960x540/output.mp4	/Users/dennisonbertram/Develop/flipbook-research/outputs/track-b/20260427T023113Z-track-b-hybrid-sweep-illustration-f33-p2x1-crf28-r1-960x540/contact-sheet.jpg
20260427T022749Z	illustration	/Users/dennisonbertram/Develop/flipbook-research/fixtures/track-d/pages/trackd-0005-illustration.png	960x540	33	24	3.0	1.5	18	0	20260427T023113Z-track-b-hybrid-sweep-illustration-f33-p3x1-5-crf18-r0-960x540	pass	56.2739169690758	3.659375011920929	2.9731669928878546	0.0	49.612791975960135	586.41732755398	0.9994601173105568	0.012152967043220997	0.00016585724370088428	-1.0	/Users/dennisonbertram/Develop/flipbook-research/outputs/track-b/20260427T023113Z-track-b-hybrid-sweep-illustration-f33-p3x1-5-crf18-r0-960x540/output.mp4	/Users/dennisonbertram/Develop/flipbook-research/outputs/track-b/20260427T023113Z-track-b-hybrid-sweep-illustration-f33-p3x1-5-crf18-r0-960x540/contact-sheet.jpg
20260427T022749Z	illustration	/Users/dennisonbertram/Develop/flipbook-research/fixtures/track-d/pages/trackd-0005-illustration.png	960x540	33	24	3.0	1.5	18	1	20260427T023114Z-track-b-hybrid-sweep-illustration-f33-p3x1-5-crf18-r1-960x540	pass	58.79616609308869	3.7447080248966813	2.8201250825077295	0.0	52.20308399293572	561.261085420994	0.9994601173105568	0.012152967043220997	0.00016585724370088428	-1.0	/Users/dennisonbertram/Develop/flipbook-research/outputs/track-b/20260427T023114Z-track-b-hybrid-sweep-illustration-f33-p3x1-5-crf18-r1-960x540/output.mp4	/Users/dennisonbertram/Develop/flipbook-research/outputs/track-b/20260427T023114Z-track-b-hybrid-sweep-illustration-f33-p3x1-5-crf18-r1-960x540/contact-sheet.jpg
20260427T022749Z	illustration	/Users/dennisonbertram/Develop/flipbook-research/fixtures/track-d/pages/trackd-0005-illustration.png	960x540	33	24	3.0	1.5	23	0	20260427T023114Z-track-b-hybrid-sweep-illustration-f33-p3x1-5-crf23-r0-960x540	pass	55.299666011705995	3.732500015757978	2.8741670539602637	0.0	48.66058402694762	596.7486312306925	0.9994608446185319	0.012108524329960346	0.0002919995167758316	-1.0	/Users/dennisonbertram/Develop/flipbook-research/outputs/track-b/20260427T023114Z-track-b-hybrid-sweep-illustration-f33-p3x1-5-crf23-r0-960x540/output.mp4	/Users/dennisonbertram/Develop/flipbook-research/outputs/track-b/20260427T023114Z-track-b-hybrid-sweep-illustration-f33-p3x1-5-crf23-r0-960x540/contact-sheet.jpg
20260427T022749Z	illustration	/Users/dennisonbertram/Develop/flipbook-research/fixtures/track-d/pages/trackd-0005-illustration.png	960x540	33	24	3.0	1.5	23	1	20260427T023114Z-track-b-hybrid-sweep-illustration-f33-p3x1-5-crf23-r1-960x540	pass	53.647292079404	3.4381250152364373	2.5618330109864473	0.0	47.61016694828868	615.1289043845178	0.9994608446185319	0.012108524329960346	0.0002919995167758316	-1.0	/Users/dennisonbertram/Develop/flipbook-research/outputs/track-b/20260427T023114Z-track-b-hybrid-sweep-illustration-f33-p3x1-5-crf23-r1-960x540/output.mp4	/Users/dennisonbertram/Develop/flipbook-research/outputs/track-b/20260427T023114Z-track-b-hybrid-sweep-illustration-f33-p3x1-5-crf23-r1-960x540/contact-sheet.jpg
20260427T022749Z	illustration	/Users/dennisonbertram/Develop/flipbook-research/fixtures/track-d/pages/trackd-0005-illustration.png	960x540	33	24	3.0	1.5	28	0	20260427T023115Z-track-b-hybrid-sweep-illustration-f33-p3x1-5-crf28-r0-960x540	pass	54.96666696853936	3.677375032566488	2.60683405213058	0.0	48.65508305374533	600.3638535858074	0.9994613689757853	0.012103796005249023	0.00042211328400298953	-1.0	/Users/dennisonbertram/Develop/flipbook-research/outputs/track-b/20260427T023115Z-track-b-hybrid-sweep-illustration-f33-p3x1-5-crf28-r0-960x540/output.mp4	/Users/dennisonbertram/Develop/flipbook-research/outputs/track-b/20260427T023115Z-track-b-hybrid-sweep-illustration-f33-p3x1-5-crf28-r0-960x540/contact-sheet.jpg
20260427T022749Z	illustration	/Users/dennisonbertram/Develop/flipbook-research/fixtures/track-d/pages/trackd-0005-illustration.png	960x540	33	24	3.0	1.5	28	1	20260427T023115Z-track-b-hybrid-sweep-illustration-f33-p3x1-5-crf28-r1-960x540	pass	58.63404099363834	3.745374968275428	2.6629160856828094	0.0	52.199333906173706	562.8129912379811	0.9994613689757853	0.012103796005249023	0.00042211328400298953	-1.0	/Users/dennisonbertram/Develop/flipbook-research/outputs/track-b/20260427T023115Z-track-b-hybrid-sweep-illustration-f33-p3x1-5-crf28-r1-960x540/output.mp4	/Users/dennisonbertram/Develop/flipbook-research/outputs/track-b/20260427T023115Z-track-b-hybrid-sweep-illustration-f33-p3x1-5-crf28-r1-960x540/contact-sheet.jpg
20260427T022749Z	illustration	/Users/dennisonbertram/Develop/flipbook-research/fixtures/track-d/pages/trackd-0005-illustration.png	960x540	65	24	1.0	0.5	18	0	20260427T023115Z-track-b-hybrid-sweep-illustration-f65-p1x0-5-crf18-r0-960x540	quality_fail	72.01424997765571	3.9265420055016875	2.747958991676569	0.0	65.31058298423886	902.5991386450312	0.9999483525059428	0.00315544824115932	0.0001511059672338888	-1.0	/Users/dennisonbertram/Develop/flipbook-research/outputs/track-b/20260427T023115Z-track-b-hybrid-sweep-illustration-f65-p1x0-5-crf18-r0-960x540/output.mp4	/Users/dennisonbertram/Develop/flipbook-research/outputs/track-b/20260427T023115Z-track-b-hybrid-sweep-illustration-f65-p1x0-5-crf18-r0-960x540/contact-sheet.jpg
20260427T022749Z	illustration	/Users/dennisonbertram/Develop/flipbook-research/fixtures/track-d/pages/trackd-0005-illustration.png	960x540	65	24	1.0	0.5	18	1	20260427T023116Z-track-b-hybrid-sweep-illustration-f65-p1x0-5-crf18-r1-960x540	quality_fail	88.83100003004074	4.103375016711652	3.09279200155288	0.0	81.6042919177562	731.7265366597065	0.9999483525059428	0.00315544824115932	0.0001511059672338888	-1.0	/Users/dennisonbertram/Develop/flipbook-research/outputs/track-b/20260427T023116Z-track-b-hybrid-sweep-illustration-f65-p1x0-5-crf18-r1-960x540/output.mp4	/Users/dennisonbertram/Develop/flipbook-research/outputs/track-b/20260427T023116Z-track-b-hybrid-sweep-illustration-f65-p1x0-5-crf18-r1-960x540/contact-sheet.jpg
20260427T022749Z	illustration	/Users/dennisonbertram/Develop/flipbook-research/fixtures/track-d/pages/trackd-0005-illustration.png	960x540	65	24	1.0	0.5	23	0	20260427T023116Z-track-b-hybrid-sweep-illustration-f65-p1x0-5-crf23-r0-960x540	quality_fail	69.02966706547886	3.1767500331625342	3.293583053164184	0.0	62.52716691233218	941.6241271791666	0.9999480140686615	0.0031601761002093554	0.00027932855300605297	-1.0	/Users/dennisonbertram/Develop/flipbook-research/outputs/track-b/20260427T023116Z-track-b-hybrid-sweep-illustration-f65-p1x0-5-crf23-r0-960x540/output.mp4	/Users/dennisonbertram/Develop/flipbook-research/outputs/track-b/20260427T023116Z-track-b-hybrid-sweep-illustration-f65-p1x0-5-crf23-r0-960x540/contact-sheet.jpg
20260427T022749Z	illustration	/Users/dennisonbertram/Develop/flipbook-research/fixtures/track-d/pages/trackd-0005-illustration.png	960x540	65	24	1.0	0.5	23	1	20260427T023117Z-track-b-hybrid-sweep-illustration-f65-p1x0-5-crf23-r1-960x540	quality_fail	78.36241705808789	3.4033330157399178	3.125959075987339	0.0	71.79704192094505	829.4792636605033	0.9999480140686615	0.0031601761002093554	0.00027932855300605297	-1.0	/Users/dennisonbertram/Develop/flipbook-research/outputs/track-b/20260427T023117Z-track-b-hybrid-sweep-illustration-f65-p1x0-5-crf23-r1-960x540/output.mp4	/Users/dennisonbertram/Develop/flipbook-research/outputs/track-b/20260427T023117Z-track-b-hybrid-sweep-illustration-f65-p1x0-5-crf23-r1-960x540/contact-sheet.jpg
20260427T022749Z	illustration	/Users/dennisonbertram/Develop/flipbook-research/fixtures/track-d/pages/trackd-0005-illustration.png	960x540	65	24	1.0	0.5	28	0	20260427T023117Z-track-b-hybrid-sweep-illustration-f65-p1x0-5-crf28-r0-960x540	quality_fail	69.50537499506027	3.6178750451654196	2.5891660479828715	0.0	63.27145895920694	935.1794735963879	0.9999477653703246	0.0031991347204893827	0.0004404578066896647	-1.0	/Users/dennisonbertram/Develop/flipbook-research/outputs/track-b/20260427T023117Z-track-b-hybrid-sweep-illustration-f65-p1x0-5-crf28-r0-960x540/output.mp4	/Users/dennisonbertram/Develop/flipbook-research/outputs/track-b/20260427T023117Z-track-b-hybrid-sweep-illustration-f65-p1x0-5-crf28-r0-960x540/contact-sheet.jpg
20260427T022749Z	illustration	/Users/dennisonbertram/Develop/flipbook-research/fixtures/track-d/pages/trackd-0005-illustration.png	960x540	65	24	1.0	0.5	28	1	20260427T023117Z-track-b-hybrid-sweep-illustration-f65-p1x0-5-crf28-r1-960x540	quality_fail	69.9582080123946	4.041542066261172	2.731541986577213	0.0	63.1580000044778	929.1261432609001	0.9999477653703246	0.0031991347204893827	0.0004404578066896647	-1.0	/Users/dennisonbertram/Develop/flipbook-research/outputs/track-b/20260427T023117Z-track-b-hybrid-sweep-illustration-f65-p1x0-5-crf28-r1-960x540/output.mp4	/Users/dennisonbertram/Develop/flipbook-research/outputs/track-b/20260427T023117Z-track-b-hybrid-sweep-illustration-f65-p1x0-5-crf28-r1-960x540/contact-sheet.jpg
20260427T022749Z	illustration	/Users/dennisonbertram/Develop/flipbook-research/fixtures/track-d/pages/trackd-0005-illustration.png	960x540	65	24	2.0	1.0	18	0	20260427T023118Z-track-b-hybrid-sweep-illustration-f65-p2x1-crf18-r0-960x540	pass	70.07975003216416	3.7784590385854244	2.9779589967802167	0.0	63.29258298501372	927.5147238705514	0.9997729159723745	0.007602956146001816	0.00015734687622170895	-1.0	/Users/dennisonbertram/Develop/flipbook-research/outputs/track-b/20260427T023118Z-track-b-hybrid-sweep-illustration-f65-p2x1-crf18-r0-960x540/output.mp4	/Users/dennisonbertram/Develop/flipbook-research/outputs/track-b/20260427T023118Z-track-b-hybrid-sweep-illustration-f65-p2x1-crf18-r0-960x540/contact-sheet.jpg
20260427T022749Z	illustration	/Users/dennisonbertram/Develop/flipbook-research/fixtures/track-d/pages/trackd-0005-illustration.png	960x540	65	24	2.0	1.0	18	1	20260427T023118Z-track-b-hybrid-sweep-illustration-f65-p2x1-crf18-r1-960x540	pass	70.80091605894268	3.7389170611277223	3.1782080186530948	0.0	63.85262496769428	918.0672174620829	0.9997729159723745	0.007602956146001816	0.00015734687622170895	-1.0	/Users/dennisonbertram/Develop/flipbook-research/outputs/track-b/20260427T023118Z-track-b-hybrid-sweep-illustration-f65-p2x1-crf18-r1-960x540/output.mp4	/Users/dennisonbertram/Develop/flipbook-research/outputs/track-b/20260427T023118Z-track-b-hybrid-sweep-illustration-f65-p2x1-crf18-r1-960x540/contact-sheet.jpg
20260427T022749Z	illustration	/Users/dennisonbertram/Develop/flipbook-research/fixtures/track-d/pages/trackd-0005-illustration.png	960x540	65	24	2.0	1.0	23	0	20260427T023118Z-track-b-hybrid-sweep-illustration-f65-p2x1-crf23-r0-960x540	pass	71.82558393105865	3.979208064265549	2.736792084760964	0.0	65.0812080129981	904.9700182373715	0.9997730116290068	0.007601065095514059	0.0002657119766809046	-1.0	/Users/dennisonbertram/Develop/flipbook-research/outputs/track-b/20260427T023118Z-track-b-hybrid-sweep-illustration-f65-p2x1-crf23-r0-960x540/output.mp4	/Users/dennisonbertram/Develop/flipbook-research/outputs/track-b/20260427T023118Z-track-b-hybrid-sweep-illustration-f65-p2x1-crf23-r0-960x540/contact-sheet.jpg
20260427T022749Z	illustration	/Users/dennisonbertram/Develop/flipbook-research/fixtures/track-d/pages/trackd-0005-illustration.png	960x540	65	24	2.0	1.0	23	1	20260427T023119Z-track-b-hybrid-sweep-illustration-f65-p2x1-crf23-r1-960x540	pass	71.97695795912296	3.7786250468343496	2.899833954870701	0.0	65.2632499113679	903.0667847467894	0.9997730116290068	0.007601065095514059	0.0002657119766809046	-1.0	/Users/dennisonbertram/Develop/flipbook-research/outputs/track-b/20260427T023119Z-track-b-hybrid-sweep-illustration-f65-p2x1-crf23-r1-960x540/output.mp4	/Users/dennisonbertram/Develop/flipbook-research/outputs/track-b/20260427T023119Z-track-b-hybrid-sweep-illustration-f65-p2x1-crf23-r1-960x540/contact-sheet.jpg
20260427T022749Z	illustration	/Users/dennisonbertram/Develop/flipbook-research/fixtures/track-d/pages/trackd-0005-illustration.png	960x540	65	24	2.0	1.0	28	0	20260427T023119Z-track-b-hybrid-sweep-illustration-f65-p2x1-crf28-r0-960x540	pass	68.97533405572176	3.8073749747127295	2.7364579727873206	0.0	62.407667050138116	942.365860054983	0.9997728929806257	0.007595013361424208	0.00041927650454454124	-1.0	/Users/dennisonbertram/Develop/flipbook-research/outputs/track-b/20260427T023119Z-track-b-hybrid-sweep-illustration-f65-p2x1-crf28-r0-960x540/output.mp4	/Users/dennisonbertram/Develop/flipbook-research/outputs/track-b/20260427T023119Z-track-b-hybrid-sweep-illustration-f65-p2x1-crf28-r0-960x540/contact-sheet.jpg
20260427T022749Z	illustration	/Users/dennisonbertram/Develop/flipbook-research/fixtures/track-d/pages/trackd-0005-illustration.png	960x540	65	24	2.0	1.0	28	1	20260427T023120Z-track-b-hybrid-sweep-illustration-f65-p2x1-crf28-r1-960x540	pass	73.14262504223734	3.8205409655347466	2.8519590850919485	0.0	66.44604203756899	888.6746949875636	0.9997728929806257	0.007595013361424208	0.00041927650454454124	-1.0	/Users/dennisonbertram/Develop/flipbook-research/outputs/track-b/20260427T023120Z-track-b-hybrid-sweep-illustration-f65-p2x1-crf28-r1-960x540/output.mp4	/Users/dennisonbertram/Develop/flipbook-research/outputs/track-b/20260427T023120Z-track-b-hybrid-sweep-illustration-f65-p2x1-crf28-r1-960x540/contact-sheet.jpg
20260427T022749Z	illustration	/Users/dennisonbertram/Develop/flipbook-research/fixtures/track-d/pages/trackd-0005-illustration.png	960x540	65	24	3.0	1.5	18	0	20260427T023120Z-track-b-hybrid-sweep-illustration-f65-p3x1-5-crf18-r0-960x540	pass	75.20958303939551	3.673915984109044	4.003291949629784	0.0	67.49670801218599	864.2515670636329	0.9994604438978724	0.012146726250648499	0.0001567795261507854	-1.0	/Users/dennisonbertram/Develop/flipbook-research/outputs/track-b/20260427T023120Z-track-b-hybrid-sweep-illustration-f65-p3x1-5-crf18-r0-960x540/output.mp4	/Users/dennisonbertram/Develop/flipbook-research/outputs/track-b/20260427T023120Z-track-b-hybrid-sweep-illustration-f65-p3x1-5-crf18-r0-960x540/contact-sheet.jpg
20260427T022749Z	illustration	/Users/dennisonbertram/Develop/flipbook-research/fixtures/track-d/pages/trackd-0005-illustration.png	960x540	65	24	3.0	1.5	18	1	20260427T023120Z-track-b-hybrid-sweep-illustration-f65-p3x1-5-crf18-r1-960x540	pass	72.9119589086622	3.6769999423995614	2.6650000363588333	0.0	66.54437503311783	891.4861289274422	0.9994604438978724	0.012146726250648499	0.0001567795261507854	-1.0	/Users/dennisonbertram/Develop/flipbook-research/outputs/track-b/20260427T023120Z-track-b-hybrid-sweep-illustration-f65-p3x1-5-crf18-r1-960x540/output.mp4	/Users/dennisonbertram/Develop/flipbook-research/outputs/track-b/20260427T023120Z-track-b-hybrid-sweep-illustration-f65-p3x1-5-crf18-r1-960x540/contact-sheet.jpg
20260427T022749Z	illustration	/Users/dennisonbertram/Develop/flipbook-research/fixtures/track-d/pages/trackd-0005-illustration.png	960x540	65	24	3.0	1.5	23	0	20260427T023121Z-track-b-hybrid-sweep-illustration-f65-p3x1-5-crf23-r0-960x540	pass	73.93129193224013	3.695082967169583	3.1782499281689525	0.0	67.02537497039884	879.1946995809856	0.9994604901191625	0.012147482484579086	0.0002969165798276663	-1.0	/Users/dennisonbertram/Develop/flipbook-research/outputs/track-b/20260427T023121Z-track-b-hybrid-sweep-illustration-f65-p3x1-5-crf23-r0-960x540/output.mp4	/Users/dennisonbertram/Develop/flipbook-research/outputs/track-b/20260427T023121Z-track-b-hybrid-sweep-illustration-f65-p3x1-5-crf23-r0-960x540/contact-sheet.jpg
20260427T022749Z	illustration	/Users/dennisonbertram/Develop/flipbook-research/fixtures/track-d/pages/trackd-0005-illustration.png	960x540	65	24	3.0	1.5	23	1	20260427T023121Z-track-b-hybrid-sweep-illustration-f65-p3x1-5-crf23-r1-960x540	pass	72.49779091216624	4.148292005993426	2.9200830031186342	0.0	65.3953329892829	896.5790430600832	0.9994604901191625	0.012147482484579086	0.0002969165798276663	-1.0	/Users/dennisonbertram/Develop/flipbook-research/outputs/track-b/20260427T023121Z-track-b-hybrid-sweep-illustration-f65-p3x1-5-crf23-r1-960x540/output.mp4	/Users/dennisonbertram/Develop/flipbook-research/outputs/track-b/20260427T023121Z-track-b-hybrid-sweep-illustration-f65-p3x1-5-crf23-r1-960x540/contact-sheet.jpg
20260427T022749Z	illustration	/Users/dennisonbertram/Develop/flipbook-research/fixtures/track-d/pages/trackd-0005-illustration.png	960x540	65	24	3.0	1.5	28	0	20260427T023122Z-track-b-hybrid-sweep-illustration-f65-p3x1-5-crf28-r0-960x540	pass	75.28291700873524	3.681458067148924	2.6197079569101334	0.0	68.95683309994638	863.4096895110735	0.9994594036301451	0.01217944361269474	0.0004588023293763399	-1.0	/Users/dennisonbertram/Develop/flipbook-research/outputs/track-b/20260427T023122Z-track-b-hybrid-sweep-illustration-f65-p3x1-5-crf28-r0-960x540/output.mp4	/Users/dennisonbertram/Develop/flipbook-research/outputs/track-b/20260427T023122Z-track-b-hybrid-sweep-illustration-f65-p3x1-5-crf28-r0-960x540/contact-sheet.jpg
20260427T022749Z	illustration	/Users/dennisonbertram/Develop/flipbook-research/fixtures/track-d/pages/trackd-0005-illustration.png	960x540	65	24	3.0	1.5	28	1	20260427T023122Z-track-b-hybrid-sweep-illustration-f65-p3x1-5-crf28-r1-960x540	pass	70.68333390634507	3.814916010014713	2.7540000155568123	0.0	64.08491695765406	919.5944278197821	0.9994594036301451	0.01217944361269474	0.0004588023293763399	-1.0	/Users/dennisonbertram/Develop/flipbook-research/outputs/track-b/20260427T023122Z-track-b-hybrid-sweep-illustration-f65-p3x1-5-crf28-r1-960x540/output.mp4	/Users/dennisonbertram/Develop/flipbook-research/outputs/track-b/20260427T023122Z-track-b-hybrid-sweep-illustration-f65-p3x1-5-crf28-r1-960x540/contact-sheet.jpg
20260427T022749Z	illustration	/Users/dennisonbertram/Develop/flipbook-research/fixtures/track-d/pages/trackd-0005-illustration.png	960x540	121	24	1.0	0.5	18	0	20260427T023122Z-track-b-hybrid-sweep-illustration-f121-p1x0-5-crf18-r0-960x540	quality_fail	98.74791698530316	3.506000037305057	3.4689169842749834	0.0	91.74262499436736	1225.3423028458276	0.9999483525059428	0.00315544824115932	0.0001511059672338888	-1.0	/Users/dennisonbertram/Develop/flipbook-research/outputs/track-b/20260427T023122Z-track-b-hybrid-sweep-illustration-f121-p1x0-5-crf18-r0-960x540/output.mp4	/Users/dennisonbertram/Develop/flipbook-research/outputs/track-b/20260427T023122Z-track-b-hybrid-sweep-illustration-f121-p1x0-5-crf18-r0-960x540/contact-sheet.jpg
20260427T022749Z	illustration	/Users/dennisonbertram/Develop/flipbook-research/fixtures/track-d/pages/trackd-0005-illustration.png	960x540	121	24	1.0	0.5	18	1	20260427T023123Z-track-b-hybrid-sweep-illustration-f121-p1x0-5-crf18-r1-960x540	quality_fail	102.18629194423556	3.9820841047912836	2.735625021159649	0.0	95.43750004377216	1184.1118578412782	0.9999483525059428	0.00315544824115932	0.0001511059672338888	-1.0	/Users/dennisonbertram/Develop/flipbook-research/outputs/track-b/20260427T023123Z-track-b-hybrid-sweep-illustration-f121-p1x0-5-crf18-r1-960x540/output.mp4	/Users/dennisonbertram/Develop/flipbook-research/outputs/track-b/20260427T023123Z-track-b-hybrid-sweep-illustration-f121-p1x0-5-crf18-r1-960x540/contact-sheet.jpg
20260427T022749Z	illustration	/Users/dennisonbertram/Develop/flipbook-research/fixtures/track-d/pages/trackd-0005-illustration.png	960x540	121	24	1.0	0.5	23	0	20260427T023123Z-track-b-hybrid-sweep-illustration-f121-p1x0-5-crf23-r0-960x540	quality_fail	98.86408294551075	3.679750021547079	2.6914579793810844	0.0	92.46624994557351	1223.9025174257627	0.9999480140686615	0.0031601761002093554	0.00027932855300605297	-1.0	/Users/dennisonbertram/Develop/flipbook-research/outputs/track-b/20260427T023123Z-track-b-hybrid-sweep-illustration-f121-p1x0-5-crf23-r0-960x540/output.mp4	/Users/dennisonbertram/Develop/flipbook-research/outputs/track-b/20260427T023123Z-track-b-hybrid-sweep-illustration-f121-p1x0-5-crf23-r0-960x540/contact-sheet.jpg
20260427T022749Z	illustration	/Users/dennisonbertram/Develop/flipbook-research/fixtures/track-d/pages/trackd-0005-illustration.png	960x540	121	24	1.0	0.5	23	1	20260427T023124Z-track-b-hybrid-sweep-illustration-f121-p1x0-5-crf23-r1-960x540	quality_fail	99.76641600951552	3.783457912504673	2.7440000558272004	0.0	93.20445789489895	1212.8329836811945	0.9999480140686615	0.0031601761002093554	0.00027932855300605297	-1.0	/Users/dennisonbertram/Develop/flipbook-research/outputs/track-b/20260427T023124Z-track-b-hybrid-sweep-illustration-f121-p1x0-5-crf23-r1-960x540/output.mp4	/Users/dennisonbertram/Develop/flipbook-research/outputs/track-b/20260427T023124Z-track-b-hybrid-sweep-illustration-f121-p1x0-5-crf23-r1-960x540/contact-sheet.jpg
20260427T022749Z	illustration	/Users/dennisonbertram/Develop/flipbook-research/fixtures/track-d/pages/trackd-0005-illustration.png	960x540	121	24	1.0	0.5	28	0	20260427T023124Z-track-b-hybrid-sweep-illustration-f121-p1x0-5-crf28-r0-960x540	quality_fail	99.97391700744629	3.6370829911902547	2.71762500051409	0.0	93.58608303591609	1210.3156865503993	0.9999477653703246	0.0031991347204893827	0.0004404578066896647	-1.0	/Users/dennisonbertram/Develop/flipbook-research/outputs/track-b/20260427T023124Z-track-b-hybrid-sweep-illustration-f121-p1x0-5-crf28-r0-960x540/output.mp4	/Users/dennisonbertram/Develop/flipbook-research/outputs/track-b/20260427T023124Z-track-b-hybrid-sweep-illustration-f121-p1x0-5-crf28-r0-960x540/contact-sheet.jpg
20260427T022749Z	illustration	/Users/dennisonbertram/Develop/flipbook-research/fixtures/track-d/pages/trackd-0005-illustration.png	960x540	121	24	1.0	0.5	28	1	20260427T023124Z-track-b-hybrid-sweep-illustration-f121-p1x0-5-crf28-r1-960x540	quality_fail	96.56354098115116	3.706375020556152	2.6765409857034683	0.0	90.14966699760407	1253.0609251748415	0.9999477653703246	0.0031991347204893827	0.0004404578066896647	-1.0	/Users/dennisonbertram/Develop/flipbook-research/outputs/track-b/20260427T023124Z-track-b-hybrid-sweep-illustration-f121-p1x0-5-crf28-r1-960x540/output.mp4	/Users/dennisonbertram/Develop/flipbook-research/outputs/track-b/20260427T023124Z-track-b-hybrid-sweep-illustration-f121-p1x0-5-crf28-r1-960x540/contact-sheet.jpg
20260427T022749Z	illustration	/Users/dennisonbertram/Develop/flipbook-research/fixtures/track-d/pages/trackd-0005-illustration.png	960x540	121	24	2.0	1.0	18	0	20260427T023125Z-track-b-hybrid-sweep-illustration-f121-p2x1-crf18-r0-960x540	pass	101.19191708508879	3.2416670583188534	2.5738750118762255	0.0	95.35366599448025	1195.7476791180395	0.9997729367380583	0.007603901904076338	0.00015753600746393204	-1.0	/Users/dennisonbertram/Develop/flipbook-research/outputs/track-b/20260427T023125Z-track-b-hybrid-sweep-illustration-f121-p2x1-crf18-r0-960x540/output.mp4	/Users/dennisonbertram/Develop/flipbook-research/outputs/track-b/20260427T023125Z-track-b-hybrid-sweep-illustration-f121-p2x1-crf18-r0-960x540/contact-sheet.jpg
20260427T022749Z	illustration	/Users/dennisonbertram/Develop/flipbook-research/fixtures/track-d/pages/trackd-0005-illustration.png	960x540	121	24	2.0	1.0	18	1	20260427T023125Z-track-b-hybrid-sweep-illustration-f121-p2x1-crf18-r1-960x540	pass	110.58633401989937	3.743249922990799	2.7069170027971268	0.0	104.10825000144541	1094.1677475105264	0.9997729367380583	0.007603901904076338	0.00015753600746393204	-1.0	/Users/dennisonbertram/Develop/flipbook-research/outputs/track-b/20260427T023125Z-track-b-hybrid-sweep-illustration-f121-p2x1-crf18-r1-960x540/output.mp4	/Users/dennisonbertram/Develop/flipbook-research/outputs/track-b/20260427T023125Z-track-b-hybrid-sweep-illustration-f121-p2x1-crf18-r1-960x540/contact-sheet.jpg
20260427T022749Z	illustration	/Users/dennisonbertram/Develop/flipbook-research/fixtures/track-d/pages/trackd-0005-illustration.png	960x540	121	24	2.0	1.0	23	0	20260427T023126Z-track-b-hybrid-sweep-illustration-f121-p2x1-crf23-r0-960x540	pass	130.97654201555997	4.22162504401058	2.7113750111311674	0.0	124.01687493547797	923.829550986506	0.999773161945153	0.0075967153534293175	0.0002677922893781215	-1.0	/Users/dennisonbertram/Develop/flipbook-research/outputs/track-b/20260427T023126Z-track-b-hybrid-sweep-illustration-f121-p2x1-crf23-r0-960x540/output.mp4	/Users/dennisonbertram/Develop/flipbook-research/outputs/track-b/20260427T023126Z-track-b-hybrid-sweep-illustration-f121-p2x1-crf23-r0-960x540/contact-sheet.jpg
20260427T022749Z	illustration	/Users/dennisonbertram/Develop/flipbook-research/fixtures/track-d/pages/trackd-0005-illustration.png	960x540	121	24	2.0	1.0	23	1	20260427T023126Z-track-b-hybrid-sweep-illustration-f121-p2x1-crf23-r1-960x540	pass	108.91475004609674	4.114334005862474	2.7924589812755585	0.0	101.98158398270607	1110.9606361745157	0.999773161945153	0.0075967153534293175	0.0002677922893781215	-1.0	/Users/dennisonbertram/Develop/flipbook-research/outputs/track-b/20260427T023126Z-track-b-hybrid-sweep-illustration-f121-p2x1-crf23-r1-960x540/output.mp4	/Users/dennisonbertram/Develop/flipbook-research/outputs/track-b/20260427T023126Z-track-b-hybrid-sweep-illustration-f121-p2x1-crf23-r1-960x540/contact-sheet.jpg
20260427T022749Z	illustration	/Users/dennisonbertram/Develop/flipbook-research/fixtures/track-d/pages/trackd-0005-illustration.png	960x540	121	24	2.0	1.0	28	0	20260427T023127Z-track-b-hybrid-sweep-illustration-f121-p2x1-crf28-r0-960x540	pass	102.82216698396951	3.950999933294952	3.140541957691312	0.0	95.70391697343439	1176.7890480159253	0.9997725466282171	0.00762262474745512	0.00044821170740760863	-1.0	/Users/dennisonbertram/Develop/flipbook-research/outputs/track-b/20260427T023127Z-track-b-hybrid-sweep-illustration-f121-p2x1-crf28-r0-960x540/output.mp4	/Users/dennisonbertram/Develop/flipbook-research/outputs/track-b/20260427T023127Z-track-b-hybrid-sweep-illustration-f121-p2x1-crf28-r0-960x540/contact-sheet.jpg
20260427T022749Z	illustration	/Users/dennisonbertram/Develop/flipbook-research/fixtures/track-d/pages/trackd-0005-illustration.png	960x540	121	24	2.0	1.0	28	1	20260427T023127Z-track-b-hybrid-sweep-illustration-f121-p2x1-crf28-r1-960x540	pass	106.21641611214727	4.224125063046813	3.142416011542082	0.0	98.82066701538861	1139.1836067246297	0.9997725466282171	0.00762262474745512	0.00044821170740760863	-1.0	/Users/dennisonbertram/Develop/flipbook-research/outputs/track-b/20260427T023127Z-track-b-hybrid-sweep-illustration-f121-p2x1-crf28-r1-960x540/output.mp4	/Users/dennisonbertram/Develop/flipbook-research/outputs/track-b/20260427T023127Z-track-b-hybrid-sweep-illustration-f121-p2x1-crf28-r1-960x540/contact-sheet.jpg
20260427T022749Z	illustration	/Users/dennisonbertram/Develop/flipbook-research/fixtures/track-d/pages/trackd-0005-illustration.png	960x540	121	24	3.0	1.5	18	0	20260427T023127Z-track-b-hybrid-sweep-illustration-f121-p3x1-5-crf18-r0-960x540	pass	99.84916599933058	3.3541671000421047	2.8163340175524354	0.0	93.64791703410447	1211.8278484250056	0.9994602669094306	0.012152210809290409	0.0001633986976230517	-1.0	/Users/dennisonbertram/Develop/flipbook-research/outputs/track-b/20260427T023127Z-track-b-hybrid-sweep-illustration-f121-p3x1-5-crf18-r0-960x540/output.mp4	/Users/dennisonbertram/Develop/flipbook-research/outputs/track-b/20260427T023127Z-track-b-hybrid-sweep-illustration-f121-p3x1-5-crf18-r0-960x540/contact-sheet.jpg
20260427T022749Z	illustration	/Users/dennisonbertram/Develop/flipbook-research/fixtures/track-d/pages/trackd-0005-illustration.png	960x540	121	24	3.0	1.5	18	1	20260427T023128Z-track-b-hybrid-sweep-illustration-f121-p3x1-5-crf18-r1-960x540	pass	112.43641702458262	3.994041937403381	2.7635840233415365	0.0	105.65258306451142	1076.1637839592938	0.9994602669094306	0.012152210809290409	0.0001633986976230517	-1.0	/Users/dennisonbertram/Develop/flipbook-research/outputs/track-b/20260427T023128Z-track-b-hybrid-sweep-illustration-f121-p3x1-5-crf18-r1-960x540/output.mp4	/Users/dennisonbertram/Develop/flipbook-research/outputs/track-b/20260427T023128Z-track-b-hybrid-sweep-illustration-f121-p3x1-5-crf18-r1-960x540/contact-sheet.jpg
20260427T022749Z	illustration	/Users/dennisonbertram/Develop/flipbook-research/fixtures/track-d/pages/trackd-0005-illustration.png	960x540	121	24	3.0	1.5	23	0	20260427T023128Z-track-b-hybrid-sweep-illustration-f121-p3x1-5-crf23-r0-960x540	pass	106.83000006247312	3.705624956637621	2.6993330102413893	0.0	100.40075005963445	1132.640643351497	0.9994602211786207	0.012140674516558647	0.00027535707340575755	-1.0	/Users/dennisonbertram/Develop/flipbook-research/outputs/track-b/20260427T023128Z-track-b-hybrid-sweep-illustration-f121-p3x1-5-crf23-r0-960x540/output.mp4	/Users/dennisonbertram/Develop/flipbook-research/outputs/track-b/20260427T023128Z-track-b-hybrid-sweep-illustration-f121-p3x1-5-crf23-r0-960x540/contact-sheet.jpg
20260427T022749Z	illustration	/Users/dennisonbertram/Develop/flipbook-research/fixtures/track-d/pages/trackd-0005-illustration.png	960x540	121	24	3.0	1.5	23	1	20260427T023129Z-track-b-hybrid-sweep-illustration-f121-p3x1-5-crf23-r1-960x540	pass	105.25179200340062	3.8653749506920576	2.7757500065490603	0.0	98.58429105952382	1149.6241317781132	0.9994602211786207	0.012140674516558647	0.00027535707340575755	-1.0	/Users/dennisonbertram/Develop/flipbook-research/outputs/track-b/20260427T023129Z-track-b-hybrid-sweep-illustration-f121-p3x1-5-crf23-r1-960x540/output.mp4	/Users/dennisonbertram/Develop/flipbook-research/outputs/track-b/20260427T023129Z-track-b-hybrid-sweep-illustration-f121-p3x1-5-crf23-r1-960x540/contact-sheet.jpg
20260427T022749Z	illustration	/Users/dennisonbertram/Develop/flipbook-research/fixtures/track-d/pages/trackd-0005-illustration.png	960x540	121	24	3.0	1.5	28	0	20260427T023129Z-track-b-hybrid-sweep-illustration-f121-p3x1-5-crf28-r0-960x540	pass	134.08141594845802	3.7172921001911163	2.8241670224815607	0.0	127.50120798591524	902.4367705552378	0.9994594585233264	0.012166772037744522	0.000423437129938975	-1.0	/Users/dennisonbertram/Develop/flipbook-research/outputs/track-b/20260427T023129Z-track-b-hybrid-sweep-illustration-f121-p3x1-5-crf28-r0-960x540/output.mp4	/Users/dennisonbertram/Develop/flipbook-research/outputs/track-b/20260427T023129Z-track-b-hybrid-sweep-illustration-f121-p3x1-5-crf28-r0-960x540/contact-sheet.jpg
20260427T022749Z	illustration	/Users/dennisonbertram/Develop/flipbook-research/fixtures/track-d/pages/trackd-0005-illustration.png	960x540	121	24	3.0	1.5	28	1	20260427T023130Z-track-b-hybrid-sweep-illustration-f121-p3x1-5-crf28-r1-960x540	pass	95.278957975097	3.835209063254297	3.161999979056418	0.0	88.24404201004654	1269.9551146605286	0.9994594585233264	0.012166772037744522	0.000423437129938975	-1.0	/Users/dennisonbertram/Develop/flipbook-research/outputs/track-b/20260427T023130Z-track-b-hybrid-sweep-illustration-f121-p3x1-5-crf28-r1-960x540/output.mp4	/Users/dennisonbertram/Develop/flipbook-research/outputs/track-b/20260427T023130Z-track-b-hybrid-sweep-illustration-f121-p3x1-5-crf28-r1-960x540/contact-sheet.jpg
20260427T022749Z	microtext	/Users/dennisonbertram/Develop/flipbook-research/fixtures/track-d/pages/trackd-0006-microtext.png	960x540	33	24	1.0	0.5	18	0	20260427T023130Z-track-b-hybrid-sweep-microtext-f33-p1x0-5-crf18-r0-960x540	quality_fail	60.1738749537617	3.699708031490445	2.7412920026108623	0.0	53.696874994784594	548.4107517649077	0.9999675533842708	0.0027138555888086557	0.0004553982289507985	-1.0	/Users/dennisonbertram/Develop/flipbook-research/outputs/track-b/20260427T023130Z-track-b-hybrid-sweep-microtext-f33-p1x0-5-crf18-r0-960x540/output.mp4	/Users/dennisonbertram/Develop/flipbook-research/outputs/track-b/20260427T023130Z-track-b-hybrid-sweep-microtext-f33-p1x0-5-crf18-r0-960x540/contact-sheet.jpg
20260427T022749Z	microtext	/Users/dennisonbertram/Develop/flipbook-research/fixtures/track-d/pages/trackd-0006-microtext.png	960x540	33	24	1.0	0.5	18	1	20260427T023131Z-track-b-hybrid-sweep-microtext-f33-p1x0-5-crf18-r1-960x540	quality_fail	58.26541711576283	3.516583004966378	3.556750016286969	0.0	51.15854204632342	566.3737021642697	0.9999675533842708	0.0027138555888086557	0.0004553982289507985	-1.0	/Users/dennisonbertram/Develop/flipbook-research/outputs/track-b/20260427T023131Z-track-b-hybrid-sweep-microtext-f33-p1x0-5-crf18-r1-960x540/output.mp4	/Users/dennisonbertram/Develop/flipbook-research/outputs/track-b/20260427T023131Z-track-b-hybrid-sweep-microtext-f33-p1x0-5-crf18-r1-960x540/contact-sheet.jpg
20260427T022749Z	microtext	/Users/dennisonbertram/Develop/flipbook-research/fixtures/track-d/pages/trackd-0006-microtext.png	960x540	33	24	1.0	0.5	23	0	20260427T023131Z-track-b-hybrid-sweep-microtext-f33-p1x0-5-crf23-r0-960x540	quality_fail	58.61116701271385	3.756999969482422	2.6675419649109244	0.0	52.15720890555531	563.0326383510106	0.999966833742707	0.002746573183685541	0.0006165274535305798	-1.0	/Users/dennisonbertram/Develop/flipbook-research/outputs/track-b/20260427T023131Z-track-b-hybrid-sweep-microtext-f33-p1x0-5-crf23-r0-960x540/output.mp4	/Users/dennisonbertram/Develop/flipbook-research/outputs/track-b/20260427T023131Z-track-b-hybrid-sweep-microtext-f33-p1x0-5-crf23-r0-960x540/contact-sheet.jpg
20260427T022749Z	microtext	/Users/dennisonbertram/Develop/flipbook-research/fixtures/track-d/pages/trackd-0006-microtext.png	960x540	33	24	1.0	0.5	23	1	20260427T023131Z-track-b-hybrid-sweep-microtext-f33-p1x0-5-crf23-r1-960x540	quality_fail	60.84799999371171	3.6837499355897307	2.7607909869402647	0.0	54.37620892189443	542.3349987412956	0.999966833742707	0.002746573183685541	0.0006165274535305798	-1.0	/Users/dennisonbertram/Develop/flipbook-research/outputs/track-b/20260427T023131Z-track-b-hybrid-sweep-microtext-f33-p1x0-5-crf23-r1-960x540/output.mp4	/Users/dennisonbertram/Develop/flipbook-research/outputs/track-b/20260427T023131Z-track-b-hybrid-sweep-microtext-f33-p1x0-5-crf23-r1-960x540/contact-sheet.jpg
20260427T022749Z	microtext	/Users/dennisonbertram/Develop/flipbook-research/fixtures/track-d/pages/trackd-0006-microtext.png	960x540	33	24	1.0	0.5	28	0	20260427T023132Z-track-b-hybrid-sweep-microtext-f33-p1x0-5-crf28-r0-960x540	quality_fail	58.65020805504173	3.9233750430867076	2.6907919673249125	0.0	52.010249928571284	562.657850574551	0.9999659610769313	0.0029894018080085516	0.0010573634644970298	-1.0	/Users/dennisonbertram/Develop/flipbook-research/outputs/track-b/20260427T023132Z-track-b-hybrid-sweep-microtext-f33-p1x0-5-crf28-r0-960x540/output.mp4	/Users/dennisonbertram/Develop/flipbook-research/outputs/track-b/20260427T023132Z-track-b-hybrid-sweep-microtext-f33-p1x0-5-crf28-r0-960x540/contact-sheet.jpg
20260427T022749Z	microtext	/Users/dennisonbertram/Develop/flipbook-research/fixtures/track-d/pages/trackd-0006-microtext.png	960x540	33	24	1.0	0.5	28	1	20260427T023132Z-track-b-hybrid-sweep-microtext-f33-p1x0-5-crf28-r1-960x540	quality_fail	58.95254202187061	3.3829999156296253	2.6525419671088457	0.0	52.89016698952764	559.7722993481339	0.9999659610769313	0.0029894018080085516	0.0010573634644970298	-1.0	/Users/dennisonbertram/Develop/flipbook-research/outputs/track-b/20260427T023132Z-track-b-hybrid-sweep-microtext-f33-p1x0-5-crf28-r1-960x540/output.mp4	/Users/dennisonbertram/Develop/flipbook-research/outputs/track-b/20260427T023132Z-track-b-hybrid-sweep-microtext-f33-p1x0-5-crf28-r1-960x540/contact-sheet.jpg
20260427T022749Z	microtext	/Users/dennisonbertram/Develop/flipbook-research/fixtures/track-d/pages/trackd-0006-microtext.png	960x540	33	24	2.0	1.0	18	0	20260427T023133Z-track-b-hybrid-sweep-microtext-f33-p2x1-crf18-r0-960x540	pass	60.23187504615635	3.7127500399947166	3.0206249793991446	0.0	53.47291601356119	547.8826613767501	0.9997919756825667	0.01104510948061943	0.00048754841554909945	-1.0	/Users/dennisonbertram/Develop/flipbook-research/outputs/track-b/20260427T023133Z-track-b-hybrid-sweep-microtext-f33-p2x1-crf18-r0-960x540/output.mp4	/Users/dennisonbertram/Develop/flipbook-research/outputs/track-b/20260427T023133Z-track-b-hybrid-sweep-microtext-f33-p2x1-crf18-r0-960x540/contact-sheet.jpg
20260427T022749Z	microtext	/Users/dennisonbertram/Develop/flipbook-research/fixtures/track-d/pages/trackd-0006-microtext.png	960x540	33	24	2.0	1.0	18	1	20260427T023133Z-track-b-hybrid-sweep-microtext-f33-p2x1-crf18-r1-960x540	pass	59.58620796445757	3.8911669980734587	2.7685000095516443	0.0	52.898833993822336	553.8194345188754	0.9997919756825667	0.01104510948061943	0.00048754841554909945	-1.0	/Users/dennisonbertram/Develop/flipbook-research/outputs/track-b/20260427T023133Z-track-b-hybrid-sweep-microtext-f33-p2x1-crf18-r1-960x540/output.mp4	/Users/dennisonbertram/Develop/flipbook-research/outputs/track-b/20260427T023133Z-track-b-hybrid-sweep-microtext-f33-p2x1-crf18-r1-960x540/contact-sheet.jpg
20260427T022749Z	microtext	/Users/dennisonbertram/Develop/flipbook-research/fixtures/track-d/pages/trackd-0006-microtext.png	960x540	33	24	2.0	1.0	23	0	20260427T023133Z-track-b-hybrid-sweep-microtext-f33-p2x1-crf23-r0-960x540	pass	58.56525001581758	3.854000009596348	2.664499916136265	0.0	52.0194589626044	563.4740736373054	0.999791584830704	0.01105985976755619	0.0006356284720823169	-1.0	/Users/dennisonbertram/Develop/flipbook-research/outputs/track-b/20260427T023133Z-track-b-hybrid-sweep-microtext-f33-p2x1-crf23-r0-960x540/output.mp4	/Users/dennisonbertram/Develop/flipbook-research/outputs/track-b/20260427T023133Z-track-b-hybrid-sweep-microtext-f33-p2x1-crf23-r0-960x540/contact-sheet.jpg
20260427T022749Z	microtext	/Users/dennisonbertram/Develop/flipbook-research/fixtures/track-d/pages/trackd-0006-microtext.png	960x540	33	24	2.0	1.0	23	1	20260427T023134Z-track-b-hybrid-sweep-microtext-f33-p2x1-crf23-r1-960x540	pass	58.27145907096565	3.9062920259311795	2.9540410032495856	0.0	51.38275003992021	566.3149769394154	0.999791584830704	0.01105985976755619	0.0006356284720823169	-1.0	/Users/dennisonbertram/Develop/flipbook-research/outputs/track-b/20260427T023134Z-track-b-hybrid-sweep-microtext-f33-p2x1-crf23-r1-960x540/output.mp4	/Users/dennisonbertram/Develop/flipbook-research/outputs/track-b/20260427T023134Z-track-b-hybrid-sweep-microtext-f33-p2x1-crf23-r1-960x540/contact-sheet.jpg
20260427T022749Z	microtext	/Users/dennisonbertram/Develop/flipbook-research/fixtures/track-d/pages/trackd-0006-microtext.png	960x540	33	24	2.0	1.0	28	0	20260427T023134Z-track-b-hybrid-sweep-microtext-f33-p2x1-crf28-r0-960x540	pass	63.006874988786876	4.091500071808696	2.739958930760622	0.0	56.150916032493114	523.752368386353	0.9997908555472889	0.0111880823969841	0.0011214747792109847	-1.0	/Users/dennisonbertram/Develop/flipbook-research/outputs/track-b/20260427T023134Z-track-b-hybrid-sweep-microtext-f33-p2x1-crf28-r0-960x540/output.mp4	/Users/dennisonbertram/Develop/flipbook-research/outputs/track-b/20260427T023134Z-track-b-hybrid-sweep-microtext-f33-p2x1-crf28-r0-960x540/contact-sheet.jpg
20260427T022749Z	microtext	/Users/dennisonbertram/Develop/flipbook-research/fixtures/track-d/pages/trackd-0006-microtext.png	960x540	33	24	2.0	1.0	28	1	20260427T023135Z-track-b-hybrid-sweep-microtext-f33-p2x1-crf28-r1-960x540	pass	58.583833975717425	3.6046250024810433	3.896250040270388	0.0	51.0272909887135	563.2953284293114	0.9997908555472889	0.0111880823969841	0.0011214747792109847	-1.0	/Users/dennisonbertram/Develop/flipbook-research/outputs/track-b/20260427T023135Z-track-b-hybrid-sweep-microtext-f33-p2x1-crf28-r1-960x540/output.mp4	/Users/dennisonbertram/Develop/flipbook-research/outputs/track-b/20260427T023135Z-track-b-hybrid-sweep-microtext-f33-p2x1-crf28-r1-960x540/contact-sheet.jpg
20260427T022749Z	microtext	/Users/dennisonbertram/Develop/flipbook-research/fixtures/track-d/pages/trackd-0006-microtext.png	960x540	33	24	3.0	1.5	18	0	20260427T023135Z-track-b-hybrid-sweep-microtext-f33-p3x1-5-crf18-r0-960x540	pass	62.46891699265689	4.478125018067658	2.840750035829842	0.0	55.12216710485518	528.26271990403	0.9993991246499053	0.019826654344797134	0.0005166726768948138	-1.0	/Users/dennisonbertram/Develop/flipbook-research/outputs/track-b/20260427T023135Z-track-b-hybrid-sweep-microtext-f33-p3x1-5-crf18-r0-960x540/output.mp4	/Users/dennisonbertram/Develop/flipbook-research/outputs/track-b/20260427T023135Z-track-b-hybrid-sweep-microtext-f33-p3x1-5-crf18-r0-960x540/contact-sheet.jpg
20260427T022749Z	microtext	/Users/dennisonbertram/Develop/flipbook-research/fixtures/track-d/pages/trackd-0006-microtext.png	960x540	33	24	3.0	1.5	18	1	20260427T023135Z-track-b-hybrid-sweep-microtext-f33-p3x1-5-crf18-r1-960x540	pass	59.733834001235664	3.689750097692013	2.670791931450367	0.0	53.34895895794034	552.4507266571463	0.9993991246499053	0.019826654344797134	0.0005166726768948138	-1.0	/Users/dennisonbertram/Develop/flipbook-research/outputs/track-b/20260427T023135Z-track-b-hybrid-sweep-microtext-f33-p3x1-5-crf18-r1-960x540/output.mp4	/Users/dennisonbertram/Develop/flipbook-research/outputs/track-b/20260427T023135Z-track-b-hybrid-sweep-microtext-f33-p3x1-5-crf18-r1-960x540/contact-sheet.jpg
20260427T022749Z	microtext	/Users/dennisonbertram/Develop/flipbook-research/fixtures/track-d/pages/trackd-0006-microtext.png	960x540	33	24	3.0	1.5	23	0	20260427T023136Z-track-b-hybrid-sweep-microtext-f33-p3x1-5-crf23-r0-960x540	pass	75.65320795401931	3.7794579984620214	2.9546249425038695	0.0	68.88654199428856	436.2009344013121	0.9993982581598521	0.01990891993045807	0.0007190298638306558	-1.0	/Users/dennisonbertram/Develop/flipbook-research/outputs/track-b/20260427T023136Z-track-b-hybrid-sweep-microtext-f33-p3x1-5-crf23-r0-960x540/output.mp4	/Users/dennisonbertram/Develop/flipbook-research/outputs/track-b/20260427T023136Z-track-b-hybrid-sweep-microtext-f33-p3x1-5-crf23-r0-960x540/contact-sheet.jpg
20260427T022749Z	microtext	/Users/dennisonbertram/Develop/flipbook-research/fixtures/track-d/pages/trackd-0006-microtext.png	960x540	33	24	3.0	1.5	23	1	20260427T023136Z-track-b-hybrid-sweep-microtext-f33-p3x1-5-crf23-r1-960x540	pass	70.1030840864405	4.215832916088402	9.211209020577371	0.0	56.640208000317216	470.73535251757824	0.9993982581598521	0.01990891993045807	0.0007190298638306558	-1.0	/Users/dennisonbertram/Develop/flipbook-research/outputs/track-b/20260427T023136Z-track-b-hybrid-sweep-microtext-f33-p3x1-5-crf23-r1-960x540/output.mp4	/Users/dennisonbertram/Develop/flipbook-research/outputs/track-b/20260427T023136Z-track-b-hybrid-sweep-microtext-f33-p3x1-5-crf23-r1-960x540/contact-sheet.jpg
20260427T022749Z	microtext	/Users/dennisonbertram/Develop/flipbook-research/fixtures/track-d/pages/trackd-0006-microtext.png	960x540	33	24	3.0	1.5	28	0	20260427T023137Z-track-b-hybrid-sweep-microtext-f33-p3x1-5-crf28-r0-960x540	pass	58.92395798582584	3.839957993477583	2.8119580820202827	0.0	52.24624997936189	560.0438451187911	0.9993960359578375	0.020074399188160896	0.001032778061926365	-1.0	/Users/dennisonbertram/Develop/flipbook-research/outputs/track-b/20260427T023137Z-track-b-hybrid-sweep-microtext-f33-p3x1-5-crf28-r0-960x540/output.mp4	/Users/dennisonbertram/Develop/flipbook-research/outputs/track-b/20260427T023137Z-track-b-hybrid-sweep-microtext-f33-p3x1-5-crf28-r0-960x540/contact-sheet.jpg
20260427T022749Z	microtext	/Users/dennisonbertram/Develop/flipbook-research/fixtures/track-d/pages/trackd-0006-microtext.png	960x540	33	24	3.0	1.5	28	1	20260427T023137Z-track-b-hybrid-sweep-microtext-f33-p3x1-5-crf28-r1-960x540	pass	60.66770805045962	4.379709018394351	2.8894159477204084	0.0	53.37049998342991	543.9467067480554	0.9993960359578375	0.020074399188160896	0.001032778061926365	-1.0	/Users/dennisonbertram/Develop/flipbook-research/outputs/track-b/20260427T023137Z-track-b-hybrid-sweep-microtext-f33-p3x1-5-crf28-r1-960x540/output.mp4	/Users/dennisonbertram/Develop/flipbook-research/outputs/track-b/20260427T023137Z-track-b-hybrid-sweep-microtext-f33-p3x1-5-crf28-r1-960x540/contact-sheet.jpg
20260427T022749Z	microtext	/Users/dennisonbertram/Develop/flipbook-research/fixtures/track-d/pages/trackd-0006-microtext.png	960x540	65	24	1.0	0.5	18	0	20260427T023137Z-track-b-hybrid-sweep-microtext-f65-p1x0-5-crf18-r0-960x540	quality_fail	79.28387506399304	3.8715420523658395	2.731541986577213	0.0	72.6563329808414	819.8388379419652	0.9999675222355542	0.002716503106057644	0.00045691116247326136	-1.0	/Users/dennisonbertram/Develop/flipbook-research/outputs/track-b/20260427T023137Z-track-b-hybrid-sweep-microtext-f65-p1x0-5-crf18-r0-960x540/output.mp4	/Users/dennisonbertram/Develop/flipbook-research/outputs/track-b/20260427T023137Z-track-b-hybrid-sweep-microtext-f65-p1x0-5-crf18-r0-960x540/contact-sheet.jpg
20260427T022749Z	microtext	/Users/dennisonbertram/Develop/flipbook-research/fixtures/track-d/pages/trackd-0006-microtext.png	960x540	65	24	1.0	0.5	18	1	20260427T023138Z-track-b-hybrid-sweep-microtext-f65-p1x0-5-crf18-r1-960x540	quality_fail	82.32158294413239	3.6034579388797283	3.3695000456646085	0.0	75.31995791941881	789.5863718280576	0.9999675222355542	0.002716503106057644	0.00045691116247326136	-1.0	/Users/dennisonbertram/Develop/flipbook-research/outputs/track-b/20260427T023138Z-track-b-hybrid-sweep-microtext-f65-p1x0-5-crf18-r1-960x540/output.mp4	/Users/dennisonbertram/Develop/flipbook-research/outputs/track-b/20260427T023138Z-track-b-hybrid-sweep-microtext-f65-p1x0-5-crf18-r1-960x540/contact-sheet.jpg
20260427T022749Z	microtext	/Users/dennisonbertram/Develop/flipbook-research/fixtures/track-d/pages/trackd-0006-microtext.png	960x540	65	24	1.0	0.5	23	0	20260427T023138Z-track-b-hybrid-sweep-microtext-f65-p1x0-5-crf23-r0-960x540	quality_fail	77.42129196412861	3.428416093811393	2.838041982613504	0.0	71.11779192928225	839.5623264736562	0.9999669113682277	0.002731065498664975	0.0006324134883470833	-1.0	/Users/dennisonbertram/Develop/flipbook-research/outputs/track-b/20260427T023138Z-track-b-hybrid-sweep-microtext-f65-p1x0-5-crf23-r0-960x540/output.mp4	/Users/dennisonbertram/Develop/flipbook-research/outputs/track-b/20260427T023138Z-track-b-hybrid-sweep-microtext-f65-p1x0-5-crf23-r0-960x540/contact-sheet.jpg
20260427T022749Z	microtext	/Users/dennisonbertram/Develop/flipbook-research/fixtures/track-d/pages/trackd-0006-microtext.png	960x540	65	24	1.0	0.5	23	1	20260427T023139Z-track-b-hybrid-sweep-microtext-f65-p1x0-5-crf23-r1-960x540	quality_fail	77.19512504991144	3.995249979197979	3.52508295327425	0.0	69.63308295235038	842.0220831039974	0.9999669113682277	0.002731065498664975	0.0006324134883470833	-1.0	/Users/dennisonbertram/Develop/flipbook-research/outputs/track-b/20260427T023139Z-track-b-hybrid-sweep-microtext-f65-p1x0-5-crf23-r1-960x540/output.mp4	/Users/dennisonbertram/Develop/flipbook-research/outputs/track-b/20260427T023139Z-track-b-hybrid-sweep-microtext-f65-p1x0-5-crf23-r1-960x540/contact-sheet.jpg
20260427T022749Z	microtext	/Users/dennisonbertram/Develop/flipbook-research/fixtures/track-d/pages/trackd-0006-microtext.png	960x540	65	24	1.0	0.5	28	0	20260427T023139Z-track-b-hybrid-sweep-microtext-f65-p1x0-5-crf28-r0-960x540	quality_fail	74.04179102741182	3.793666954152286	2.639499958604574	0.0	67.58362497203052	877.882599786594	0.9999660678748884	0.0030098266433924437	0.0010743841994553804	-1.0	/Users/dennisonbertram/Develop/flipbook-research/outputs/track-b/20260427T023139Z-track-b-hybrid-sweep-microtext-f65-p1x0-5-crf28-r0-960x540/output.mp4	/Users/dennisonbertram/Develop/flipbook-research/outputs/track-b/20260427T023139Z-track-b-hybrid-sweep-microtext-f65-p1x0-5-crf28-r0-960x540/contact-sheet.jpg
20260427T022749Z	microtext	/Users/dennisonbertram/Develop/flipbook-research/fixtures/track-d/pages/trackd-0006-microtext.png	960x540	65	24	1.0	0.5	28	1	20260427T023140Z-track-b-hybrid-sweep-microtext-f65-p1x0-5-crf28-r1-960x540	quality_fail	82.41224999073893	4.167542094364762	2.932625007815659	0.0	75.28441702015698	788.7176967902753	0.9999660678748884	0.0030098266433924437	0.0010743841994553804	-1.0	/Users/dennisonbertram/Develop/flipbook-research/outputs/track-b/20260427T023140Z-track-b-hybrid-sweep-microtext-f65-p1x0-5-crf28-r1-960x540/output.mp4	/Users/dennisonbertram/Develop/flipbook-research/outputs/track-b/20260427T023140Z-track-b-hybrid-sweep-microtext-f65-p1x0-5-crf28-r1-960x540/contact-sheet.jpg
20260427T022749Z	microtext	/Users/dennisonbertram/Develop/flipbook-research/fixtures/track-d/pages/trackd-0006-microtext.png	960x540	65	24	2.0	1.0	18	0	20260427T023140Z-track-b-hybrid-sweep-microtext-f65-p2x1-crf18-r0-960x540	pass	81.21279196348041	3.58487491030246	3.124999930150807	0.0	74.47087508626282	800.3665238996962	0.9997921030035268	0.01101541705429554	0.0005420146626420319	-1.0	/Users/dennisonbertram/Develop/flipbook-research/outputs/track-b/20260427T023140Z-track-b-hybrid-sweep-microtext-f65-p2x1-crf18-r0-960x540/output.mp4	/Users/dennisonbertram/Develop/flipbook-research/outputs/track-b/20260427T023140Z-track-b-hybrid-sweep-microtext-f65-p2x1-crf18-r0-960x540/contact-sheet.jpg
20260427T022749Z	microtext	/Users/dennisonbertram/Develop/flipbook-research/fixtures/track-d/pages/trackd-0006-microtext.png	960x540	65	24	2.0	1.0	18	1	20260427T023140Z-track-b-hybrid-sweep-microtext-f65-p2x1-crf18-r1-960x540	pass	83.07420799974352	3.9134579710662365	2.9916249914094806	0.0	76.1376250302419	782.4329784787196	0.9997921030035268	0.01101541705429554	0.0005420146626420319	-1.0	/Users/dennisonbertram/Develop/flipbook-research/outputs/track-b/20260427T023140Z-track-b-hybrid-sweep-microtext-f65-p2x1-crf18-r1-960x540/output.mp4	/Users/dennisonbertram/Develop/flipbook-research/outputs/track-b/20260427T023140Z-track-b-hybrid-sweep-microtext-f65-p2x1-crf18-r1-960x540/contact-sheet.jpg
20260427T022749Z	microtext	/Users/dennisonbertram/Develop/flipbook-research/fixtures/track-d/pages/trackd-0006-microtext.png	960x540	65	24	2.0	1.0	23	0	20260427T023141Z-track-b-hybrid-sweep-microtext-f65-p2x1-crf23-r0-960x540	pass	81.17516699712723	3.866249928250909	2.8144170064479113	0.0	74.46674990933388	800.7374965092506	0.9997925778958762	0.011019577272236347	0.0006772346096113324	-1.0	/Users/dennisonbertram/Develop/flipbook-research/outputs/track-b/20260427T023141Z-track-b-hybrid-sweep-microtext-f65-p2x1-crf23-r0-960x540/output.mp4	/Users/dennisonbertram/Develop/flipbook-research/outputs/track-b/20260427T023141Z-track-b-hybrid-sweep-microtext-f65-p2x1-crf23-r0-960x540/contact-sheet.jpg
20260427T022749Z	microtext	/Users/dennisonbertram/Develop/flipbook-research/fixtures/track-d/pages/trackd-0006-microtext.png	960x540	65	24	2.0	1.0	23	1	20260427T023141Z-track-b-hybrid-sweep-microtext-f65-p2x1-crf23-r1-960x540	pass	76.89008302986622	3.5386669915169477	2.7216250309720635	0.0	70.60424995142967	845.36259344072	0.9997925778958762	0.011019577272236347	0.0006772346096113324	-1.0	/Users/dennisonbertram/Develop/flipbook-research/outputs/track-b/20260427T023141Z-track-b-hybrid-sweep-microtext-f65-p2x1-crf23-r1-960x540/output.mp4	/Users/dennisonbertram/Develop/flipbook-research/outputs/track-b/20260427T023141Z-track-b-hybrid-sweep-microtext-f65-p2x1-crf23-r1-960x540/contact-sheet.jpg
20260427T022749Z	microtext	/Users/dennisonbertram/Develop/flipbook-research/fixtures/track-d/pages/trackd-0006-microtext.png	960x540	65	24	2.0	1.0	28	0	20260427T023142Z-track-b-hybrid-sweep-microtext-f65-p2x1-crf28-r0-960x540	pass	76.44341699779034	3.8340840255841613	2.7145419735461473	0.0	69.86774993129075	850.302126105625	0.9997908980855876	0.0112018883228302	0.001077410182915628	-1.0	/Users/dennisonbertram/Develop/flipbook-research/outputs/track-b/20260427T023142Z-track-b-hybrid-sweep-microtext-f65-p2x1-crf28-r0-960x540/output.mp4	/Users/dennisonbertram/Develop/flipbook-research/outputs/track-b/20260427T023142Z-track-b-hybrid-sweep-microtext-f65-p2x1-crf28-r0-960x540/contact-sheet.jpg
20260427T022749Z	microtext	/Users/dennisonbertram/Develop/flipbook-research/fixtures/track-d/pages/trackd-0006-microtext.png	960x540	65	24	2.0	1.0	28	1	20260427T023142Z-track-b-hybrid-sweep-microtext-f65-p2x1-crf28-r1-960x540	pass	75.73475001845509	3.9261250058189034	2.7647080132737756	0.0	69.00866702198982	858.2585931050246	0.9997908980855876	0.0112018883228302	0.001077410182915628	-1.0	/Users/dennisonbertram/Develop/flipbook-research/outputs/track-b/20260427T023142Z-track-b-hybrid-sweep-microtext-f65-p2x1-crf28-r1-960x540/output.mp4	/Users/dennisonbertram/Develop/flipbook-research/outputs/track-b/20260427T023142Z-track-b-hybrid-sweep-microtext-f65-p2x1-crf28-r1-960x540/contact-sheet.jpg
20260427T022749Z	microtext	/Users/dennisonbertram/Develop/flipbook-research/fixtures/track-d/pages/trackd-0006-microtext.png	960x540	65	24	3.0	1.5	18	0	20260427T023143Z-track-b-hybrid-sweep-microtext-f65-p3x1-5-crf18-r0-960x540	pass	80.308833043091	3.9338329806923866	2.7653329307213426	0.0	73.57720797881484	809.3754763579145	0.9993986764336708	0.019872231408953667	0.0005730300908908248	-1.0	/Users/dennisonbertram/Develop/flipbook-research/outputs/track-b/20260427T023143Z-track-b-hybrid-sweep-microtext-f65-p3x1-5-crf18-r0-960x540/output.mp4	/Users/dennisonbertram/Develop/flipbook-research/outputs/track-b/20260427T023143Z-track-b-hybrid-sweep-microtext-f65-p3x1-5-crf18-r0-960x540/contact-sheet.jpg
20260427T022749Z	microtext	/Users/dennisonbertram/Develop/flipbook-research/fixtures/track-d/pages/trackd-0006-microtext.png	960x540	65	24	3.0	1.5	18	1	20260427T023143Z-track-b-hybrid-sweep-microtext-f65-p3x1-5-crf18-r1-960x540	pass	80.469207954593	4.208792001008987	3.3953749807551503	0.0	72.83316692337394	807.7623932458496	0.9993986764336708	0.019872231408953667	0.0005730300908908248	-1.0	/Users/dennisonbertram/Develop/flipbook-research/outputs/track-b/20260427T023143Z-track-b-hybrid-sweep-microtext-f65-p3x1-5-crf18-r1-960x540/output.mp4	/Users/dennisonbertram/Develop/flipbook-research/outputs/track-b/20260427T023143Z-track-b-hybrid-sweep-microtext-f65-p3x1-5-crf18-r1-960x540/contact-sheet.jpg
20260427T022749Z	microtext	/Users/dennisonbertram/Develop/flipbook-research/fixtures/track-d/pages/trackd-0006-microtext.png	960x540	65	24	3.0	1.5	23	0	20260427T023143Z-track-b-hybrid-sweep-microtext-f65-p3x1-5-crf23-r0-960x540	pass	90.07595910225064	4.644499975256622	2.89424997754395	0.0	82.5080000795424	721.6131878897297	0.9993989357681866	0.019909678027033806	0.0007260272977873683	-1.0	/Users/dennisonbertram/Develop/flipbook-research/outputs/track-b/20260427T023143Z-track-b-hybrid-sweep-microtext-f65-p3x1-5-crf23-r0-960x540/output.mp4	/Users/dennisonbertram/Develop/flipbook-research/outputs/track-b/20260427T023143Z-track-b-hybrid-sweep-microtext-f65-p3x1-5-crf23-r0-960x540/contact-sheet.jpg
20260427T022749Z	microtext	/Users/dennisonbertram/Develop/flipbook-research/fixtures/track-d/pages/trackd-0006-microtext.png	960x540	65	24	3.0	1.5	23	1	20260427T023144Z-track-b-hybrid-sweep-microtext-f65-p3x1-5-crf23-r1-960x540	pass	77.10333296563476	3.8378339959308505	2.7846250450238585	0.0	70.44512499123812	843.0245165792086	0.9993989357681866	0.019909678027033806	0.0007260272977873683	-1.0	/Users/dennisonbertram/Develop/flipbook-research/outputs/track-b/20260427T023144Z-track-b-hybrid-sweep-microtext-f65-p3x1-5-crf23-r1-960x540/output.mp4	/Users/dennisonbertram/Develop/flipbook-research/outputs/track-b/20260427T023144Z-track-b-hybrid-sweep-microtext-f65-p3x1-5-crf23-r1-960x540/contact-sheet.jpg
20260427T022749Z	microtext	/Users/dennisonbertram/Develop/flipbook-research/fixtures/track-d/pages/trackd-0006-microtext.png	960x540	65	24	3.0	1.5	28	0	20260427T023144Z-track-b-hybrid-sweep-microtext-f65-p3x1-5-crf28-r0-960x540	pass	77.83520803786814	3.739916952326894	2.702792058698833	0.0	71.36604201514274	835.0976587404559	0.9993970292417816	0.020036954432725906	0.0010717365657910705	-1.0	/Users/dennisonbertram/Develop/flipbook-research/outputs/track-b/20260427T023144Z-track-b-hybrid-sweep-microtext-f65-p3x1-5-crf28-r0-960x540/output.mp4	/Users/dennisonbertram/Develop/flipbook-research/outputs/track-b/20260427T023144Z-track-b-hybrid-sweep-microtext-f65-p3x1-5-crf28-r0-960x540/contact-sheet.jpg
20260427T022749Z	microtext	/Users/dennisonbertram/Develop/flipbook-research/fixtures/track-d/pages/trackd-0006-microtext.png	960x540	65	24	3.0	1.5	28	1	20260427T023145Z-track-b-hybrid-sweep-microtext-f65-p3x1-5-crf28-r1-960x540	pass	74.76437499281019	3.7158330669626594	2.706291968934238	0.0	68.31062503624707	869.3980255469373	0.9993970292417816	0.020036954432725906	0.0010717365657910705	-1.0	/Users/dennisonbertram/Develop/flipbook-research/outputs/track-b/20260427T023145Z-track-b-hybrid-sweep-microtext-f65-p3x1-5-crf28-r1-960x540/output.mp4	/Users/dennisonbertram/Develop/flipbook-research/outputs/track-b/20260427T023145Z-track-b-hybrid-sweep-microtext-f65-p3x1-5-crf28-r1-960x540/contact-sheet.jpg
20260427T022749Z	microtext	/Users/dennisonbertram/Develop/flipbook-research/fixtures/track-d/pages/trackd-0006-microtext.png	960x540	121	24	1.0	0.5	18	0	20260427T023145Z-track-b-hybrid-sweep-microtext-f121-p1x0-5-crf18-r0-960x540	quality_fail	108.84304100181907	3.5397500032559037	2.7405829168856144	0.0	102.50283300410956	1111.6925702027909	0.9999675234721042	0.002716503106057644	0.0004571002791635692	-1.0	/Users/dennisonbertram/Develop/flipbook-research/outputs/track-b/20260427T023145Z-track-b-hybrid-sweep-microtext-f121-p1x0-5-crf18-r0-960x540/output.mp4	/Users/dennisonbertram/Develop/flipbook-research/outputs/track-b/20260427T023145Z-track-b-hybrid-sweep-microtext-f121-p1x0-5-crf18-r0-960x540/contact-sheet.jpg
20260427T022749Z	microtext	/Users/dennisonbertram/Develop/flipbook-research/fixtures/track-d/pages/trackd-0006-microtext.png	960x540	121	24	1.0	0.5	18	1	20260427T023146Z-track-b-hybrid-sweep-microtext-f121-p1x0-5-crf18-r1-960x540	quality_fail	123.04841598961502	3.9534580428153276	2.815708052366972	0.0	116.25449999701232	983.3527642502289	0.9999675234721042	0.002716503106057644	0.0004571002791635692	-1.0	/Users/dennisonbertram/Develop/flipbook-research/outputs/track-b/20260427T023146Z-track-b-hybrid-sweep-microtext-f121-p1x0-5-crf18-r1-960x540/output.mp4	/Users/dennisonbertram/Develop/flipbook-research/outputs/track-b/20260427T023146Z-track-b-hybrid-sweep-microtext-f121-p1x0-5-crf18-r1-960x540/contact-sheet.jpg
20260427T022749Z	microtext	/Users/dennisonbertram/Develop/flipbook-research/fixtures/track-d/pages/trackd-0006-microtext.png	960x540	121	24	1.0	0.5	23	0	20260427T023146Z-track-b-hybrid-sweep-microtext-f121-p1x0-5-crf23-r0-960x540	quality_fail	104.51441607438028	4.1729999938979745	2.997625037096441	0.0	97.31658303644508	1157.735023978772	0.9999669098869343	0.002731443615630269	0.0006324134883470833	-1.0	/Users/dennisonbertram/Develop/flipbook-research/outputs/track-b/20260427T023146Z-track-b-hybrid-sweep-microtext-f121-p1x0-5-crf23-r0-960x540/output.mp4	/Users/dennisonbertram/Develop/flipbook-research/outputs/track-b/20260427T023146Z-track-b-hybrid-sweep-microtext-f121-p1x0-5-crf23-r0-960x540/contact-sheet.jpg
20260427T022749Z	microtext	/Users/dennisonbertram/Develop/flipbook-research/fixtures/track-d/pages/trackd-0006-microtext.png	960x540	121	24	1.0	0.5	23	1	20260427T023147Z-track-b-hybrid-sweep-microtext-f121-p1x0-5-crf23-r1-960x540	quality_fail	110.27874995488673	3.6689171101897955	2.7093751123175025	0.0	103.87262492440641	1097.2195463722535	0.9999669098869343	0.002731443615630269	0.0006324134883470833	-1.0	/Users/dennisonbertram/Develop/flipbook-research/outputs/track-b/20260427T023147Z-track-b-hybrid-sweep-microtext-f121-p1x0-5-crf23-r1-960x540/output.mp4	/Users/dennisonbertram/Develop/flipbook-research/outputs/track-b/20260427T023147Z-track-b-hybrid-sweep-microtext-f121-p1x0-5-crf23-r1-960x540/contact-sheet.jpg
20260427T022749Z	microtext	/Users/dennisonbertram/Develop/flipbook-research/fixtures/track-d/pages/trackd-0006-microtext.png	960x540	121	24	1.0	0.5	28	0	20260427T023147Z-track-b-hybrid-sweep-microtext-f121-p1x0-5-crf28-r0-960x540	quality_fail	102.81433397904038	4.240959067828953	3.2224579481408	0.0	95.31429200433195	1176.878702775694	0.9999660678748884	0.0030098266433924437	0.0010743841994553804	-1.0	/Users/dennisonbertram/Develop/flipbook-research/outputs/track-b/20260427T023147Z-track-b-hybrid-sweep-microtext-f121-p1x0-5-crf28-r0-960x540/output.mp4	/Users/dennisonbertram/Develop/flipbook-research/outputs/track-b/20260427T023147Z-track-b-hybrid-sweep-microtext-f121-p1x0-5-crf28-r0-960x540/contact-sheet.jpg
20260427T022749Z	microtext	/Users/dennisonbertram/Develop/flipbook-research/fixtures/track-d/pages/trackd-0006-microtext.png	960x540	121	24	1.0	0.5	28	1	20260427T023148Z-track-b-hybrid-sweep-microtext-f121-p1x0-5-crf28-r1-960x540	quality_fail	102.08345903083682	3.850042005069554	3.3080000430345535	0.0	94.89504201337695	1185.3046629566986	0.9999660678748884	0.0030098266433924437	0.0010743841994553804	-1.0	/Users/dennisonbertram/Develop/flipbook-research/outputs/track-b/20260427T023148Z-track-b-hybrid-sweep-microtext-f121-p1x0-5-crf28-r1-960x540/output.mp4	/Users/dennisonbertram/Develop/flipbook-research/outputs/track-b/20260427T023148Z-track-b-hybrid-sweep-microtext-f121-p1x0-5-crf28-r1-960x540/contact-sheet.jpg
20260427T022749Z	microtext	/Users/dennisonbertram/Develop/flipbook-research/fixtures/track-d/pages/trackd-0006-microtext.png	960x540	121	24	2.0	1.0	18	0	20260427T023148Z-track-b-hybrid-sweep-microtext-f121-p2x1-crf18-r0-960x540	pass	108.30033395905048	3.6385420244187117	2.674084040336311	0.0	101.95854189805686	1117.2634060920939	0.9997921227684667	0.011026764288544655	0.0005446623545140028	-1.0	/Users/dennisonbertram/Develop/flipbook-research/outputs/track-b/20260427T023148Z-track-b-hybrid-sweep-microtext-f121-p2x1-crf18-r0-960x540/output.mp4	/Users/dennisonbertram/Develop/flipbook-research/outputs/track-b/20260427T023148Z-track-b-hybrid-sweep-microtext-f121-p2x1-crf18-r0-960x540/contact-sheet.jpg
20260427T022749Z	microtext	/Users/dennisonbertram/Develop/flipbook-research/fixtures/track-d/pages/trackd-0006-microtext.png	960x540	121	24	2.0	1.0	18	1	20260427T023148Z-track-b-hybrid-sweep-microtext-f121-p2x1-crf18-r1-960x540	pass	117.27245803922415	4.081167047843337	2.9945840360596776	0.0	110.16741709318012	1031.785314498389	0.9997921227684667	0.011026764288544655	0.0005446623545140028	-1.0	/Users/dennisonbertram/Develop/flipbook-research/outputs/track-b/20260427T023148Z-track-b-hybrid-sweep-microtext-f121-p2x1-crf18-r1-960x540/output.mp4	/Users/dennisonbertram/Develop/flipbook-research/outputs/track-b/20260427T023148Z-track-b-hybrid-sweep-microtext-f121-p2x1-crf18-r1-960x540/contact-sheet.jpg
20260427T022749Z	microtext	/Users/dennisonbertram/Develop/flipbook-research/fixtures/track-d/pages/trackd-0006-microtext.png	960x540	121	24	2.0	1.0	23	0	20260427T023149Z-track-b-hybrid-sweep-microtext-f121-p2x1-crf23-r0-960x540	pass	109.80329103767872	3.7550838897004724	2.7267090044915676	0.0	103.29404100775719	1101.9706135991785	0.9997922669079736	0.011036976240575314	0.0006821517017669976	-1.0	/Users/dennisonbertram/Develop/flipbook-research/outputs/track-b/20260427T023149Z-track-b-hybrid-sweep-microtext-f121-p2x1-crf23-r0-960x540/output.mp4	/Users/dennisonbertram/Develop/flipbook-research/outputs/track-b/20260427T023149Z-track-b-hybrid-sweep-microtext-f121-p2x1-crf23-r0-960x540/contact-sheet.jpg
20260427T022749Z	microtext	/Users/dennisonbertram/Develop/flipbook-research/fixtures/track-d/pages/trackd-0006-microtext.png	960x540	121	24	2.0	1.0	23	1	20260427T023149Z-track-b-hybrid-sweep-microtext-f121-p2x1-crf23-r1-960x540	pass	104.99370808247477	3.6848749732598662	2.7851250488311052	0.0	98.49770797882229	1152.450010670658	0.9997922669079736	0.011036976240575314	0.0006821517017669976	-1.0	/Users/dennisonbertram/Develop/flipbook-research/outputs/track-b/20260427T023149Z-track-b-hybrid-sweep-microtext-f121-p2x1-crf23-r1-960x540/output.mp4	/Users/dennisonbertram/Develop/flipbook-research/outputs/track-b/20260427T023149Z-track-b-hybrid-sweep-microtext-f121-p2x1-crf23-r1-960x540/contact-sheet.jpg
20260427T022749Z	microtext	/Users/dennisonbertram/Develop/flipbook-research/fixtures/track-d/pages/trackd-0006-microtext.png	960x540	121	24	2.0	1.0	28	0	20260427T023150Z-track-b-hybrid-sweep-microtext-f121-p2x1-crf28-r0-960x540	pass	101.52008302975446	3.6225829971954226	2.690624911338091	0.0	95.1811249833554	1191.8823979343692	0.9997901801630333	0.01125276181846857	0.0011441691312938929	-1.0	/Users/dennisonbertram/Develop/flipbook-research/outputs/track-b/20260427T023150Z-track-b-hybrid-sweep-microtext-f121-p2x1-crf28-r0-960x540/output.mp4	/Users/dennisonbertram/Develop/flipbook-research/outputs/track-b/20260427T023150Z-track-b-hybrid-sweep-microtext-f121-p2x1-crf28-r0-960x540/contact-sheet.jpg
20260427T022749Z	microtext	/Users/dennisonbertram/Develop/flipbook-research/fixtures/track-d/pages/trackd-0006-microtext.png	960x540	121	24	2.0	1.0	28	1	20260427T023150Z-track-b-hybrid-sweep-microtext-f121-p2x1-crf28-r1-960x540	pass	104.07395893707871	3.747749957256019	2.9514579800888896	0.0	97.3421250237152	1162.6347381783994	0.9997901801630333	0.01125276181846857	0.0011441691312938929	-1.0	/Users/dennisonbertram/Develop/flipbook-research/outputs/track-b/20260427T023150Z-track-b-hybrid-sweep-microtext-f121-p2x1-crf28-r1-960x540/output.mp4	/Users/dennisonbertram/Develop/flipbook-research/outputs/track-b/20260427T023150Z-track-b-hybrid-sweep-microtext-f121-p2x1-crf28-r1-960x540/contact-sheet.jpg
20260427T022749Z	microtext	/Users/dennisonbertram/Develop/flipbook-research/fixtures/track-d/pages/trackd-0006-microtext.png	960x540	121	24	3.0	1.5	18	0	20260427T023151Z-track-b-hybrid-sweep-microtext-f121-p3x1-5-crf18-r0-960x540	pass	108.88641595374793	3.895792062394321	3.1784590100869536	0.0	101.77320893853903	1111.2497269760224	0.9993981014183512	0.019911756739020348	0.0005743539659306407	-1.0	/Users/dennisonbertram/Develop/flipbook-research/outputs/track-b/20260427T023151Z-track-b-hybrid-sweep-microtext-f121-p3x1-5-crf18-r0-960x540/output.mp4	/Users/dennisonbertram/Develop/flipbook-research/outputs/track-b/20260427T023151Z-track-b-hybrid-sweep-microtext-f121-p3x1-5-crf18-r0-960x540/contact-sheet.jpg
20260427T022749Z	microtext	/Users/dennisonbertram/Develop/flipbook-research/fixtures/track-d/pages/trackd-0006-microtext.png	960x540	121	24	3.0	1.5	18	1	20260427T023151Z-track-b-hybrid-sweep-microtext-f121-p3x1-5-crf18-r1-960x540	pass	108.6016659392044	3.9928751066327095	2.863791072741151	0.0	101.7162089701742	1114.1633873990131	0.9993981014183512	0.019911756739020348	0.0005743539659306407	-1.0	/Users/dennisonbertram/Develop/flipbook-research/outputs/track-b/20260427T023151Z-track-b-hybrid-sweep-microtext-f121-p3x1-5-crf18-r1-960x540/output.mp4	/Users/dennisonbertram/Develop/flipbook-research/outputs/track-b/20260427T023151Z-track-b-hybrid-sweep-microtext-f121-p3x1-5-crf18-r1-960x540/contact-sheet.jpg
20260427T022749Z	microtext	/Users/dennisonbertram/Develop/flipbook-research/fixtures/track-d/pages/trackd-0006-microtext.png	960x540	121	24	3.0	1.5	23	0	20260427T023152Z-track-b-hybrid-sweep-microtext-f121-p3x1-5-crf23-r0-960x540	pass	107.51024994533509	3.64891707431525	2.879292005673051	0.0	100.95120803453028	1125.4740832760033	0.9993994447755061	0.0199009757488966	0.0007545842090621591	-1.0	/Users/dennisonbertram/Develop/flipbook-research/outputs/track-b/20260427T023152Z-track-b-hybrid-sweep-microtext-f121-p3x1-5-crf23-r0-960x540/output.mp4	/Users/dennisonbertram/Develop/flipbook-research/outputs/track-b/20260427T023152Z-track-b-hybrid-sweep-microtext-f121-p3x1-5-crf23-r0-960x540/contact-sheet.jpg
20260427T022749Z	microtext	/Users/dennisonbertram/Develop/flipbook-research/fixtures/track-d/pages/trackd-0006-microtext.png	960x540	121	24	3.0	1.5	23	1	20260427T023152Z-track-b-hybrid-sweep-microtext-f121-p3x1-5-crf23-r1-960x540	pass	111.6369579685852	4.167665960267186	3.3080000430345535	0.0	104.12475001066923	1083.870451164117	0.9993994447755061	0.0199009757488966	0.0007545842090621591	-1.0	/Users/dennisonbertram/Develop/flipbook-research/outputs/track-b/20260427T023152Z-track-b-hybrid-sweep-microtext-f121-p3x1-5-crf23-r1-960x540/output.mp4	/Users/dennisonbertram/Develop/flipbook-research/outputs/track-b/20260427T023152Z-track-b-hybrid-sweep-microtext-f121-p3x1-5-crf23-r1-960x540/contact-sheet.jpg
20260427T022749Z	microtext	/Users/dennisonbertram/Develop/flipbook-research/fixtures/track-d/pages/trackd-0006-microtext.png	960x540	121	24	3.0	1.5	28	0	20260427T023153Z-track-b-hybrid-sweep-microtext-f121-p3x1-5-crf28-r0-960x540	pass	101.75170795992017	4.049750044941902	2.950125024653971	0.0	94.71870795823634	1189.1692279766125	0.9993961731611147	0.020082153379917145	0.0010683323489502072	-1.0	/Users/dennisonbertram/Develop/flipbook-research/outputs/track-b/20260427T023153Z-track-b-hybrid-sweep-microtext-f121-p3x1-5-crf28-r0-960x540/output.mp4	/Users/dennisonbertram/Develop/flipbook-research/outputs/track-b/20260427T023153Z-track-b-hybrid-sweep-microtext-f121-p3x1-5-crf28-r0-960x540/contact-sheet.jpg
20260427T022749Z	microtext	/Users/dennisonbertram/Develop/flipbook-research/fixtures/track-d/pages/trackd-0006-microtext.png	960x540	121	24	3.0	1.5	28	1	20260427T023153Z-track-b-hybrid-sweep-microtext-f121-p3x1-5-crf28-r1-960x540	pass	102.41749999113381	3.750417032279074	2.6941660325974226	0.0	95.94054194167256	1181.4387190712023	0.9993961731611147	0.020082153379917145	0.0010683323489502072	-1.0	/Users/dennisonbertram/Develop/flipbook-research/outputs/track-b/20260427T023153Z-track-b-hybrid-sweep-microtext-f121-p3x1-5-crf28-r1-960x540/output.mp4	/Users/dennisonbertram/Develop/flipbook-research/outputs/track-b/20260427T023153Z-track-b-hybrid-sweep-microtext-f121-p3x1-5-crf28-r1-960x540/contact-sheet.jpg
